comp_time,time,trial_id,frame,success,visible,x,y,z,roll,yaw,pitch,rearing,goal_x,goal_z,session_id
1642678149.32,0.0,0,0,1,1,-0.1779456468229818,0.684946686029,-0.5380195621947784,17.2198771956,130.408251052,1.6266386250954998,1,-0.2224631982279047,-0.5067650989223935,20220120-122427
1642678149.34,0.019999980926513672,0,1,1,1,-0.1761451659918122,0.677317082882,-0.5348511678256199,15.8623108973,137.391134362,-1.96887741587,1,-0.2224631982279047,-0.5067650989223935,20220120-122427
1642678149.36,0.039999961853027344,0,2,1,1,-0.1734375866621103,0.669224381447,-0.5318525749185992,11.6222041416,142.254632983,-6.7521980862,0,-0.2224631982279047,-0.5067650989223935,20220120-122427
1642678149.38,0.06000018119812012,0,3,1,1,-0.1712141370145407,0.657546788454,-0.5275008627520544,10.05106309954,145.5917857315,-10.94534337308,0,-0.2224631982279047,-0.5067650989223935,20220120-122427
1642678149.4,0.08000016212463379,0,4,1,1,-0.1684497303722732,0.6496011316779999,-0.5246209183629413,9.22504617915,146.075703404,-14.109202558100002,0,-0.2224631982279047,-0.5067650989223935,20220120-122427
1642678149.42,0.10000014305114746,0,5,1,1,-0.1629716406045225,0.637220144272,-0.5203873723285387,10.7405676441,148.538730083,-18.9807818862,0,-0.2224631982279047,-0.5067650989223935,20220120-122427
1642678149.44,0.12000012397766113,0,6,1,1,-0.1575684356532689,0.629281282425,-0.5170756347094184,10.5427196795,152.492586791,-20.8637121992,0,-0.2224631982279047,-0.5067650989223935,20220120-122427
1642678149.46,0.1400001049041748,0,7,1,1,-0.1493785679346724,0.621537864208,-0.5139417958023326,8.60945583712,158.158993365,-23.2579531251,0,-0.2224631982279047,-0.5067650989223935,20220120-122427
1642678149.48,0.16000008583068848,0,8,1,1,-0.1373319473017096,0.6106921136379999,-0.5091652258467796,10.11833485925,171.1165376785,-26.2149067179,0,-0.2224631982279047,-0.5067650989223935,20220120-122427
1642678149.5,0.18000006675720215,0,9,1,1,-0.128590083085911,0.6041687726975,-0.5063585128615302,8.816546221725,-1.162267922500007,-29.10959653225,0,-0.2224631982279047,-0.5067650989223935,20220120-122427
1642678149.52,0.20000004768371582,0,10,1,1,-0.1169171826282412,0.596537172794,-0.5021750175608568,8.32986255569,-170.362800765,-32.2096723187,0,-0.2224631982279047,-0.5067650989223935,20220120-122427
1642678149.54,0.2200000286102295,0,11,1,1,-0.1078352564619875,0.594028353691,-0.5005185301317909,6.21899485937,-164.343862941,-32.1387861356,0,-0.2224631982279047,-0.5067650989223935,20220120-122427
1642678149.56,0.24000000953674316,0,12,1,1,-0.101004700553765,0.592675924301,-0.4997378843641558,6.33113531612,-160.614641993,-31.6260756458,0,-0.2224631982279047,-0.5067650989223935,20220120-122427
1642678149.58,0.25999999046325684,0,13,1,1,-0.0927071660243874,0.5938721299175,-0.4992728332214185,7.138891158650001,-158.811162164,-27.46667573635,0,-0.2224631982279047,-0.5067650989223935,20220120-122427
1642678149.6,0.2799999713897705,0,14,1,1,-0.0872062229742319,0.595795571804,-0.4998838687499032,6.891038378995001,-157.7842367125,-24.36570794945,0,-0.2224631982279047,-0.5067650989223935,20220120-122427
1642678149.62,0.2999999523162842,0,15,1,1,-0.079617207445468,0.599627137184,-0.5022999264976018,6.03794607586,-155.544553119,-21.454341684,0,-0.2224631982279047,-0.5067650989223935,20220120-122427
1642678149.64,0.32000017166137695,0,16,1,1,-0.0768617684019899,0.601568222046,-0.5036675997027887,9.89128534303,-152.376088627,-20.5029226321,0,-0.2224631982279047,-0.5067650989223935,20220120-122427
1642678149.66,0.3400001525878906,0,17,1,1,-0.0700831881493646,0.605340242386,-0.5072099849112556,6.05928529295,-149.455127688,-19.3799190398,0,-0.2224631982279047,-0.5067650989223935,20220120-122427
1642678149.68,0.3600001335144043,0,18,1,1,-0.0625083809014684,0.6100705862044999,-0.5104923977156005,6.232901908924999,-144.57479253600002,-17.37264089755,0,-0.2224631982279047,-0.5067650989223935,20220120-122427
1642678149.7,0.38000011444091797,0,19,1,1,-0.0572344803641316,0.61390504241,-0.5133575219734986,6.196628069445,-140.58821848050002,-15.36022538675,0,-0.2224631982279047,-0.5067650989223935,20220120-122427
1642678149.72,0.40000009536743164,0,20,1,1,-0.0503281060457872,0.621365725994,-0.5186926472056546,6.31655903406,-133.946209766,-10.9459586878,0,-0.2224631982279047,-0.5067650989223935,20220120-122427
1642678149.74,0.4200000762939453,0,21,1,1,-0.047751703902742,0.625863134861,-0.5210259810535169,6.85412204481,-131.718747486,-9.6541634465,0,-0.2224631982279047,-0.5067650989223935,20220120-122427
1642678149.76,0.440000057220459,0,22,1,1,-0.0456189722326637,0.63026368618,-0.523094857965954,5.41334678332,-131.69665311,-9.01350655762,1,-0.2224631982279047,-0.5067650989223935,20220120-122427
1642678149.78,0.46000003814697266,0,23,1,1,-0.0436527899407341,0.6363957822324999,-0.5261815076532013,6.27241630402,-130.8117787355,-7.992966274595,1,-0.2224631982279047,-0.5067650989223935,20220120-122427
1642678149.8,0.48000001907348633,0,24,1,1,-0.0426703622787759,0.6403359770774999,-0.5287440702860698,5.241534617705,-130.210906176,-6.89055593944,1,-0.2224631982279047,-0.5067650989223935,20220120-122427
1642678149.82,0.5,0,25,1,1,-0.0420080740328117,0.645080804825,-0.5313527176006073,4.07389850975,-130.530031889,-5.65114430887,1,-0.2224631982279047,-0.5067650989223935,20220120-122427
1642678149.84,0.5199999809265137,0,26,1,1,-0.0414347326526677,0.647958099842,-0.532735196952409,4.12368250021,-130.744877483,-5.86242192178,1,-0.2224631982279047,-0.5067650989223935,20220120-122427
1642678149.86,0.5399999618530273,0,27,1,1,-0.0405992077233035,0.651302874088,-0.5347818179781851,3.74284079607,-130.252766232,-4.25586717874,1,-0.2224631982279047,-0.5067650989223935,20220120-122427
1642678149.88,0.5600001811981201,0,28,1,1,-0.0396950763752047,0.6570506095885,-0.5380368122788122,3.475264351315,-130.54127506,-0.539011323805,1,-0.2224631982279047,-0.5067650989223935,20220120-122427
1642678149.9,0.5800001621246338,0,29,1,1,-0.0391676790888377,0.661304563284,-0.5408437047306058,3.501021537195,-130.812650694,1.526183213225,1,-0.2224631982279047,-0.5067650989223935,20220120-122427
1642678149.92,0.6000001430511475,0,30,1,1,-0.0387401302269462,0.668425559998,-0.5454464851767975,6.2293881614,-130.508939508,4.7167471549,1,-0.2224631982279047,-0.5067650989223935,20220120-122427
1642678149.94,0.6200001239776611,0,31,1,1,-0.0384318546376005,0.672503888607,-0.549044941211565,5.2770790385,-130.546050624,3.26514793568,1,-0.2224631982279047,-0.5067650989223935,20220120-122427
1642678149.96,0.6400001049041748,0,32,1,1,-0.038550276790141,0.677426099777,-0.5513333818998208,5.53612031966,-130.939605195,2.78084247646,1,-0.2224631982279047,-0.5067650989223935,20220120-122427
1642678149.98,0.6600000858306885,0,33,1,1,-0.0391497767316711,0.6843846440315,-0.5544648440803293,5.550462248135,-131.66179534399998,2.75423244605,1,-0.2224631982279047,-0.5067650989223935,20220120-122427
1642678150.0,0.6800000667572021,0,34,1,1,-0.0400513236663257,0.688297778368,-0.5571820402128485,4.907070168384999,-131.717280209,1.907440262075,1,-0.2224631982279047,-0.5067650989223935,20220120-122427
1642678150.02,0.7000000476837158,0,35,1,1,-0.041096530970089,0.695024192333,-0.5608846379158153,6.33996322942,-131.502289281,3.80618848587,1,-0.2224631982279047,-0.5067650989223935,20220120-122427
1642678150.04,0.7200000286102295,0,36,1,1,-0.0427135670477225,0.698939919472,-0.5643013805997995,7.21075610664,-131.624016333,5.09507740456,1,-0.2224631982279047,-0.5067650989223935,20220120-122427
1642678150.06,0.7400000095367432,0,37,1,1,-0.0442752554397967,0.70344877243,-0.5678426324541455,6.87038478122,-131.874259958,6.87241741505,1,-0.2224631982279047,-0.5067650989223935,20220120-122427
1642678150.08,0.7599999904632568,0,38,1,1,-0.0468035403456268,0.7099170684814999,-0.5724499263519227,8.41161992475,-132.824790197,11.119604872435,1,-0.2224631982279047,-0.5067650989223935,20220120-122427
1642678150.1,0.7799999713897705,0,39,1,1,-0.04826028844572,0.713094085455,-0.5754293000914884,9.103441030065,-132.903821457,13.3022140222,1,-0.2224631982279047,-0.5067650989223935,20220120-122427
1642678150.12,0.7999999523162842,0,40,1,1,-0.0504607789388575,0.715331554413,-0.5789301733490287,9.22270297226,-132.70112868,14.2249310146,1,-0.2224631982279047,-0.5067650989223935,20220120-122427
1642678150.14,0.820000171661377,0,41,1,1,-0.0517825700655132,0.715928852558,-0.5802934440698483,9.38050833417,-132.300254689,14.5670315142,1,-0.2224631982279047,-0.5067650989223935,20220120-122427
1642678150.16,0.8400001525878906,0,42,1,1,-0.053599279702226,0.71469527483,-0.5805975052312378,8.82039896798,-132.638193978,12.9450256093,1,-0.2224631982279047,-0.5067650989223935,20220120-122427
1642678150.18,0.8600001335144043,0,43,1,1,-0.0545369126497438,0.7120254039764999,-0.5807828645485309,5.348361828985,-132.3109330585,9.994769634815,1,-0.2224631982279047,-0.5067650989223935,20220120-122427
1642678150.2,0.880000114440918,0,44,1,1,-0.0543943098402178,0.7099957168105,-0.5804090351218518,6.028824403505,-131.37560336950003,7.770035582395,1,-0.2224631982279047,-0.5067650989223935,20220120-122427
1642678150.22,0.9000000953674316,0,45,1,1,-0.0539131770281511,0.706075787544,-0.5803887116494688,6.2199744319,-129.454611572,3.73296419763,1,-0.2224631982279047,-0.5067650989223935,20220120-122427
1642678150.24,0.9200000762939453,0,46,1,1,-0.0540281344485737,0.703999340534,-0.5793756239053791,7.10588297588,-129.030798563,2.33768032339,1,-0.2224631982279047,-0.5067650989223935,20220120-122427
1642678150.26,0.940000057220459,0,47,1,1,-0.0547371177583507,0.701425731182,-0.5796961592423095,6.81388736676,-128.803782745,0.685257011496,1,-0.2224631982279047,-0.5067650989223935,20220120-122427
1642678150.28,0.9600000381469727,0,48,1,1,-0.054739236437097,0.6968133747575,-0.5809448350279989,7.839194075025,-125.285133622,1.33080579822,1,-0.2224631982279047,-0.5067650989223935,20220120-122427
1642678150.3,0.9800000190734863,0,49,1,1,-0.0547623610433751,0.691363930702,-0.5826503844863766,6.645085293655,-122.2578887155,-1.96910285357,1,-0.2224631982279047,-0.5067650989223935,20220120-122427
1642678150.32,1.0,0,50,1,1,-0.0531861857810265,0.682455480099,-0.5846996642510434,6.68497611123,-114.949560886,-5.46200886618,1,-0.2224631982279047,-0.5067650989223935,20220120-122427
1642678150.34,1.0199999809265137,0,51,1,1,-0.0517018041403992,0.675827085972,-0.5851307186205087,10.1601450626,-108.397019491,-5.4889547157,1,-0.2224631982279047,-0.5067650989223935,20220120-122427
1642678150.36,1.0399999618530273,0,52,1,1,-0.0514215737525696,0.668504834175,-0.5874293949576105,8.17253647637,-103.111891028,-6.1237746493,1,-0.2224631982279047,-0.5067650989223935,20220120-122427
1642678150.38,1.0600001811981201,0,53,1,1,-0.0529799148400006,0.658803552389,-0.5891584720903117,6.906741390245,-99.82733610525,-4.23609032577,1,-0.2224631982279047,-0.5067650989223935,20220120-122427
1642678150.4,1.0800001621246338,0,54,1,1,-0.0541710007988252,0.6524678468705001,-0.5910168450942708,4.493420775735,-98.72153159765,-3.24914771262,1,-0.2224631982279047,-0.5067650989223935,20220120-122427
1642678150.42,1.1000001430511475,0,55,1,1,-0.0540993034708988,0.64288443327,-0.5945322370143868,3.07685871908,-97.0467274712,-4.29830935928,1,-0.2224631982279047,-0.5067650989223935,20220120-122427
1642678150.44,1.1200001239776611,0,56,1,1,-0.052369743898066,0.637514829636,-0.599030706153153,2.34987800871,-94.6644629454,-6.08523734012,1,-0.2224631982279047,-0.5067650989223935,20220120-122427
1642678150.46,1.1400001049041748,0,57,1,1,-0.050821686245024,0.633796930313,-0.6049057630931663,2.768830634,-91.1861802564,-7.07099842899,1,-0.2224631982279047,-0.5067650989223935,20220120-122427
1642678150.48,1.1600000858306885,0,58,1,1,-0.0500211122807911,0.6311045587065001,-0.6139011353567698,4.094318732655,-87.0941320771,-8.058633977325,1,-0.2224631982279047,-0.5067650989223935,20220120-122427
1642678150.5,1.1800000667572021,0,59,1,1,-0.0504641479301319,0.6307808458805,-0.6198287822753511,5.469109636340001,-84.51409567955,-6.77673820668,1,-0.2224631982279047,-0.5067650989223935,20220120-122427
1642678150.52,1.2000000476837158,0,60,1,1,-0.053411796249631,0.632118463516,-0.6303716456559152,4.03351209118,-79.6079027657,-4.68819060416,1,-0.2224631982279047,-0.5067650989223935,20220120-122427
1642678150.54,1.2200000286102295,0,61,1,1,-0.0553678616656481,0.634433209896,-0.6358827212117635,5.67128370352,-76.0764318127,-2.8597662937,1,-0.2224631982279047,-0.5067650989223935,20220120-122427
1642678150.56,1.2400000095367432,0,62,1,1,-0.0568378242676836,0.638050794601,-0.6414968442498865,4.74284116283,-73.6647609271,-0.686982023986,1,-0.2224631982279047,-0.5067650989223935,20220120-122427
1642678150.58,1.2599999904632568,0,63,1,1,-0.0585159740522143,0.643950521946,-0.6480596717617846,4.206575254025,-71.67043718605,0.456331486731,1,-0.2224631982279047,-0.5067650989223935,20220120-122427
1642678150.6,1.2799999713897705,0,64,1,1,-0.059618458898151,0.647888660431,-0.6513966321064485,4.8913999203,-71.35468662299999,1.224743353374,1,-0.2224631982279047,-0.5067650989223935,20220120-122427
1642678150.62,1.2999999523162842,0,65,1,1,-0.0631188176402815,0.654014885426,-0.6561059543182588,3.73881535953,-70.3591144074,2.37786325857,1,-0.2224631982279047,-0.5067650989223935,20220120-122427
1642678150.64,1.320000171661377,0,66,1,1,-0.06624671822165,0.65821492672,-0.6580290389788506,4.53623376796,-69.9303455205,3.79848642039,1,-0.2224631982279047,-0.5067650989223935,20220120-122427
1642678150.66,1.3400001525878906,0,67,1,1,-0.0692143536905603,0.663366019726,-0.6595424046395711,5.46862431954,-69.7659452451,6.8442746133,1,-0.2224631982279047,-0.5067650989223935,20220120-122427
1642678150.68,1.3600001335144043,0,68,1,1,-0.0735261269765191,0.670343786478,-0.6609908313356534,4.982593218065,-69.8332991857,7.132883221175,1,-0.2224631982279047,-0.5067650989223935,20220120-122427
1642678150.7,1.380000114440918,0,69,1,1,-0.0753294263899295,0.6748445332049999,-0.6618912910118008,3.858152166205,-69.86530668305,6.63245266795,1,-0.2224631982279047,-0.5067650989223935,20220120-122427
1642678150.72,1.4000000953674316,0,70,1,1,-0.0779710186236875,0.680750787258,-0.6630674235584072,2.73792348344,-69.2754977966,4.3622905526,1,-0.2224631982279047,-0.5067650989223935,20220120-122427
1642678150.74,1.4200000762939453,0,71,1,1,-0.0800853235772209,0.684239268303,-0.6635373860912654,3.02931676822,-69.2786412928,4.24991803679,1,-0.2224631982279047,-0.5067650989223935,20220120-122427
1642678150.76,1.440000057220459,0,72,1,1,-0.0827170192461203,0.6878439188,-0.6639102405302162,2.55229670199,-70.1133622036,6.32534726048,1,-0.2224631982279047,-0.5067650989223935,20220120-122427
1642678150.78,1.4600000381469727,0,73,1,1,-0.0879483794087595,0.6924579143525,-0.6634235280860034,2.523138496615,-71.685769558,9.300124581115,1,-0.2224631982279047,-0.5067650989223935,20220120-122427
1642678150.8,1.4800000190734863,0,74,1,1,-0.0909671876413261,0.6952430903915,-0.6630805959108527,3.148726204745,-72.49475594565001,11.78276281945,1,-0.2224631982279047,-0.5067650989223935,20220120-122427
1642678150.82,1.5,0,75,1,1,-0.0944396544411773,0.698703110218,-0.6631449916605711,3.53800250272,-72.2606506071,13.940652661,1,-0.2224631982279047,-0.5067650989223935,20220120-122427
1642678150.84,1.5199999809265137,0,76,1,1,-0.0954420017680554,0.700544178486,-0.663262992470568,4.06160146646,-71.6031815305,13.7227075852,1,-0.2224631982279047,-0.5067650989223935,20220120-122427
1642678150.86,1.5399999618530273,0,77,1,1,-0.0953036670511507,0.702001392841,-0.6634909766996178,3.4603010979,-71.707593293,13.6071542787,1,-0.2224631982279047,-0.5067650989223935,20220120-122427
1642678150.88,1.5600001811981201,0,78,1,1,-0.094235242852462,0.7023628354075,-0.6636064422729693,2.16085333829,-71.90117164415,10.53375655072,1,-0.2224631982279047,-0.5067650989223935,20220120-122427
1642678150.9,1.5800001621246338,0,79,1,1,-0.0931140294834545,0.7021399140360001,-0.6634106673158976,2.1745759537,-72.2952342891,8.92805294891,1,-0.2224631982279047,-0.5067650989223935,20220120-122427
1642678150.92,1.6000001430511475,0,80,1,1,-0.0916620201474715,0.702159464359,-0.6626673864542771,3.08364077476,-73.3738098098,9.22063333582,1,-0.2224631982279047,-0.5067650989223935,20220120-122427
1642678150.94,1.6200001239776611,0,81,1,1,-0.0918932985037249,0.702153980732,-0.6626420173338001,1.83133419225,-73.8936497983,10.051087619,1,-0.2224631982279047,-0.5067650989223935,20220120-122427
1642678150.96,1.6400001049041748,0,82,1,1,-0.0923831384273654,0.702578127384,-0.6617218779411997,3.08261832539,-74.338453521,11.9998443899,1,-0.2224631982279047,-0.5067650989223935,20220120-122427
1642678150.98,1.6600000858306885,0,83,1,1,-0.0933896259022153,0.703865200281,-0.6608820524812337,3.330888705245,-74.88037172775,15.35016972655,1,-0.2224631982279047,-0.5067650989223935,20220120-122427
1642678151.0,1.6800000667572021,0,84,1,1,-0.0937494957610972,0.7047071456909999,-0.6601743432892663,3.831767842675,-75.08608575655,16.860535762700003,1,-0.2224631982279047,-0.5067650989223935,20220120-122427
1642678151.02,1.7000000476837158,0,85,1,1,-0.093614915766926,0.704824030399,-0.6591997531037462,2.72487377927,-75.2190055278,15.7176463322,1,-0.2224631982279047,-0.5067650989223935,20220120-122427
1642678151.04,1.7200000286102295,0,86,1,1,-0.0927145445407991,0.704398453236,-0.6580703204900656,2.98949494229,-75.7274453682,13.4902910951,1,-0.2224631982279047,-0.5067650989223935,20220120-122427
1642678151.06,1.7400000095367432,0,87,1,1,-0.0913827435981454,0.704035520554,-0.6572525743436497,2.57203675386,-76.1319021373,11.8565444309,1,-0.2224631982279047,-0.5067650989223935,20220120-122427
1642678151.08,1.7599999904632568,0,88,1,1,-0.0892788040407795,0.7032236158845,-0.6554247286634225,2.819430247335,-77.2577919405,9.283542210935,1,-0.2224631982279047,-0.5067650989223935,20220120-122427
1642678151.1,1.7799999713897705,0,89,1,1,-0.0881035340702054,0.7025268375875,-0.6539950139401276,3.144927159225,-78.03838032695,7.836999314094999,1,-0.2224631982279047,-0.5067650989223935,20220120-122427
1642678151.12,1.7999999523162842,0,90,1,1,-0.0865870712452883,0.701900839806,-0.6517471713631927,1.10746701187,-80.155221271,7.58475171636,1,-0.2224631982279047,-0.5067650989223935,20220120-122427
1642678151.14,1.820000171661377,0,91,1,1,-0.0858546611680402,0.701062500477,-0.6491954148273918,1.98268614912,-82.4844539929,6.82854226872,1,-0.2224631982279047,-0.5067650989223935,20220120-122427
1642678151.16,1.8400001525878906,0,92,1,1,-0.0848383044345236,0.700507640839,-0.6474954284044556,1.16725158901,-84.417943714,7.03783145066,1,-0.2224631982279047,-0.5067650989223935,20220120-122427
1642678151.18,1.8600001335144043,0,93,1,1,-0.0833678687746466,0.699509948492,-0.6456599792723329,-0.06447834550075,-85.62554692239999,6.310940007705,1,-0.2224631982279047,-0.5067650989223935,20220120-122427
1642678151.2,1.880000114440918,0,94,1,1,-0.082234694766607,0.699027061462,-0.6442801173976714,-0.18871098433475,-86.0640098608,5.966079701185,1,-0.2224631982279047,-0.5067650989223935,20220120-122427
1642678151.22,1.9000000953674316,0,95,1,1,-0.0808602868886648,0.698679685593,-0.6419314778949008,0.551969713917,-86.9058470684,5.06455443657,1,-0.2224631982279047,-0.5067650989223935,20220120-122427
1642678151.24,1.9200000762939453,0,96,1,1,-0.0806008542513452,0.698492109776,-0.6406297559785883,0.400434823358,-87.6202714722,4.91411707174,1,-0.2224631982279047,-0.5067650989223935,20220120-122427
1642678151.26,1.940000057220459,0,97,1,1,-0.0806249529180882,0.699130237103,-0.6401530250495169,-1.75240857704,-88.3219301431,6.76322096581,1,-0.2224631982279047,-0.5067650989223935,20220120-122427
1642678151.28,1.9600000381469727,0,98,1,1,-0.0820481815806375,0.7005184292794999,-0.6389287135751234,-2.255298540205,-89.82038460855,9.424160609215,1,-0.2224631982279047,-0.5067650989223935,20220120-122427
1642678151.3,1.9800000190734863,0,99,1,1,-0.0834442038489799,0.7013574242595,-0.6378452455255134,-2.011356011335,-91.04584273845,10.29298477655,1,-0.2224631982279047,-0.5067650989223935,20220120-122427
1642678151.32,2.0,0,100,1,1,-0.0850682600346049,0.7028388381,-0.6365932905203473,-3.32318912601,-92.4931008645,12.6301127675,1,-0.2224631982279047,-0.5067650989223935,20220120-122427
1642678151.34,2.0199999809265137,0,101,1,1,-0.0867457379205376,0.70243871212,-0.6354107022889868,-3.0700738785,-93.7952841595,10.6551197343,1,-0.2224631982279047,-0.5067650989223935,20220120-122427
1642678151.36,2.0399999618530273,0,102,1,1,-0.0878942226555942,0.702107012272,-0.6344314151786205,-2.95171349933,-94.478976252,9.42202840017,1,-0.2224631982279047,-0.5067650989223935,20220120-122427
1642678151.38,2.06000018119812,0,103,1,1,-0.0900891206190684,0.702137261629,-0.6324510766879575,-3.70262770223,-97.0566009959,10.62671704235,1,-0.2224631982279047,-0.5067650989223935,20220120-122427
1642678151.4,2.080000162124634,0,104,1,1,-0.0926977872915695,0.702486813068,-0.6302824200097299,-5.18641877753,-101.42002097285,12.2615821757,1,-0.2224631982279047,-0.5067650989223935,20220120-122427
1642678151.42,2.1000001430511475,0,105,1,1,-0.0974426144999229,0.703175246716,-0.6267470544075571,-7.30432186167,-109.181929294,13.9411235712,1,-0.2224631982279047,-0.5067650989223935,20220120-122427
1642678151.44,2.120000123977661,0,106,1,1,-0.1002420833424397,0.703418850899,-0.6253836848621798,-8.1978271179,-112.619540939,13.5437053184,1,-0.2224631982279047,-0.5067650989223935,20220120-122427
1642678151.46,2.140000104904175,0,107,1,1,-0.102314174369437,0.704748809338,-0.6242795514421062,-6.24817547606,-114.49811778,15.5249924424,1,-0.2224631982279047,-0.5067650989223935,20220120-122427
1642678151.48,2.1600000858306885,0,108,1,1,-0.1048826979691949,0.7071169912815001,-0.6242595610044324,-5.47047667642,-116.2955750125,16.55756660725,1,-0.2224631982279047,-0.5067650989223935,20220120-122427
1642678151.5,2.180000066757202,0,109,1,1,-0.1065632368387076,0.708794206381,-0.6240233366897247,-5.541086522305,-117.607343464,17.1210107834,1,-0.2224631982279047,-0.5067650989223935,20220120-122427
1642678151.52,2.200000047683716,0,110,1,1,-0.1098847632319976,0.711311221123,-0.6234826077929906,-5.50753677267,-120.703060452,17.4538897611,1,-0.2224631982279047,-0.5067650989223935,20220120-122427
1642678151.54,2.2200000286102295,0,111,1,1,-0.1121054340893084,0.714252650738,-0.62360341508006,-4.9014255103,-122.47711813,19.8430720966,1,-0.2224631982279047,-0.5067650989223935,20220120-122427
1642678151.56,2.240000009536743,0,112,1,1,-0.11446713995103,0.71717107296,-0.6252989020933467,-4.42410612242,-122.51267832,22.426797032,1,-0.2224631982279047,-0.5067650989223935,20220120-122427
1642678151.58,2.259999990463257,0,113,1,1,-0.117658124390869,0.7220315635205,-0.6292069586843437,-4.15836499616,-122.4360665395,26.704413855650003,1,-0.2224631982279047,-0.5067650989223935,20220120-122427
1642678151.6,2.2799999713897705,0,114,1,1,-0.119333917873703,0.724592000246,-0.63144481851854,-2.8373473231500004,-122.9380053195,28.8055659227,1,-0.2224631982279047,-0.5067650989223935,20220120-122427
1642678151.62,2.299999952316284,0,115,1,1,-0.1207879523048178,0.726559042931,-0.6342403827718849,-2.24590295621,-123.472207032,29.0033747332,1,-0.2224631982279047,-0.5067650989223935,20220120-122427
1642678151.64,2.320000171661377,0,116,1,1,-0.1209504697614491,0.726345300674,-0.6347997266438934,-2.48275969448,-123.284143374,28.0381802857,1,-0.2224631982279047,-0.5067650989223935,20220120-122427
1642678151.66,2.3400001525878906,0,117,1,1,-0.1211605025059104,0.724452376366,-0.6334868998367295,-1.9293235826,-124.212089451,25.6867466129,1,-0.2224631982279047,-0.5067650989223935,20220120-122427
1642678151.68,2.3600001335144043,0,118,1,1,-0.1192320573158328,0.7187589108945001,-0.6299232968734935,-3.897503433055,-124.824924874,17.2788805824,1,-0.2224631982279047,-0.5067650989223935,20220120-122427
1642678151.7,2.380000114440918,0,119,1,1,-0.1169779382014576,0.7135933041575,-0.625745925706731,-4.7120332279,-126.2022387635,10.90449461978,1,-0.2224631982279047,-0.5067650989223935,20220120-122427
1642678151.72,2.4000000953674316,0,120,1,1,-0.1138665954210116,0.703329920769,-0.617799045555794,-5.65508591477,-130.228279832,0.438970553124,1,-0.2224631982279047,-0.5067650989223935,20220120-122427
1642678151.74,2.4200000762939453,0,121,1,1,-0.1115617669877307,0.696743249893,-0.6121395348678264,-7.66556628718,-132.659011051,-4.24344787342,1,-0.2224631982279047,-0.5067650989223935,20220120-122427
1642678151.76,2.440000057220459,0,122,1,1,-0.1099154885041127,0.68806374073,-0.606461854056871,-9.41469190392,-135.675456998,-10.2429040737,1,-0.2224631982279047,-0.5067650989223935,20220120-122427
1642678151.78,2.4600000381469727,0,123,1,1,-0.1071882451393626,0.6723770201205,-0.5977583607592492,-10.39899889065,-139.98888929100002,-20.6875267697,1,-0.2224631982279047,-0.5067650989223935,20220120-122427
1642678151.8,2.4800000190734863,0,124,1,1,-0.1054604277373977,0.6601634323595,-0.5917463474289285,-9.815378829515,-141.866798777,-27.6518886835,1,-0.2224631982279047,-0.5067650989223935,20220120-122427
1642678151.82,2.5,0,125,1,1,-0.1024137501651168,0.640372812748,-0.5833961875205667,-9.23869329197,-144.125719794,-36.7098952604,1,-0.2224631982279047,-0.5067650989223935,20220120-122427
1642678151.84,2.5199999809265137,0,126,1,1,-0.1006020328607252,0.626186966896,-0.579340171961629,-9.49845407504,-146.338021729,-43.2161241571,1,-0.2224631982279047,-0.5067650989223935,20220120-122427
1642678151.86,2.5399999618530273,0,127,1,1,-0.0985084867458311,0.611837148666,-0.5750093808327971,-9.22617454168,-148.093479105,-47.8832019596,1,-0.2224631982279047,-0.5067650989223935,20220120-122427
1642678151.88,2.56000018119812,0,128,1,1,-0.0965491107079884,0.589714229107,-0.5702060112621599,-7.274394777579999,-150.089582258,-56.4635285446,1,-0.2224631982279047,-0.5067650989223935,20220120-122427
1642678151.9,2.580000162124634,0,129,1,1,-0.0947636572013276,0.5753501057624999,-0.567590619379976,-6.536401367305,-151.675218304,-61.6491701413,1,-0.2224631982279047,-0.5067650989223935,20220120-122427
1642678151.92,2.6000001430511475,0,130,1,1,-0.1041152741617141,0.5558770895,-0.5721874530443323,4.22789942716,-150.999149323,-83.528887387,1,-0.2224631982279047,-0.5067650989223935,20220120-122427
1642678151.94,2.620000123977661,0,131,1,1,-0.0882566643121728,0.542342841625,-0.5595645180328805,-5.90280958942,-151.565935522,-66.0189561721,1,-0.2224631982279047,-0.5067650989223935,20220120-122427
1642678151.96,2.640000104904175,0,132,1,1,-0.0855486396752015,0.531008720398,-0.5591813501020194,-7.30335547875,-153.06847091,-72.1293894248,1,-0.2224631982279047,-0.5067650989223935,20220120-122427
1642678151.98,2.6600000858306885,0,133,1,1,-0.0814777558704113,0.5140355825425,-0.5553265671897946,-6.20751665318,-154.917899931,-78.3479099359,1,-0.2224631982279047,-0.5067650989223935,20220120-122427
1642678152.0,2.680000066757202,0,134,1,1,-0.0783291950959804,0.50416444242,-0.5514620608788545,-6.255619746925,-153.0806778215,-79.8956853034,1,-0.2224631982279047,-0.5067650989223935,20220120-122427
1642678152.02,2.700000047683716,0,135,1,1,-0.0741012577172745,0.495499014854,-0.5466438126247984,-5.76915703116,-153.619350879,-81.7036412931,1,-0.2224631982279047,-0.5067650989223935,20220120-122427
1642678152.04,2.7200000286102295,0,136,1,1,-0.0681754770574538,0.484328567982,-0.5383666825723564,-3.54364050258,-149.406079764,-81.0793631537,1,-0.2224631982279047,-0.5067650989223935,20220120-122427
1642678152.06,2.740000009536743,0,137,1,1,-0.0625741552394243,0.478486478329,-0.5326082958517722,-4.60395583288,-148.199880302,-80.8045450474,1,-0.2224631982279047,-0.5067650989223935,20220120-122427
1642678152.08,2.759999990463257,0,138,1,1,-0.0527173592600147,0.4712951034304999,-0.5242266243424738,-8.66896391323,-148.8251564285,-81.1202696206,1,-0.2224631982279047,-0.5067650989223935,20220120-122427
1642678152.1,2.7799999713897705,0,139,1,1,-0.0477752457169229,0.4663177132605,-0.5171768070313219,-8.95114708802,-147.741328943,-79.90356042555,1,-0.2224631982279047,-0.5067650989223935,20220120-122427
1642678152.12,2.799999952316284,0,140,1,1,-0.0453787905930219,0.463931977749,-0.5134651692709628,-8.74633171778,-147.300943116,-79.3515349124,1,-0.2224631982279047,-0.5067650989223935,20220120-122427
1642678152.14,2.820000171661377,0,141,1,1,-0.0453787905930219,0.463931977749,-0.5134651692709628,-8.74633171778,-147.300943116,-79.3515349124,1,-0.2224631982279047,-0.5067650989223935,20220120-122427
1642678152.16,2.8400001525878906,0,142,1,1,-0.0453787905930219,0.463931977749,-0.5134651692709628,-8.74633171778,-147.300943116,-79.3515349124,1,-0.2224631982279047,-0.5067650989223935,20220120-122427
1642678152.18,2.8600001335144043,0,143,1,1,-0.0453787905930219,0.463931977749,-0.5134651692709628,-8.74633171778,-147.300943116,-79.3515349124,1,-0.2224631982279047,-0.5067650989223935,20220120-122427
1642678152.2,2.880000114440918,0,144,1,1,-0.0404997430635285,0.4635629802945,-0.4944526715632127,-7.96726512331,-149.625256185,-79.06564338915,1,-0.2224631982279047,-0.5067650989223935,20220120-122427
1642678152.22,2.9000000953674316,0,145,1,1,-0.0342315639060894,0.460736781359,-0.4692616273058835,-5.51277456966,-153.072150186,-79.26385106,1,-0.2224631982279047,-0.5067650989223935,20220120-122427
1642678152.24,2.9200000762939453,0,146,1,1,-0.0342444864013718,0.459780961275,-0.4672058878870639,-4.85347938361,-152.658718916,-80.8984232559,1,-0.2224631982279047,-0.5067650989223935,20220120-122427
1642678152.26,2.940000057220459,0,147,1,1,-0.0342444864013718,0.459780961275,-0.4672058878870639,-4.85347938361,-152.658718916,-80.8984232559,1,-0.2224631982279047,-0.5067650989223935,20220120-122427
1642678152.28,2.9600000381469727,0,148,1,1,-0.0274674733703801,0.461067587137,-0.4524454705362831,-8.21150182351,-155.774714049,-77.3137018086,1,-0.2224631982279047,-0.5067650989223935,20220120-122427
1642678152.3,2.9800000190734863,0,149,1,1,-0.024580521956551,0.461036413908,-0.4469686943704555,-9.294712015505,-155.172847645,-75.5620650737,1,-0.2224631982279047,-0.5067650989223935,20220120-122427
1642678152.32,3.0,0,150,1,1,-0.0202799084181563,0.459350705147,-0.4398168961010436,-9.28048786411,-151.023082577,-74.8036506853,1,-0.2224631982279047,-0.5067650989223935,20220120-122427
1642678152.34,3.0199999809265137,0,151,1,1,-0.0191917764934811,0.457462847233,-0.4351445601577315,-6.17174335656,-148.423791833,-75.7584456057,1,-0.2224631982279047,-0.5067650989223935,20220120-122427
1642678152.36,3.0399999618530273,0,152,1,1,-0.0124700764189913,0.459706306458,-0.4309994001877528,-8.53619098387,-152.288115618,-73.6338589745,1,-0.2224631982279047,-0.5067650989223935,20220120-122427
1642678152.38,3.06000018119812,0,153,1,1,-0.0080482841493809,0.459958091378,-0.4261688621377138,-6.86566709525,-145.2393985865,-68.1469758829,1,-0.2224631982279047,-0.5067650989223935,20220120-122427
1642678152.4,3.080000162124634,0,154,1,1,-0.0043068231638337,0.459846198559,-0.4212720539265546,-5.06918913723,-141.740335115,-64.0836043704,1,-0.2224631982279047,-0.5067650989223935,20220120-122427
1642678152.42,3.1000001430511475,0,155,1,1,0.0023407058876003,0.459612220526,-0.4163098272882853,-4.66625367994,-140.561361887,-60.7152899529,1,-0.2224631982279047,-0.5067650989223935,20220120-122427
1642678152.44,3.120000123977661,0,156,1,1,0.0044291652529638,0.458371639252,-0.4143594428981284,-2.96470764573,-137.763197915,-63.5947401676,1,-0.2224631982279047,-0.5067650989223935,20220120-122427
1642678152.46,3.140000104904175,0,157,1,1,0.0106252216550888,0.458485454321,-0.4140810853048412,-5.78227415755,-136.483701165,-65.8357998009,0,-0.2224631982279047,-0.5067650989223935,20220120-122427
1642678152.48,3.1600000858306885,0,158,1,1,0.0172988294844136,0.461014062166,-0.4137556148879331,-8.58635708051,-135.30036839550002,-71.03453231865001,0,-0.2224631982279047,-0.5067650989223935,20220120-122427
1642678152.5,3.180000066757202,0,159,1,1,0.0207141331053481,0.46134378016,-0.4146248428478732,-11.33443823498,-132.59803496,-76.45127546715,0,-0.2224631982279047,-0.5067650989223935,20220120-122427
1642678152.52,3.200000047683716,0,160,1,1,0.0235055686665418,0.459706872702,-0.4172060317639648,-15.0554904442,-126.429144971,-84.6839684611,0,-0.2224631982279047,-0.5067650989223935,20220120-122427
1642678152.54,3.2200000286102295,0,161,1,1,0.0269704991505338,0.458284795284,-0.4178904309729879,-15.8508845047,-126.932043335,-87.0068040653,0,-0.2224631982279047,-0.5067650989223935,20220120-122427
1642678152.56,3.240000009536743,0,162,1,1,0.026474024161872,0.457328647375,-0.4175165145082998,-12.9889028451,-127.456910406,-91.1635556639,0,-0.2224631982279047,-0.5067650989223935,20220120-122427
1642678152.58,3.259999990463257,0,163,1,1,0.0284282780127318,0.456344872713,-0.4153388450080126,-10.4851769607,-128.464276031,-91.0944057553,0,-0.2224631982279047,-0.5067650989223935,20220120-122427
1642678152.6,3.2799999713897705,0,164,1,1,0.0284282780127318,0.456344872713,-0.4153388450080126,-10.4851769607,-128.464276031,-91.0944057553,0,-0.2224631982279047,-0.5067650989223935,20220120-122427
1642678152.62,3.299999952316284,0,165,1,1,0.0284282780127318,0.456344872713,-0.4153388450080126,-10.4851769607,-128.464276031,-91.0944057553,0,-0.2224631982279047,-0.5067650989223935,20220120-122427
1642678152.64,3.320000171661377,0,166,1,1,0.0425079844771228,0.457226842642,-0.3997023888638017,-2.02564724206,-133.008116878,-82.4048847178,0,-0.2224631982279047,-0.5067650989223935,20220120-122427
1642678152.66,3.3400001525878906,0,167,1,1,0.0456738323740322,0.458326071501,-0.3980334813867964,-7.96370520988,-129.991054457,-83.4872778347,0,-0.2224631982279047,-0.5067650989223935,20220120-122427
1642678152.68,3.3600001335144043,0,168,1,1,0.0484037849679141,0.4572215527295,-0.3952570164139282,-5.768359020809999,-131.87063140549998,-84.25038481589999,0,-0.2224631982279047,-0.5067650989223935,20220120-122427
1642678152.7,3.380000114440918,0,169,1,1,0.051133737561796,0.456117033958,-0.3924805514410601,-3.57301283174,-133.750208354,-85.0134917971,0,-0.2224631982279047,-0.5067650989223935,20220120-122427
1642678152.72,3.4000000953674316,0,170,1,1,0.0612544452431634,0.461248338223,-0.3887411461039001,-5.77029390667,-133.571993771,-80.1830916181,0,-0.2224631982279047,-0.5067650989223935,20220120-122427
1642678152.74,3.4200000762939453,0,171,1,1,0.0640456018641292,0.462409645319,-0.3877287631057723,-6.8975069912,-133.087738244,-79.4520877739,0,-0.2224631982279047,-0.5067650989223935,20220120-122427
1642678152.76,3.440000057220459,0,172,1,1,0.0714783136002328,0.462649554014,-0.3811507140049315,-6.88758602968,-126.547301803,-73.1361354982,0,-0.2224631982279047,-0.5067650989223935,20220120-122427
1642678152.78,3.4600000381469727,0,173,1,1,0.0740474159035027,0.463959723711,-0.3828957180150577,-8.03986446677,-132.815212201,-80.6415303193,0,-0.2224631982279047,-0.5067650989223935,20220120-122427
1642678152.8,3.4800000190734863,0,174,1,1,0.0816899691500523,0.463187903166,-0.3815313128457779,-7.87328108412,-129.2505857085,-81.27787638090001,0,-0.2224631982279047,-0.5067650989223935,20220120-122427
1642678152.82,3.5,0,175,1,1,0.101753778178622,0.463681399822,-0.3816231059669173,-14.6618345895,-119.853272432,-76.0851780695,0,-0.2224631982279047,-0.5067650989223935,20220120-122427
1642678152.84,3.5199999809265137,0,176,1,1,0.1105888038052861,0.462587714195,-0.3813453259715267,-14.4350574836,-112.643573791,-72.2564024693,0,-0.2224631982279047,-0.5067650989223935,20220120-122427
1642678152.86,3.5399999618530273,0,177,1,1,0.1192681834977116,0.461491674185,-0.3818221106734843,-13.9043815996,-109.554324855,-71.8705996188,0,-0.2224631982279047,-0.5067650989223935,20220120-122427
1642678152.88,3.56000018119812,0,178,1,1,0.1285742695499441,0.457547143102,-0.382521834746878,-11.6574271959,-108.05166408,-76.33197124455,0,-0.2224631982279047,-0.5067650989223935,20220120-122427
1642678152.9,3.580000162124634,0,179,1,1,0.1337846701722742,0.455911099911,-0.3829189928010599,-10.37990289596,-107.175837914,-78.32932850985,0,-0.2224631982279047,-0.5067650989223935,20220120-122427
1642678152.92,3.6000001430511475,0,180,1,1,0.1432472081299659,0.45671120286,-0.3832821659354617,-9.27005317037,-103.855642855,-75.1212447751,0,-0.2224631982279047,-0.5067650989223935,20220120-122427
1642678152.94,3.620000123977661,0,181,1,1,0.1506477444318376,0.457813739777,-0.3844952167836551,-10.2548917162,-102.309635206,-71.9710662363,0,-0.2224631982279047,-0.5067650989223935,20220120-122427
1642678152.96,3.640000104904175,0,182,1,1,0.1569689487540361,0.458348751068,-0.3855479041082923,-11.1039000337,-101.638166682,-71.2364624772,0,-0.2224631982279047,-0.5067650989223935,20220120-122427
1642678152.98,3.6600000858306885,0,183,1,1,0.1639037758078007,0.4564895033835,-0.3846531304506915,-8.984035783395,-99.81750176035,-76.88112109984999,0,-0.2224631982279047,-0.5067650989223935,20220120-122427
1642678153.0,3.680000066757202,0,184,1,1,0.1658315394560314,0.455566167831,-0.3843507233012319,-8.39124321295,-99.7216601679,-79.8125483509,0,-0.2224631982279047,-0.5067650989223935,20220120-122427
1642678153.02,3.700000047683716,0,185,1,1,0.1658315394560314,0.455566167831,-0.3843507233012319,-8.39124321295,-99.7216601679,-79.8125483509,0,-0.2224631982279047,-0.5067650989223935,20220120-122427
1642678153.04,3.7200000286102295,0,186,1,1,0.1849689426872841,0.455933094025,-0.3807779316056983,-8.09891486671,-99.4165276714,-71.8876575772,0,-0.2224631982279047,-0.5067650989223935,20220120-122427
1642678153.06,3.740000009536743,0,187,1,1,0.1923948580021546,0.45598500967,-0.3792816708359314,-7.51233226351,-100.260166931,-69.0603296428,0,-0.2224631982279047,-0.5067650989223935,20220120-122427
1642678153.08,3.759999990463257,0,188,1,1,0.2015488233025122,0.4540022164585,-0.3768507121519548,-7.862073346495,-101.2693966045,-71.4438265874,0,-0.2224631982279047,-0.5067650989223935,20220120-122427
1642678153.1,3.7799999713897705,0,189,1,1,0.2069237161775398,0.4534998983145,-0.3757198064555553,-8.70517482714,-102.2519260285,-73.1200150185,0,-0.2224631982279047,-0.5067650989223935,20220120-122427
1642678153.12,3.799999952316284,0,190,1,1,0.214805207996759,0.456616282463,-0.3727917323482132,-9.16573696849,-103.598009738,-68.6133166923,0,-0.2224631982279047,-0.5067650989223935,20220120-122427
1642678153.14,3.820000171661377,0,191,1,1,0.2183503463951008,0.458074629307,-0.3702950913723441,-8.89136199681,-105.160329167,-66.5402292655,0,-0.2224631982279047,-0.5067650989223935,20220120-122427
1642678153.16,3.8400001525878906,0,192,1,1,0.2213410169232417,0.45930314064,-0.3701883656674262,-10.8284366076,-105.996801496,-64.7336867244,0,-0.2224631982279047,-0.5067650989223935,20220120-122427
1642678153.18,3.8600001335144043,0,193,1,1,0.2294959381425764,0.4557569772005,-0.3617140309559872,-4.5435991569,-103.7080442805,-56.29656546735,0,-0.2224631982279047,-0.5067650989223935,20220120-122427
1642678153.2,3.880000114440918,0,194,1,1,0.2322002940558718,0.455381512642,-0.3589865995634858,-5.61010418727,-104.8800466995,-54.50840966825,0,-0.2224631982279047,-0.5067650989223935,20220120-122427
1642678153.22,3.9000000953674316,0,195,1,1,0.2348274284755034,0.455755025148,-0.352620949514723,-4.62526797427,-109.150050583,-51.2210174671,0,-0.2224631982279047,-0.5067650989223935,20220120-122427
1642678153.24,3.9200000762939453,0,196,1,1,0.2364974385939335,0.455864757299,-0.3458495675347178,-2.21803335734,-112.132359928,-49.4378465574,0,-0.2224631982279047,-0.5067650989223935,20220120-122427
1642678153.26,3.940000057220459,0,197,1,1,0.2400887506293288,0.456057548523,-0.3416729222413401,-3.12183255704,-117.334168091,-51.5489657185,0,-0.2224631982279047,-0.5067650989223935,20220120-122427
1642678153.28,3.9600000381469727,0,198,1,1,0.2446432043954724,0.45527459681,-0.3370096908737258,-3.250200457935,-118.67878216,-55.28926335265,0,-0.2224631982279047,-0.5067650989223935,20220120-122427
1642678153.3,3.9800000190734863,0,199,1,1,0.2473779667965881,0.4546547085045,-0.3330804977902741,-2.842188108725,-119.5306199995,-58.9388262904,0,-0.2224631982279047,-0.5067650989223935,20220120-122427
1642678153.32,4.0,0,200,1,1,0.2516327239454978,0.454540491104,-0.3261899709019724,-1.81528195407,-121.841843145,-58.7953967522,0,-0.2224631982279047,-0.5067650989223935,20220120-122427
1642678153.34,4.019999980926514,0,201,1,1,0.2532913177781956,0.455681622028,-0.3169603420582944,-1.22825947317,-128.336667826,-60.9452402553,0,-0.2224631982279047,-0.5067650989223935,20220120-122427
1642678153.36,4.039999961853027,0,202,1,1,0.2512049987005343,0.454000353813,-0.3085308020250421,3.66798106297,-127.433959442,-63.4888576497,0,-0.2224631982279047,-0.5067650989223935,20220120-122427
1642678153.38,4.06000018119812,0,203,1,1,0.2545174490995237,0.4536125659945,-0.3030101072521748,-0.7078732002850001,-128.478575384,-69.5547546968,0,-0.2224631982279047,-0.5067650989223935,20220120-122427
1642678153.4,4.080000162124634,0,204,1,1,0.2552930276264531,0.45358145237,-0.3013892123117563,-2.49474585592,-127.838340493,-72.2613312009,0,-0.2224631982279047,-0.5067650989223935,20220120-122427
1642678153.42,4.1000001430511475,0,205,1,1,0.2575051449159844,0.45476603508,-0.2942715463631733,-3.39849222292,-133.083990936,-76.2568502128,0,-0.2224631982279047,-0.5067650989223935,20220120-122427
1642678153.44,4.120000123977661,0,206,1,1,0.257563381371647,0.454745203257,-0.2817747104517526,-1.15903294979,-133.725186717,-71.4794768355,0,-0.2224631982279047,-0.5067650989223935,20220120-122427
1642678153.46,4.140000104904175,0,207,1,1,0.2583161002594413,0.454170703888,-0.2733272433757653,-0.557255160028,-136.72312014,-69.2602283814,0,-0.2224631982279047,-0.5067650989223935,20220120-122427
1642678153.48,4.1600000858306885,0,208,1,1,0.2595113526915334,0.452249825001,-0.2670485720828682,-0.859741561397,-137.443449521,-70.5523452447,0,-0.2224631982279047,-0.5067650989223935,20220120-122427
1642678153.5,4.180000066757202,0,209,1,1,0.2595113526915334,0.452249825001,-0.2670485720828682,-0.859741561397,-137.443449521,-70.5523452447,0,-0.2224631982279047,-0.5067650989223935,20220120-122427
1642678153.52,4.200000047683716,0,210,1,1,0.2595113526915334,0.452249825001,-0.2670485720828682,-0.859741561397,-137.443449521,-70.5523452447,0,-0.2224631982279047,-0.5067650989223935,20220120-122427
1642678153.54,4.2200000286102295,0,211,1,1,0.2595113526915334,0.452249825001,-0.2670485720828682,-0.859741561397,-137.443449521,-70.5523452447,0,-0.2224631982279047,-0.5067650989223935,20220120-122427
1642678153.56,4.240000009536743,0,212,1,1,0.278105546644602,0.453929722309,-0.2420367631533633,-9.49098212008,-134.864703252,-71.7611553432,0,-0.2224631982279047,-0.5067650989223935,20220120-122427
1642678153.58,4.259999990463257,0,213,1,1,0.278105546644602,0.453929722309,-0.2420367631533633,-9.49098212008,-134.864703252,-71.7611553432,0,-0.2224631982279047,-0.5067650989223935,20220120-122427
1642678153.6,4.2799999713897705,0,214,1,1,0.2821431587983043,0.4523930102585,-0.2390397802269967,-8.481765284965,-136.745356821,-76.16211208600001,0,-0.2224631982279047,-0.5067650989223935,20220120-122427
1642678153.62,4.299999952316284,0,215,1,1,0.2861807709520069,0.450856298208,-0.2360427973006299,-7.47254844985,-138.62601039,-80.5630688288,0,-0.2224631982279047,-0.5067650989223935,20220120-122427
1642678153.64,4.320000171661377,0,216,1,1,0.2861807709520069,0.450856298208,-0.2360427973006299,-7.47254844985,-138.62601039,-80.5630688288,0,-0.2224631982279047,-0.5067650989223935,20220120-122427
1642678153.66,4.340000152587891,0,217,1,1,0.2870386722552996,0.450158774853,-0.2174474024205486,-3.20401745357,-143.630918887,-71.6987296454,0,-0.2224631982279047,-0.5067650989223935,20220120-122427
1642678153.68,4.360000133514404,0,218,1,1,0.287026874758689,0.450152486563,-0.2147127999030867,-2.52229560191,-143.504035478,-71.5591434773,0,-0.2224631982279047,-0.5067650989223935,20220120-122427
1642678153.7,4.380000114440918,0,219,1,1,0.287026874758689,0.450152486563,-0.2147127999030867,-2.52229560191,-143.504035478,-71.5591434773,0,-0.2224631982279047,-0.5067650989223935,20220120-122427
1642678153.72,4.400000095367432,0,220,1,1,0.287026874758689,0.450152486563,-0.2147127999030867,-2.52229560191,-143.504035478,-71.5591434773,0,-0.2224631982279047,-0.5067650989223935,20220120-122427
1642678153.74,4.420000076293945,0,221,1,1,0.287026874758689,0.450152486563,-0.2147127999030867,-2.52229560191,-143.504035478,-71.5591434773,0,-0.2224631982279047,-0.5067650989223935,20220120-122427
1642678153.76,4.440000057220459,0,222,1,1,0.2763659238664731,0.449808031321,-0.1876744384914424,3.53659380721,-165.074169265,-76.5919767796,0,-0.2224631982279047,-0.5067650989223935,20220120-122427
1642678153.78,4.460000038146973,0,223,1,1,0.2745246711001131,0.44932076335,-0.1848369811029273,5.09763020096,-168.167864232,-76.9638877969,0,-0.2224631982279047,-0.5067650989223935,20220120-122427
1642678153.8,4.480000019073486,0,224,1,1,0.2720836963989664,0.4484785646204999,-0.1806107069796295,4.870083102800001,-170.04246802699998,-80.23114782695001,0,-0.2224631982279047,-0.5067650989223935,20220120-122427
1642678153.82,4.5,0,225,1,1,0.2696427216978198,0.447636365891,-0.1763844328563318,4.64253600464,-171.917071822,-83.498407857,0,-0.2224631982279047,-0.5067650989223935,20220120-122427
1642678153.84,4.519999980926514,0,226,1,1,0.2598799332069532,0.451200664043,-0.1611774848669919,1.14318829334,-172.353176874,-77.9988191881,0,-0.2224631982279047,-0.5067650989223935,20220120-122427
1642678153.86,4.539999961853027,0,227,1,1,0.2559649493199845,0.451589077711,-0.1530739611368047,0.563191896574,-176.763200752,-73.5885473866,0,-0.2224631982279047,-0.5067650989223935,20220120-122427
1642678153.88,4.56000018119812,0,228,1,1,0.2498490172643036,0.450265482068,-0.1475088625375864,2.265076049785,-177.0783951245,-75.53927123049999,0,-0.2224631982279047,-0.5067650989223935,20220120-122427
1642678153.9,4.580000162124634,0,229,1,1,0.2486210716612179,0.448975726962,-0.1434051608641538,1.3247630249904998,-176.972187266,-77.76795538729999,0,-0.2224631982279047,-0.5067650989223935,20220120-122427
1642678153.92,4.6000001430511475,0,230,1,1,0.2513888728036242,0.449211537838,-0.1355323130858018,-2.42935421615,-172.235570765,-78.3088215897,0,-0.2224631982279047,-0.5067650989223935,20220120-122427
1642678153.94,4.620000123977661,0,231,1,1,0.2542066680805003,0.449702233076,-0.1324350720078069,-4.51776812458,-170.216723072,-76.2337514752,0,-0.2224631982279047,-0.5067650989223935,20220120-122427
1642678153.96,4.640000104904175,0,232,1,1,0.2624643710563029,0.451020479202,-0.1244150103373223,-10.6351645566,-163.158053536,-72.2258999733,0,-0.2224631982279047,-0.5067650989223935,20220120-122427
1642678153.98,4.6600000858306885,0,233,1,1,0.2653674833273879,0.4507724642755,-0.1182492674778897,-10.782173901699998,-163.72867646,-73.5134188469,0,-0.2224631982279047,-0.5067650989223935,20220120-122427
1642678154.0,4.680000066757202,0,234,1,1,0.2655973955155686,0.4503254294395,-0.115058695038408,-9.40016927355,-165.057311258,-74.5183388948,0,-0.2224631982279047,-0.5067650989223935,20220120-122427
1642678154.02,4.700000047683716,0,235,1,1,0.2623796941754465,0.449648886919,-0.1109105343284876,-3.84782854078,-171.385116521,-75.2616246181,0,-0.2224631982279047,-0.5067650989223935,20220120-122427
1642678154.04,4.7200000286102295,0,236,1,1,0.2561587224587495,0.449937492609,-0.1084782896085437,1.86827347016,-177.328546241,-74.7763681206,0,-0.2224631982279047,-0.5067650989223935,20220120-122427
1642678154.06,4.740000009536743,0,237,1,1,0.2475624817198567,0.449197888374,-0.1073775688223939,7.87405858599,177.875996497,-73.8030359894,0,-0.2224631982279047,-0.5067650989223935,20220120-122427
1642678154.08,4.759999990463257,0,238,1,1,0.2446295393839531,0.450187250972,-0.1027360666629124,5.436778604264999,174.02534796150002,-72.70716964475,0,-0.2224631982279047,-0.5067650989223935,20220120-122427
1642678154.1,4.7799999713897705,0,239,1,1,0.2446862650314562,0.449950695038,-0.0986631774690626,3.445545364395,174.292464666,-71.61780474644999,0,-0.2224631982279047,-0.5067650989223935,20220120-122427
1642678154.12,4.799999952316284,0,240,1,1,0.245626475629341,0.449768304825,-0.0935338776979563,1.94878875728,179.186852057,-66.1775162633,0,-0.2224631982279047,-0.5067650989223935,20220120-122427
1642678154.14,4.820000171661377,0,241,1,1,0.2480207325277134,0.452287316322,-0.0906634462282255,0.643434726798,-177.230167933,-55.9248080917,0,-0.2224631982279047,-0.5067650989223935,20220120-122427
1642678154.16,4.840000152587891,0,242,1,1,0.25041170558573,0.452555507421,-0.0877920132510754,0.509335976701,-174.240929133,-49.2127020928,0,-0.2224631982279047,-0.5067650989223935,20220120-122427
1642678154.18,4.860000133514404,0,243,1,1,0.2540332260649701,0.451459944248,-0.0777096109830249,-0.0629992270300001,-168.572947999,-44.2491364601,0,-0.2224631982279047,-0.5067650989223935,20220120-122427
1642678154.2,4.880000114440918,0,244,1,1,0.2575104783899159,0.4510736316445,-0.0702136088066614,-1.352233778706,-166.028962912,-44.40576803895,0,-0.2224631982279047,-0.5067650989223935,20220120-122427
1642678154.22,4.900000095367432,0,245,1,1,0.2622687585203715,0.451427847147,-0.0593987381785394,-0.786730058439,-165.568249119,-46.364547956,0,-0.2224631982279047,-0.5067650989223935,20220120-122427
1642678154.24,4.920000076293945,0,246,1,1,0.2668116141665916,0.451040685177,-0.0546897119687191,-2.30963177413,-166.540228481,-50.2776275736,0,-0.2224631982279047,-0.5067650989223935,20220120-122427
1642678154.26,4.940000057220459,0,247,1,1,0.2704362716773247,0.451124191284,-0.0520526759634075,-1.4258841411,-165.379003129,-52.2063820156,0,-0.2224631982279047,-0.5067650989223935,20220120-122427
1642678154.28,4.960000038146973,0,248,1,1,0.2747239464451169,0.4529848247765,-0.047742208135238,-0.3371700556929999,-162.55574535,-47.9286573039,0,-0.2224631982279047,-0.5067650989223935,20220120-122427
1642678154.3,4.980000019073486,0,249,1,1,0.2774389631525332,0.453714489937,-0.0449110599086705,-0.6523111302619999,-160.1628793535,-47.15265943125,0,-0.2224631982279047,-0.5067650989223935,20220120-122427
1642678154.32,5.0,0,250,1,1,0.2818645722466698,0.455238193274,-0.0375496325333162,-0.866809152744,-159.010421125,-45.948375964,0,-0.2224631982279047,-0.5067650989223935,20220120-122427
1642678154.34,5.019999980926514,0,251,1,1,0.2835952812727744,0.456371247768,-0.0313249157494941,1.16373704501,-158.451652221,-45.9368575965,0,-0.2224631982279047,-0.5067650989223935,20220120-122427
1642678154.36,5.039999961853027,0,252,1,1,0.2875278041814674,0.455886721611,-0.0246748465267378,-1.99784462451,-159.348502104,-48.3551286776,0,-0.2224631982279047,-0.5067650989223935,20220120-122427
1642678154.38,5.06000018119812,0,253,1,1,0.2928056612439303,0.4522915184495,-0.0135252448460045,-2.292057460405,-156.808492134,-52.0355098528,0,-0.2224631982279047,-0.5067650989223935,20220120-122427
1642678154.4,5.080000162124634,0,254,1,1,0.2966705598122561,0.4519416540859999,-0.006253596352949,-3.527917138105,-155.9583086875,-53.32200779045,0,-0.2224631982279047,-0.5067650989223935,20220120-122427
1642678154.42,5.1000001430511475,0,255,1,1,0.3017998199687752,0.451933920383,0.0031683706216241,-7.47039958778,-155.017474301,-57.492461272,0,-0.2224631982279047,-0.5067650989223935,20220120-122427
1642678154.44,5.120000123977661,0,256,1,1,0.3025607809503877,0.448867768049,0.0072872318545957,-7.21009838655,-152.937905041,-64.0443647887,0,-0.2224631982279047,-0.5067650989223935,20220120-122427
1642678154.46,5.140000104904175,0,257,1,1,0.3062745122920003,0.449009984732,0.011182222437762,-10.4134077418,-156.998811683,-68.6333953341,0,-0.2224631982279047,-0.5067650989223935,20220120-122427
1642678154.48,5.1600000858306885,0,258,1,1,0.3084973326717323,0.4498246163129999,0.0176665083144602,-10.25476359687,-155.27919112950002,-66.36354490285001,0,-0.2224631982279047,-0.5067650989223935,20220120-122427
1642678154.5,5.180000066757202,0,259,1,1,0.3096349138926684,0.449562087655,0.0216493064071094,-9.275666903835,-153.0644882535,-65.43504781945,0,-0.2224631982279047,-0.5067650989223935,20220120-122427
1642678154.52,5.200000047683716,0,260,1,1,0.3118174629821069,0.447355866432,0.0264902430040319,-9.20320296307,-153.238413924,-68.3650621305,0,-0.2224631982279047,-0.5067650989223935,20220120-122427
1642678154.54,5.2200000286102295,0,261,1,1,0.3155535679361993,0.44719183445,0.0293887390384956,-12.3777671406,-157.564944151,-69.7415847348,0,-0.2224631982279047,-0.5067650989223935,20220120-122427
1642678154.56,5.240000009536743,0,262,1,1,0.3145013000083119,0.447515428066,0.0309963500055741,-11.928079624,-159.536363832,-69.4352170899,0,-0.2224631982279047,-0.5067650989223935,20220120-122427
1642678154.58,5.259999990463257,0,263,1,1,0.3074397223405233,0.4506530314685,0.0354129132135555,-7.136286915545,-166.802480575,-64.04881026710001,0,-0.2224631982279047,-0.5067650989223935,20220120-122427
1642678154.6,5.2799999713897705,0,264,1,1,0.3013462896625137,0.452448874712,0.0405912027493594,-2.3109056258375,-171.285599077,-57.77783778815,0,-0.2224631982279047,-0.5067650989223935,20220120-122427
1642678154.62,5.299999952316284,0,265,1,1,0.2959444315138519,0.453366458416,0.0487644836283541,0.878936038105,-174.531682771,-51.845938718,0,-0.2224631982279047,-0.5067650989223935,20220120-122427
1642678154.64,5.320000171661377,0,266,1,1,0.295037304631783,0.451981842518,0.0542151437239246,-0.538728483102,-174.46567966,-50.8716230526,0,-0.2224631982279047,-0.5067650989223935,20220120-122427
1642678154.66,5.340000152587891,0,267,1,1,0.2937169052354864,0.450392246246,0.0589632586688892,-0.444071398492,-172.124831259,-51.0738942656,0,-0.2224631982279047,-0.5067650989223935,20220120-122427
1642678154.68,5.360000133514404,0,268,1,1,0.2908704351531718,0.4522053301335,0.0699152841933648,1.358777201713,-170.315880956,-45.6508929405,0,-0.2224631982279047,-0.5067650989223935,20220120-122427
1642678154.7,5.380000114440918,0,269,1,1,0.290339202588141,0.453643038869,0.0769510412095043,1.728414257188,-170.332642019,-44.81875545465,0,-0.2224631982279047,-0.5067650989223935,20220120-122427
1642678154.72,5.400000095367432,0,270,1,1,0.2905536584194516,0.455091744661,0.0886567142298077,2.44777334243,-169.176496859,-45.6248456445,0,-0.2224631982279047,-0.5067650989223935,20220120-122427
1642678154.74,5.420000076293945,0,271,1,1,0.2896038994658252,0.455616146326,0.0967164221686165,3.23478207603,-166.674743248,-47.6729893066,0,-0.2224631982279047,-0.5067650989223935,20220120-122427
1642678154.76,5.440000057220459,0,272,1,1,0.2907900496146887,0.453839719296,0.1053242851667886,-1.44926249772,-168.05577694,-50.6802139901,0,-0.2224631982279047,-0.5067650989223935,20220120-122427
1642678154.78,5.460000038146973,0,273,1,1,0.2923052237903377,0.4521065801385,0.1151167930556536,-2.342690384078,-168.076734313,-55.82737941785,0,-0.2224631982279047,-0.5067650989223935,20220120-122427
1642678154.8,5.480000019073486,0,274,1,1,0.2940123381286509,0.4524684995415,0.1236467654375326,-1.3588160804179998,-166.82037001999998,-55.19960326945,0,-0.2224631982279047,-0.5067650989223935,20220120-122427
1642678154.82,5.5,0,275,1,1,0.2964981936406242,0.451775848866,0.1360941203511357,-3.76701488312,-165.895207557,-57.4926447251,0,-0.2224631982279047,-0.5067650989223935,20220120-122427
1642678154.84,5.519999980926514,0,276,1,1,0.2958039375524011,0.448898047209,0.1414047949952776,-4.81450518758,-164.666760666,-64.2958443479,0,-0.2224631982279047,-0.5067650989223935,20220120-122427
1642678154.86,5.539999961853027,0,277,1,1,0.2961961403489909,0.448017895222,0.1457464420786426,-7.29414806577,-166.223451747,-68.5796986092,0,-0.2224631982279047,-0.5067650989223935,20220120-122427
1642678154.88,5.56000018119812,0,278,1,1,0.2975619236432066,0.4496975690125,0.1531236070255734,-8.114293181495,-166.46441887999998,-65.25825389265,0,-0.2224631982279047,-0.5067650989223935,20220120-122427
1642678154.9,5.580000162124634,0,279,1,1,0.2988716063022651,0.4503243416544999,0.157995133483845,-8.77318611815,-166.579457983,-61.899899149,0,-0.2224631982279047,-0.5067650989223935,20220120-122427
1642678154.92,5.6000001430511475,0,280,1,1,0.3008602422153469,0.449425667524,0.1617857612910124,-11.013901811,-166.929567717,-62.3251954099,0,-0.2224631982279047,-0.5067650989223935,20220120-122427
1642678154.94,5.620000123977661,0,281,1,1,0.3008304348187028,0.448586821556,0.1627560679905721,-11.0937453764,-167.540799952,-63.8740909083,0,-0.2224631982279047,-0.5067650989223935,20220120-122427
1642678154.96,5.640000104904175,0,282,1,1,0.2991164370193495,0.449492812157,0.1637523853646313,-9.96389469371,-169.29580673,-61.2162283003,0,-0.2224631982279047,-0.5067650989223935,20220120-122427
1642678154.98,5.6600000858306885,0,283,1,1,0.2903115549547194,0.45295073092,0.1626771260401749,-5.260036373185001,0.173065205499995,-56.798166026,0,-0.2224631982279047,-0.5067650989223935,20220120-122427
1642678155.0,5.680000066757202,0,284,1,1,0.280030000774266,0.4551502913235,0.1615531159678869,0.48212834552,169.488591899,-53.7984602714,0,-0.2224631982279047,-0.5067650989223935,20220120-122427
1642678155.02,5.700000047683716,0,285,1,1,0.2629677936977753,0.457214087248,0.1579892858393827,9.8578747065,155.522798431,-54.33584634,0,-0.2224631982279047,-0.5067650989223935,20220120-122427
1642678155.04,5.7200000286102295,0,286,1,1,0.2556474638179192,0.456337034702,0.1608025802330826,7.38130129792,153.940968644,-56.0620579972,0,-0.2224631982279047,-0.5067650989223935,20220120-122427
1642678155.06,5.740000009536743,0,287,1,1,0.252262450186579,0.454027056694,0.164913180537998,1.30322768627,154.411561885,-58.6737963842,0,-0.2224631982279047,-0.5067650989223935,20220120-122427
1642678155.08,5.759999990463257,0,288,1,1,0.2458924896871805,0.454695776105,0.1677061860636925,2.187247853322,154.5861369365,-55.3714810838,0,-0.2224631982279047,-0.5067650989223935,20220120-122427
1642678155.1,5.7799999713897705,0,289,1,1,0.2417192680801818,0.455069184303,0.1681328323783234,5.40417951973,152.44849488350002,-53.81188564115,0,-0.2224631982279047,-0.5067650989223935,20220120-122427
1642678155.12,5.799999952316284,0,290,1,1,0.2348458499399222,0.453051865101,0.1683702578386396,8.51484930124,147.411888423,-55.4534208952,0,-0.2224631982279047,-0.5067650989223935,20220120-122427
1642678155.14,5.820000171661377,0,291,1,1,0.2330375345211698,0.452434778214,0.1704016984679167,3.86273703189,146.104472914,-58.5994691991,0,-0.2224631982279047,-0.5067650989223935,20220120-122427
1642678155.16,5.840000152587891,0,292,1,1,0.2311232838676908,0.451543360949,0.1738981303304263,0.358175590268,147.592925582,-59.6546386717,0,-0.2224631982279047,-0.5067650989223935,20220120-122427
1642678155.18,5.860000133514404,0,293,1,1,0.2293437056090763,0.453568890691,0.1798838500249857,-0.9857565797715,151.575584278,-58.2055506106,0,-0.2224631982279047,-0.5067650989223935,20220120-122427
1642678155.2,5.880000114440918,0,294,1,1,0.2272544847459164,0.4545369148254999,0.1820817733795431,-0.3439136060865,150.090076812,-59.59052645875,0,-0.2224631982279047,-0.5067650989223935,20220120-122427
1642678155.22,5.900000095367432,0,295,1,1,0.2258332131453886,0.45359647274,0.1842134064765754,-2.75514699785,149.53354638,-65.1819764144,0,-0.2224631982279047,-0.5067650989223935,20220120-122427
1642678155.24,5.920000076293945,0,296,1,1,0.2252818325413566,0.452758342028,0.186653962868721,-4.50048084022,148.350889713,-68.7652219582,0,-0.2224631982279047,-0.5067650989223935,20220120-122427
1642678155.26,5.940000057220459,0,297,1,1,0.2238076300842007,0.453874826431,0.189097064285997,-3.5802437261,148.262579997,-69.0271993817,0,-0.2224631982279047,-0.5067650989223935,20220120-122427
1642678155.28,5.960000038146973,0,298,1,1,0.2212628740501043,0.4552933126685,0.1935807770456953,-1.880176239065,151.09455095099997,-64.75894572325001,0,-0.2224631982279047,-0.5067650989223935,20220120-122427
1642678155.3,5.980000019073486,0,299,1,1,0.2204101942446906,0.455997288227,0.1959516074992441,-1.481241619055,152.48988231099997,-64.05488722839999,0,-0.2224631982279047,-0.5067650989223935,20220120-122427
1642678155.32,6.0,0,300,1,1,0.2195162235107446,0.455759525299,0.1994374184475491,0.505030045859,153.978990832,-64.441939861,0,-0.2224631982279047,-0.5067650989223935,20220120-122427
1642678155.34,6.019999980926514,0,301,1,1,0.2231085619289684,0.456544935703,0.2021204013217674,-1.91491640139,155.105938738,-66.8111522612,0,-0.2224631982279047,-0.5067650989223935,20220120-122427
1642678155.36,6.039999961853027,0,302,1,1,0.2290578500584805,0.456404983997,0.2047794595089639,-6.54402754499,161.464638496,-68.8724127454,0,-0.2224631982279047,-0.5067650989223935,20220120-122427
1642678155.38,6.06000018119812,0,303,1,1,0.2374175596302968,0.4548138827085,0.2081241620378306,-10.329453314405,168.2093621715,-73.8770516729,0,-0.2224631982279047,-0.5067650989223935,20220120-122427
1642678155.4,6.080000162124634,0,304,1,1,0.2408856886971289,0.453740403056,0.2115626087885177,-10.14494665004,169.12664197200002,-75.5069119064,0,-0.2224631982279047,-0.5067650989223935,20220120-122427
1642678155.42,6.1000001430511475,0,305,1,1,0.2446386179945276,0.451833218336,0.2151584644523611,-6.3343270963,171.167491782,-78.4118211437,0,-0.2224631982279047,-0.5067650989223935,20220120-122427
1642678155.44,6.120000123977661,0,306,1,1,0.2501964719475504,0.452540934086,0.2182814087433081,-7.78505179906,175.436790905,-78.330513745,0,-0.2224631982279047,-0.5067650989223935,20220120-122427
1642678155.46,6.140000104904175,0,307,1,1,0.2574454358376339,0.454570889473,0.2211799767787914,-12.2290485853,-178.596687634,-77.8842405494,0,-0.2224631982279047,-0.5067650989223935,20220120-122427
1642678155.48,6.1600000858306885,0,308,1,1,0.2654158146244306,0.4533529281614999,0.2266111437062801,-11.5457433687,-178.1447171205,-80.3970267755,0,-0.2224631982279047,-0.5067650989223935,20220120-122427
1642678155.5,6.180000066757202,0,309,1,1,0.2672678655077204,0.452670991421,0.2281333008102876,-10.0738169826,-179.611038139,-82.3640108285,0,-0.2224631982279047,-0.5067650989223935,20220120-122427
1642678155.52,6.200000047683716,0,310,1,1,0.2672678655077204,0.452670991421,0.2281333008102876,-10.0738169826,-179.611038139,-82.3640108285,0,-0.2224631982279047,-0.5067650989223935,20220120-122427
1642678155.54,6.2200000286102295,0,311,1,1,0.2672678655077204,0.452670991421,0.2281333008102876,-10.0738169826,-179.611038139,-82.3640108285,0,-0.2224631982279047,-0.5067650989223935,20220120-122427
1642678155.56,6.240000009536743,0,312,1,1,0.2756925745773214,0.453525990248,0.2408320697070798,-11.4920792543,-173.441276044,-77.8905353314,0,-0.2224631982279047,-0.5067650989223935,20220120-122427
1642678155.58,6.259999990463257,0,313,1,1,0.2793558364356749,0.453051969409,0.2477513340701471,-10.8587731665,-173.728546257,-79.42449319434999,0,-0.2224631982279047,-0.5067650989223935,20220120-122427
1642678155.6,6.2799999713897705,0,314,1,1,0.2798189101602047,0.452545046806,0.2488186275206051,-10.0931212934,-172.941744692,-80.2388358553,0,-0.2224631982279047,-0.5067650989223935,20220120-122427
1642678155.62,6.299999952316284,0,315,1,1,0.2798189101602047,0.452545046806,0.2488186275206051,-10.0931212934,-172.941744692,-80.2388358553,0,-0.2224631982279047,-0.5067650989223935,20220120-122427
1642678155.64,6.320000171661377,0,316,1,1,0.2887226145028518,0.453931629658,0.2578021371352904,-10.2751749664,-168.845920584,-75.1041614913,0,-0.2224631982279047,-0.5067650989223935,20220120-122427
1642678155.66,6.340000152587891,0,317,1,1,0.288986061347846,0.453288257122,0.2599338490069155,-8.33381567995,-170.235677778,-74.5352916673,0,-0.2224631982279047,-0.5067650989223935,20220120-122427
1642678155.68,6.360000133514404,0,318,1,1,0.2887313296214007,0.451110005379,0.2633541254675451,-5.34077447747,-171.125620307,-76.7881279532,0,-0.2224631982279047,-0.5067650989223935,20220120-122427
1642678155.7,6.380000114440918,0,319,1,1,0.2887313296214007,0.451110005379,0.2633541254675451,-5.34077447747,-171.125620307,-76.7881279532,0,-0.2224631982279047,-0.5067650989223935,20220120-122427
1642678155.72,6.400000095367432,0,320,1,1,0.2910260601331918,0.454018294811,0.2706000819142763,-5.99323778421,-170.663678103,-71.5090323854,0,-0.2224631982279047,-0.5067650989223935,20220120-122427
1642678155.74,6.420000076293945,0,321,1,1,0.2923032563529611,0.455594807863,0.2737973435776079,-6.25533039227,-170.439779432,-69.228187886,0,-0.2224631982279047,-0.5067650989223935,20220120-122427
1642678155.76,6.440000057220459,0,322,1,1,0.2916761530058354,0.45531013608,0.2777063714581427,-3.11933178984,-169.748789625,-68.810030015,0,-0.2224631982279047,-0.5067650989223935,20220120-122427
1642678155.78,6.460000038146973,0,323,1,1,0.2937726826097483,0.4557188600305,0.2824025060782386,-2.709842491145,-174.10888154449998,-73.30907536675,0,-0.2224631982279047,-0.5067650989223935,20220120-122427
1642678155.8,6.480000019073486,0,324,1,1,0.2945410923767474,0.45707179606,0.2878478653426148,-1.580425051235,-174.9766451005,-72.8058840087,0,-0.2224631982279047,-0.5067650989223935,20220120-122427
1642678155.82,6.5,0,325,1,1,0.2944961181151189,0.459873408079,0.298336225123759,2.27560213348,-173.462359089,-69.2858208187,0,-0.2224631982279047,-0.5067650989223935,20220120-122427
1642678155.84,6.519999980926514,0,326,1,1,0.2956713204895175,0.459594041109,0.3047100723140684,1.99902062235,-174.054754146,-69.3868640538,0,-0.2224631982279047,-0.5067650989223935,20220120-122427
1642678155.86,6.539999961853027,0,327,1,1,0.2970988774108427,0.457627356052,0.3099001659570587,-0.381048383987,-175.867302607,-72.7567481746,0,-0.2224631982279047,-0.5067650989223935,20220120-122427
1642678155.88,6.56000018119812,0,328,1,1,0.2980988026519686,0.456567078829,0.3121780192291082,-2.19911143455,-177.077709116,-74.7780302318,0,-0.2224631982279047,-0.5067650989223935,20220120-122427
1642678155.9,6.580000162124634,0,329,1,1,0.295941755176641,0.455691933632,0.3187177842690119,-2.046165402905,1.081109851000008,-73.7737433184,0,-0.2224631982279047,-0.5067650989223935,20220120-122427
1642678155.92,6.6000001430511475,0,330,1,1,0.2891682295341002,0.455470919609,0.3295082651823529,0.420637886535,171.313458008,-72.4678336882,0,-0.2224631982279047,-0.5067650989223935,20220120-122427
1642678155.94,6.620000123977661,0,331,1,1,0.2838680317132123,0.454524993896,0.3324017420120937,0.704070955648,169.893577949,-74.5916733461,0,-0.2224631982279047,-0.5067650989223935,20220120-122427
1642678155.96,6.640000104904175,0,332,1,1,0.2838680317132123,0.454524993896,0.3324017420120937,0.704070955648,169.893577949,-74.5916733461,0,-0.2224631982279047,-0.5067650989223935,20220120-122427
1642678155.98,6.6600000858306885,0,333,1,1,0.2838680317132123,0.454524993896,0.3324017420120937,0.704070955648,169.893577949,-74.5916733461,0,-0.2224631982279047,-0.5067650989223935,20220120-122427
1642678156.0,6.680000066757202,0,334,1,1,0.2838680317132123,0.454524993896,0.3324017420120937,0.704070955648,169.893577949,-74.5916733461,0,-0.2224631982279047,-0.5067650989223935,20220120-122427
1642678156.02,6.700000047683716,0,335,1,1,0.2714878334968689,0.453838557005,0.3432801527165741,-1.38481466158,159.684235714,-73.2455389375,0,-0.2224631982279047,-0.5067650989223935,20220120-122427
1642678156.04,6.7200000286102295,0,336,1,1,0.2687602016939475,0.453368872404,0.3452406677434379,-1.92164254869,157.902941056,-72.7023833984,0,-0.2224631982279047,-0.5067650989223935,20220120-122427
1642678156.06,6.740000009536743,0,337,1,1,0.2675453140944707,0.45266649127,0.343977224510304,-1.36670128728,158.021216985,-75.2958458901,0,-0.2224631982279047,-0.5067650989223935,20220120-122427
1642678156.08,6.759999990463257,0,338,1,1,0.2626798418173386,0.4544323682785,0.3440391487127452,-1.0774252899165,154.7261487335,-74.5022475671,0,-0.2224631982279047,-0.5067650989223935,20220120-122427
1642678156.1,6.7799999713897705,0,339,1,1,0.2546080537034761,0.456455349922,0.34283614861904,0.9402212739835,146.4251295065,-74.72270220635,0,-0.2224631982279047,-0.5067650989223935,20220120-122427
1642678156.12,6.799999952316284,0,340,1,1,0.2457529231620629,0.457963347435,0.3374497389243377,3.21898972859,136.601921094,-79.4463293693,0,-0.2224631982279047,-0.5067650989223935,20220120-122427
1642678156.14,6.820000171661377,0,341,1,1,0.2402090263046855,0.457293331623,0.3366613268071821,2.11450680251,132.057540776,-81.3368631125,0,-0.2224631982279047,-0.5067650989223935,20220120-122427
1642678156.16,6.840000152587891,0,342,1,1,0.2335136984461102,0.454069554806,0.3369438442360453,1.9273442428,128.810757994,-80.0228796961,0,-0.2224631982279047,-0.5067650989223935,20220120-122427
1642678156.18,6.860000133514404,0,343,1,1,0.2251707747698721,0.45824405551,0.3340706546684027,-1.1449760874865,124.26028482,-79.29790394825,0,-0.2224631982279047,-0.5067650989223935,20220120-122427
1642678156.2,6.880000114440918,0,344,1,1,0.2176651295836901,0.459104150534,0.3298454210891539,1.0313300652835,124.1875601895,-77.0028280898,0,-0.2224631982279047,-0.5067650989223935,20220120-122427
1642678156.22,6.900000095367432,0,345,1,1,0.2085511011839682,0.459865510464,0.3293360184500254,-1.14108812783,117.414695838,-79.0157205855,0,-0.2224631982279047,-0.5067650989223935,20220120-122427
1642678156.24,6.920000076293945,0,346,1,1,0.2045637936286011,0.457664996386,0.3289252109819467,-1.92853043122,113.803590758,-84.1003509465,0,-0.2224631982279047,-0.5067650989223935,20220120-122427
1642678156.26,6.940000057220459,0,347,1,1,0.2075911663438703,0.45993989706,0.3255816967242536,-5.52962630915,117.340764171,-96.1719150527,0,-0.2224631982279047,-0.5067650989223935,20220120-122427
1642678156.28,6.960000038146973,0,348,1,1,0.1918610341017839,0.4569396823645,0.3302933597193325,-4.602389989624999,117.887171664,-79.49714305034999,0,-0.2224631982279047,-0.5067650989223935,20220120-122427
1642678156.3,6.980000019073486,0,349,1,1,0.1869716937649289,0.4576029628515,0.331124501304034,-3.98498836328,118.491847232,-77.3629340507,0,-0.2224631982279047,-0.5067650989223935,20220120-122427
1642678156.32,7.0,0,350,1,1,0.1816259411076498,0.456988453865,0.3328621669543989,-4.58324315579,118.850711724,-80.7252842477,0,-0.2224631982279047,-0.5067650989223935,20220120-122427
1642678156.34,7.019999980926514,0,351,1,1,0.1786486584442178,0.455311149359,0.3338444916297971,-5.32890105196,120.214192185,-82.5407180696,0,-0.2224631982279047,-0.5067650989223935,20220120-122427
1642678156.36,7.039999961853027,0,352,1,1,0.1766004449823344,0.455784589052,0.3356520244593607,-6.22870403491,117.755367562,-84.6247430859,0,-0.2224631982279047,-0.5067650989223935,20220120-122427
1642678156.38,7.06000018119812,0,353,1,1,0.1701287293642286,0.4573965519665,0.3380465194076739,-6.34354043962,121.392806612,-78.16330118799999,0,-0.2224631982279047,-0.5067650989223935,20220120-122427
1642678156.4,7.080000162124634,0,354,1,1,0.1657608160972908,0.457408219576,0.3407007714270392,-7.453411943980001,123.567208768,-74.10122522005,0,-0.2224631982279047,-0.5067650989223935,20220120-122427
1642678156.42,7.1000001430511475,0,355,1,1,0.1638236971587876,0.456921219826,0.3417656758338812,-7.3285582902,123.061617557,-77.6540182628,0,-0.2224631982279047,-0.5067650989223935,20220120-122427
1642678156.44,7.120000123977661,0,356,1,1,0.1606197047423874,0.45489948988,0.344141687831824,-8.66714103189,124.254517223,-79.3393953217,0,-0.2224631982279047,-0.5067650989223935,20220120-122427
1642678156.46,7.140000104904175,0,357,1,1,0.1573925848164962,0.455313831568,0.3475972006524909,-9.64772199988,125.052809015,-73.4963492505,0,-0.2224631982279047,-0.5067650989223935,20220120-122427
1642678156.48,7.1600000858306885,0,358,1,1,0.150922334489865,0.4566396325825,0.3479818163420273,-6.27153989384,124.390259904,-64.94634554715,0,-0.2224631982279047,-0.5067650989223935,20220120-122427
1642678156.5,7.180000066757202,0,359,1,1,0.1474224333785634,0.4571618437765,0.3484441556395409,-4.232858294225,124.003860613,-61.6629596023,0,-0.2224631982279047,-0.5067650989223935,20220120-122427
1642678156.52,7.200000047683716,0,360,1,1,0.1440842438915251,0.457369416952,0.3509414204053086,-3.06991678719,125.421872074,-59.6696543081,0,-0.2224631982279047,-0.5067650989223935,20220120-122427
1642678156.54,7.2200000286102295,0,361,1,1,0.1410999482177978,0.456856429577,0.3530531662632549,-1.89346125269,126.890083018,-57.2929355479,0,-0.2224631982279047,-0.5067650989223935,20220120-122427
1642678156.56,7.240000009536743,0,362,1,1,0.1385525236302176,0.457001388073,0.3545428624147113,-0.252546800206,127.298871725,-55.6256137413,0,-0.2224631982279047,-0.5067650989223935,20220120-122427
1642678156.58,7.259999990463257,0,363,1,1,0.1338243132217083,0.4578899443149999,0.3550577545351546,0.8032804429325,124.8836028035,-53.16010802455,0,-0.2224631982279047,-0.5067650989223935,20220120-122427
1642678156.6,7.2799999713897705,0,364,1,1,0.1309132966100529,0.458166658878,0.3561349638054877,-0.5430737912425001,124.457366987,-53.1954481093,0,-0.2224631982279047,-0.5067650989223935,20220120-122427
1642678156.62,7.299999952316284,0,365,1,1,0.1281734933763187,0.458071857691,0.3591052084741478,-1.6283991456,125.380756247,-55.942205194,0,-0.2224631982279047,-0.5067650989223935,20220120-122427
1642678156.64,7.320000171661377,0,366,1,1,0.1279927182760602,0.45814371109,0.3607598720603982,-1.47335821993,125.19070405,-59.4472265371,0,-0.2224631982279047,-0.5067650989223935,20220120-122427
1642678156.66,7.340000152587891,0,367,1,1,0.1264462860683464,0.459095627069,0.36178809299368,-0.968754361088,124.455260331,-59.2967167417,0,-0.2224631982279047,-0.5067650989223935,20220120-122427
1642678156.68,7.360000133514404,0,368,1,1,0.1219224592854901,0.4601639807225,0.3614552374006852,1.192051214215,120.7385818435,-55.78867285975,0,-0.2224631982279047,-0.5067650989223935,20220120-122427
1642678156.7,7.380000114440918,0,369,1,1,0.1189491295549591,0.4608790874485,0.3608032368239587,1.51251358554,118.3573848905,-55.1447505207,0,-0.2224631982279047,-0.5067650989223935,20220120-122427
1642678156.72,7.400000095367432,0,370,1,1,0.1154241703749997,0.461974352598,0.3607925378693326,-1.05872824624,117.238396783,-56.7277556422,0,-0.2224631982279047,-0.5067650989223935,20220120-122427
1642678156.74,7.420000076293945,0,371,1,1,0.1134465554925931,0.462143599987,0.3613136920435114,-1.99025611338,119.629606165,-58.4470585839,0,-0.2224631982279047,-0.5067650989223935,20220120-122427
1642678156.76,7.440000057220459,0,372,1,1,0.1126422145859392,0.462621182203,0.363464078713127,-4.1702540631,122.611675661,-59.1029751719,0,-0.2224631982279047,-0.5067650989223935,20220120-122427
1642678156.78,7.460000038146973,0,373,1,1,0.1145257030823537,0.4621707201005,0.3692867283226749,-11.147221638285,131.3263917095,-61.1720869783,0,-0.2224631982279047,-0.5067650989223935,20220120-122427
1642678156.8,7.480000019073486,0,374,1,1,0.115360990589516,0.460913985968,0.3727153507776177,-12.9720273077,135.10485751700003,-63.8177614398,0,-0.2224631982279047,-0.5067650989223935,20220120-122427
1642678156.82,7.5,0,375,1,1,0.1147224835044365,0.458879977465,0.3789523445263839,-13.288771556,132.319413088,-66.9933986413,0,-0.2224631982279047,-0.5067650989223935,20220120-122427
1642678156.84,7.519999980926514,0,376,1,1,0.1140943833373916,0.457091242075,0.3788883431609778,-10.5453935742,136.390091693,-66.6564875043,0,-0.2224631982279047,-0.5067650989223935,20220120-122427
1642678156.86,7.539999961853027,0,377,1,1,0.1148293410262963,0.456876903772,0.3814797070158509,-11.3911670757,138.19236887,-64.7530734518,0,-0.2224631982279047,-0.5067650989223935,20220120-122427
1642678156.88,7.56000018119812,0,378,1,1,0.1144071085775249,0.457392334938,0.3874158493911153,-12.8355273929,139.995257272,-60.66945165455,0,-0.2224631982279047,-0.5067650989223935,20220120-122427
1642678156.9,7.580000162124634,0,379,1,1,0.1138872477847872,0.457561701536,0.3901991238051008,-12.624162546,141.59862962850002,-58.58536837125,0,-0.2224631982279047,-0.5067650989223935,20220120-122427
1642678156.92,7.6000001430511475,0,380,1,1,0.1137985994489336,0.457868695259,0.3928989044399474,-13.1035282592,141.955330035,-56.3535487579,0,-0.2224631982279047,-0.5067650989223935,20220120-122427
1642678156.94,7.620000123977661,0,381,1,1,0.1138800820844119,0.45814114809,0.3932804945550305,-12.9571187524,141.324533093,-54.5915884236,0,-0.2224631982279047,-0.5067650989223935,20220120-122427
1642678156.96,7.640000104904175,0,382,1,1,0.1152955192999464,0.458535969257,0.3924553195426857,-12.1597019935,142.176000507,-53.9541144667,0,-0.2224631982279047,-0.5067650989223935,20220120-122427
1642678156.98,7.6600000858306885,0,383,1,1,0.1187857111164026,0.459929853678,0.3942289103900142,-13.78550747975,146.26831146400002,-53.313979629,0,-0.2224631982279047,-0.5067650989223935,20220120-122427
1642678157.0,7.680000066757202,0,384,1,1,0.1193887988922154,0.4620971381665,0.3952010143201875,-14.43581437515,147.34081780050002,-49.6949763226,0,-0.2224631982279047,-0.5067650989223935,20220120-122427
1642678157.02,7.700000047683716,0,385,1,1,0.1191643313601159,0.466494590044,0.3946610897348752,-15.3713862038,144.341436181,-44.2235581616,0,-0.2224631982279047,-0.5067650989223935,20220120-122427
1642678157.04,7.7200000286102295,0,386,1,1,0.1165408611713936,0.466323375702,0.3905138918606772,-11.7272526677,137.558876546,-46.2928812476,0,-0.2224631982279047,-0.5067650989223935,20220120-122427
1642678157.06,7.740000009536743,0,387,1,1,0.1123135177619853,0.46495372057,0.3832397060924137,-4.88709591789,125.402347662,-51.2261251301,0,-0.2224631982279047,-0.5067650989223935,20220120-122427
1642678157.08,7.759999990463257,0,388,1,1,0.1066876355229681,0.4634754508735,0.368647825883599,4.305023809410001,106.3676025445,-58.7796219721,0,-0.2224631982279047,-0.5067650989223935,20220120-122427
1642678157.1,7.7799999713897705,0,389,1,1,0.1029337396030074,0.462677165866,0.3600417010101067,6.28643546104,97.3329070404,-61.91498653445,0,-0.2224631982279047,-0.5067650989223935,20220120-122427
1642678157.12,7.799999952316284,0,390,1,1,0.0857826770415055,0.463327229023,0.3586400530462281,-6.23312498324,90.8753534306,-50.4242593338,0,-0.2224631982279047,-0.5067650989223935,20220120-122427
1642678157.14,7.820000171661377,0,391,1,1,0.0860486639163799,0.462208360434,0.3545561747740188,-8.0850097115,89.5683400039,-56.5552206074,0,-0.2224631982279047,-0.5067650989223935,20220120-122427
1642678157.16,7.840000152587891,0,392,1,1,0.0922086596332554,0.459322780371,0.3416253495981941,1.6468783241,87.6483312682,-68.6724700945,0,-0.2224631982279047,-0.5067650989223935,20220120-122427
1642678157.18,7.860000133514404,0,393,1,1,0.0896989313277459,0.45650832355,0.328926076946433,4.806416226794999,80.87267251565001,-71.36987752305001,0,-0.2224631982279047,-0.5067650989223935,20220120-122427
1642678157.2,7.880000114440918,0,394,1,1,0.0875882025867786,0.4549649357795,0.3218705252616003,5.700825618034999,80.07048633970001,-72.7615797791,0,-0.2224631982279047,-0.5067650989223935,20220120-122427
1642678157.22,7.900000095367432,0,395,1,1,0.0852589432096041,0.454657047987,0.3170526575597625,3.93976926261,78.6577491811,-78.4544620952,0,-0.2224631982279047,-0.5067650989223935,20220120-122427
1642678157.24,7.920000076293945,0,396,1,1,0.083524090531376,0.4547560215,0.3149860448487087,1.66643691371,79.16796745,-80.5588185919,0,-0.2224631982279047,-0.5067650989223935,20220120-122427
1642678157.26,7.940000057220459,0,397,1,1,0.0779265598146246,0.453696161509,0.3082918893329012,3.7214121186,81.8385325891,-69.0240577307,0,-0.2224631982279047,-0.5067650989223935,20220120-122427
1642678157.28,7.960000038146973,0,398,1,1,0.074013472598513,0.4554993361235,0.301995207846214,6.52649890691,75.1634462256,-64.3179026035,0,-0.2224631982279047,-0.5067650989223935,20220120-122427
1642678157.3,7.980000019073486,0,399,1,1,0.0705486011390944,0.4548010379075,0.2987835125462279,5.81657409772,74.6041998304,-62.06425279095,0,-0.2224631982279047,-0.5067650989223935,20220120-122427
1642678157.32,8.0,0,400,1,1,0.0667943200734018,0.45337843895,0.2942472970550291,5.06397130851,77.7099047931,-61.2398352977,0,-0.2224631982279047,-0.5067650989223935,20220120-122427
1642678157.34,8.019999980926514,0,401,1,1,0.0647753771945038,0.455054908991,0.2947332665176513,2.32971893628,78.0344830873,-59.379568028,0,-0.2224631982279047,-0.5067650989223935,20220120-122427
1642678157.36,8.039999961853027,0,402,1,1,0.062500768639251,0.456871211529,0.2938994712795019,3.97924899363,80.4746095831,-53.1416782001,0,-0.2224631982279047,-0.5067650989223935,20220120-122427
1642678157.38,8.06000018119812,0,403,1,1,0.0596949951010579,0.4584431797265,0.2939745068219735,6.50575252503,81.96447828065001,-47.47757839485,0,-0.2224631982279047,-0.5067650989223935,20220120-122427
1642678157.4,8.080000162124634,0,404,1,1,0.0578076939220084,0.458319246769,0.2933221616151237,7.850849447515,81.84563304170001,-46.0043918868,0,-0.2224631982279047,-0.5067650989223935,20220120-122427
1642678157.42,8.100000143051147,0,405,1,1,0.0546368597212545,0.457981228828,0.2928972600920809,6.26360455749,81.3634773359,-44.7280368301,0,-0.2224631982279047,-0.5067650989223935,20220120-122427
1642678157.44,8.120000123977661,0,406,1,1,0.0526864631182902,0.458070456982,0.2926326883299504,5.67170660088,81.9238106354,-43.2907643359,0,-0.2224631982279047,-0.5067650989223935,20220120-122427
1642678157.46,8.140000104904175,0,407,1,1,0.0518273506306971,0.458459615707,0.2909616706057936,6.83402082262,79.6531381913,-42.0843422276,0,-0.2224631982279047,-0.5067650989223935,20220120-122427
1642678157.48,8.160000085830688,0,408,1,1,0.0501310595166423,0.4594280421735,0.2833556462273306,9.864436509505,71.39061114675,-41.3449988245,0,-0.2224631982279047,-0.5067650989223935,20220120-122427
1642678157.5,8.180000066757202,0,409,1,1,0.0476867546322452,0.4591186344625,0.2781695746011849,9.206062429705,68.32993864984999,-43.0691440655,0,-0.2224631982279047,-0.5067650989223935,20220120-122427
1642678157.52,8.200000047683716,0,410,1,1,0.0445814664428648,0.45831900835,0.2744943842184872,5.67220993875,68.2006286597,-50.5732301122,0,-0.2224631982279047,-0.5067650989223935,20220120-122427
1642678157.54,8.22000002861023,0,411,1,1,0.0425763387316753,0.459338098764,0.2725544752690532,6.18634388357,69.5105275899,-49.6503401116,0,-0.2224631982279047,-0.5067650989223935,20220120-122427
1642678157.56,8.240000009536743,0,412,1,1,0.0417977817752469,0.462246417999,0.2710258030870248,6.66130102794,69.0497038027,-44.6984689614,0,-0.2224631982279047,-0.5067650989223935,20220120-122427
1642678157.58,8.259999990463257,0,413,1,1,0.0398822839778435,0.4652461856605,0.265349031066549,8.673780071325,66.0039986463,-39.3845222797,0,-0.2224631982279047,-0.5067650989223935,20220120-122427
1642678157.6,8.27999997138977,0,414,1,1,0.0381710908057506,0.466899186373,0.2598562016269515,9.015421045465,62.91215346945,-38.318290502,0,-0.2224631982279047,-0.5067650989223935,20220120-122427
1642678157.62,8.299999952316284,0,415,1,1,0.0345134874468549,0.470666110516,0.2514661289192224,5.54815861089,60.0910556486,-38.2474554845,0,-0.2224631982279047,-0.5067650989223935,20220120-122427
1642678157.64,8.320000171661377,0,416,1,1,0.0298923291532447,0.472968280315,0.2459202515974578,3.88225588025,60.6404638644,-39.3313387936,0,-0.2224631982279047,-0.5067650989223935,20220120-122427
1642678157.66,8.34000015258789,0,417,1,1,0.0246459174360129,0.474397957325,0.2398111941343431,4.36767844477,61.7994062742,-41.0691949158,0,-0.2224631982279047,-0.5067650989223935,20220120-122427
1642678157.68,8.360000133514404,0,418,1,1,0.0175455298000196,0.470137655735,0.2322113392255909,2.18186761493,59.51935711485,-50.07925221155,0,-0.2224631982279047,-0.5067650989223935,20220120-122427
1642678157.7,8.380000114440918,0,419,1,1,0.0130249621244616,0.4654231369495,0.2272977642915335,0.954334393818,58.120525437,-56.8862990132,0,-0.2224631982279047,-0.5067650989223935,20220120-122427
1642678157.72,8.400000095367432,0,420,1,1,0.0072236777612668,0.460050076246,0.2225487528892601,-0.30556994767,57.5140783464,-63.9535616896,0,-0.2224631982279047,-0.5067650989223935,20220120-122427
1642678157.74,8.420000076293945,0,421,1,1,0.0042839754657461,0.45800986886,0.2209570219203838,-0.547770801347,55.9939902411,-66.6701094209,0,-0.2224631982279047,-0.5067650989223935,20220120-122427
1642678157.76,8.440000057220459,0,422,1,1,0.0014048510254319,0.457208931446,0.219016250290563,-0.656671641385,59.803399558,-63.6908594421,0,-0.2224631982279047,-0.5067650989223935,20220120-122427
1642678157.78,8.460000038146973,0,423,1,1,-0.0036125616032476,0.458268254995,0.2182621672048806,1.4103549358225005,64.43166102455,-55.1109336634,0,-0.2224631982279047,-0.5067650989223935,20220120-122427
1642678157.8,8.480000019073486,0,424,1,1,-0.0069342863028641,0.458407461643,0.2181777278286112,2.0335363073900004,66.206565908,-52.5646434737,0,-0.2224631982279047,-0.5067650989223935,20220120-122427
1642678157.82,8.5,0,425,1,1,-0.0114383030644459,0.456299006939,0.216885378694596,2.34337936177,66.6430118385,-53.7224295956,0,-0.2224631982279047,-0.5067650989223935,20220120-122427
1642678157.84,8.519999980926514,0,426,1,1,-0.0135625721893786,0.456638067961,0.2174165102489661,1.00109416952,67.2153919068,-55.5465026152,0,-0.2224631982279047,-0.5067650989223935,20220120-122427
1642678157.86,8.539999961853027,0,427,1,1,-0.0182074178280822,0.458432018757,0.2180905038499857,1.00732983419,69.8119796949,-49.4330628691,0,-0.2224631982279047,-0.5067650989223935,20220120-122427
1642678157.88,8.56000018119812,0,428,1,1,-0.0244355298699828,0.459341362119,0.21766658870654,3.6167857746,70.4366518419,-47.70977204505,0,-0.2224631982279047,-0.5067650989223935,20220120-122427
1642678157.9,8.580000162124634,0,429,1,1,-0.027916192267726,0.4585112929345,0.2161028808846569,4.828293436815001,68.6926697362,-49.671167788000005,0,-0.2224631982279047,-0.5067650989223935,20220120-122427
1642678157.92,8.600000143051147,0,430,1,1,-0.0325030166021391,0.458061873913,0.2146457259959877,1.86443868264,66.9968876132,-53.3933496957,0,-0.2224631982279047,-0.5067650989223935,20220120-122427
1642678157.94,8.620000123977661,0,431,1,1,-0.0355711938549506,0.457611680031,0.2120785241026372,1.70326100859,66.9419521482,-52.6733864919,0,-0.2224631982279047,-0.5067650989223935,20220120-122427
1642678157.96,8.640000104904175,0,432,1,1,-0.0355055437135445,0.458091497421,0.2084708600987448,4.01846699108,62.2110092269,-56.0314432523,0,-0.2224631982279047,-0.5067650989223935,20220120-122427
1642678157.98,8.660000085830688,0,433,1,1,-0.0345659227453603,0.4579755663875,0.2004431960421157,7.37023402302,53.15580169925,-61.9367394783,0,-0.2224631982279047,-0.5067650989223935,20220120-122427
1642678158.0,8.680000066757202,0,434,1,1,-0.034273807721619,0.4567680805925,0.1960329334975916,6.572120320514999,48.9644805872,-68.9220294979,0,-0.2224631982279047,-0.5067650989223935,20220120-122427
1642678158.02,8.700000047683716,0,435,1,1,-0.0359306805363806,0.45337831974,0.1913311927662331,4.19835961591,46.3467397471,-76.162294547,0,-0.2224631982279047,-0.5067650989223935,20220120-122427
1642678158.04,8.72000002861023,0,436,1,1,-0.0362631208038868,0.453209578991,0.1861135003138569,3.80321855636,51.3247147027,-73.299073739,0,-0.2224631982279047,-0.5067650989223935,20220120-122427
1642678158.06,8.740000009536743,0,437,1,1,-0.036352092692854,0.456452131271,0.1831460227180186,6.49852814021,44.6622338278,-73.866690617,0,-0.2224631982279047,-0.5067650989223935,20220120-122427
1642678158.08,8.759999990463257,0,438,1,1,-0.0366934727798856,0.4564346224065,0.1746450444435614,7.460286695280001,37.52545061315,-70.7012511266,0,-0.2224631982279047,-0.5067650989223935,20220120-122427
1642678158.1,8.77999997138977,0,439,1,1,-0.0365940145419929,0.454688057303,0.1708268519163762,5.5704145217850005,37.54717499485,-72.1958544119,0,-0.2224631982279047,-0.5067650989223935,20220120-122427
1642678158.12,8.799999952316284,0,440,1,1,-0.0369170868622876,0.453350007534,0.1679735722690213,4.29572946805,36.3419892862,-75.8314232006,0,-0.2224631982279047,-0.5067650989223935,20220120-122427
1642678158.14,8.820000171661377,0,441,1,1,-0.0378286921888742,0.455400168896,0.1659274975253736,2.11398214424,35.4824118768,-74.9082020326,0,-0.2224631982279047,-0.5067650989223935,20220120-122427
1642678158.16,8.84000015258789,0,442,1,1,-0.0388466026080882,0.456772863865,0.1612756988238523,2.64892778096,33.5962141813,-70.6700230693,0,-0.2224631982279047,-0.5067650989223935,20220120-122427
1642678158.18,8.860000133514404,0,443,1,1,-0.0383132848351073,0.456754386425,0.1556383445269083,5.01187028609,33.09083170775,-70.48473080905,0,-0.2224631982279047,-0.5067650989223935,20220120-122427
1642678158.2,8.880000114440918,0,444,1,1,-0.039320472264643,0.4556840211155,0.1529722780537688,4.996419203515,31.8233211641,-72.15027834545,0,-0.2224631982279047,-0.5067650989223935,20220120-122427
1642678158.22,8.900000095367432,0,445,1,1,-0.0420422346233726,0.455001175404,0.1494438469050936,3.2375237219,32.2100487596,-71.2840816197,0,-0.2224631982279047,-0.5067650989223935,20220120-122427
1642678158.24,8.920000076293945,0,446,1,1,-0.0433760946046313,0.455201625824,0.1452182829280743,3.69542236949,33.5533649241,-66.9650206871,0,-0.2224631982279047,-0.5067650989223935,20220120-122427
1642678158.26,8.940000057220459,0,447,1,1,-0.0429498780888002,0.455746740103,0.1406594428370116,6.67209628716,30.3767914756,-64.3797554755,0,-0.2224631982279047,-0.5067650989223935,20220120-122427
1642678158.28,8.960000038146973,0,448,1,1,-0.0448876726615824,0.455862149596,0.1365514764694706,5.10768141294,29.35988151515,-66.16538573755,0,-0.2224631982279047,-0.5067650989223935,20220120-122427
1642678158.3,8.980000019073486,0,449,1,1,-0.0476633772730596,0.456238031387,0.134431068636962,3.573943993035,30.33374594605,-66.5015270714,0,-0.2224631982279047,-0.5067650989223935,20220120-122427
1642678158.32,9.0,0,450,1,1,-0.0542415523173522,0.457310885191,0.1315338512483589,0.361184516018,38.4395698438,-60.3511923212,0,-0.2224631982279047,-0.5067650989223935,20220120-122427
1642678158.34,9.019999980926514,0,451,1,1,-0.0597053078376014,0.457438021898,0.1317770705140001,-1.60029091334,43.5137700758,-56.4000998599,0,-0.2224631982279047,-0.5067650989223935,20220120-122427
1642678158.36,9.039999961853027,0,452,1,1,-0.0642632674612358,0.457337349653,0.1305209711542317,-2.62363373296,45.2900199109,-56.4025877663,0,-0.2224631982279047,-0.5067650989223935,20220120-122427
1642678158.38,9.06000018119812,0,453,1,1,-0.0683160495679712,0.456126064062,0.1277059162015216,-1.70775358892,45.9836790085,-58.0479113219,0,-0.2224631982279047,-0.5067650989223935,20220120-122427
1642678158.4,9.080000162124634,0,454,1,1,-0.0726561685651634,0.4558498114345,0.1261838655399106,-1.5694812858515,45.9317238375,-62.7854553118,0,-0.2224631982279047,-0.5067650989223935,20220120-122427
1642678158.42,9.100000143051147,0,455,1,1,-0.0791842878107086,0.458114981651,0.1259509586567976,-3.43859581406,49.6821320794,-61.0754372868,0,-0.2224631982279047,-0.5067650989223935,20220120-122427
1642678158.44,9.120000123977661,0,456,1,1,-0.0853878483392201,0.459579646587,0.1261991821527654,-5.61616238885,55.4980048627,-58.7595793527,0,-0.2224631982279047,-0.5067650989223935,20220120-122427
1642678158.46,9.140000104904175,0,457,1,1,-0.0907583736350469,0.458831012249,0.1274183656559888,-6.53429317753,59.9074533056,-59.9515376224,0,-0.2224631982279047,-0.5067650989223935,20220120-122427
1642678158.48,9.160000085830688,0,458,1,1,-0.0980811605881631,0.4572050273419999,0.1293016354005333,-5.48180192459,62.61211414045,-64.97493626960001,0,-0.2224631982279047,-0.5067650989223935,20220120-122427
1642678158.5,9.180000066757202,0,459,1,1,-0.1026266679198576,0.4574530720715,0.1320277943352991,-6.177887674405,64.8950329521,-67.6134090741,0,-0.2224631982279047,-0.5067650989223935,20220120-122427
1642678158.52,9.200000047683716,0,460,1,1,-0.1103884330303363,0.458047300577,0.1378942799126411,-9.27521942982,78.2255881899,-65.3517044879,0,-0.2224631982279047,-0.5067650989223935,20220120-122427
1642678158.54,9.22000002861023,0,461,1,1,-0.1150001771801983,0.457914143801,0.1426111928212896,-11.0255080542,82.3767793581,-66.7017913491,0,-0.2224631982279047,-0.5067650989223935,20220120-122427
1642678158.56,9.240000009536743,0,462,1,1,-0.1172607991690162,0.457368850708,0.1441274406352864,-9.42824845531,82.3292456006,-71.3258613258,0,-0.2224631982279047,-0.5067650989223935,20220120-122427
1642678158.58,9.259999990463257,0,463,1,1,-0.1203865563976074,0.4575105309485,0.1467730038433269,-8.89742133386,83.56664981680001,-76.84798080285,0,-0.2224631982279047,-0.5067650989223935,20220120-122427
1642678158.6,9.27999997138977,0,464,1,1,-0.1231147500212057,0.458322137594,0.1488428397077206,-8.617855278595,86.16765463855,-77.81921457575001,0,-0.2224631982279047,-0.5067650989223935,20220120-122427
1642678158.62,9.299999952316284,0,465,1,1,-0.128298160168269,0.459993749857,0.1546621403491148,-10.8735032957,91.7215354948,-76.6140783465,0,-0.2224631982279047,-0.5067650989223935,20220120-122427
1642678158.64,9.320000171661377,0,466,1,1,-0.1320226338152302,0.45978230238,0.1581679482614039,-13.1105947019,97.1600101671,-74.8303984297,0,-0.2224631982279047,-0.5067650989223935,20220120-122427
1642678158.66,9.34000015258789,0,467,1,1,-0.1344739051841208,0.460120856762,0.1607030424916838,-12.7297255262,95.1895295968,-78.4956344222,0,-0.2224631982279047,-0.5067650989223935,20220120-122427
1642678158.68,9.360000133514404,0,468,1,1,-0.1373301069673418,0.4587069302795,0.1626594673647244,-10.12670960096,95.9395493037,-82.21533090060001,0,-0.2224631982279047,-0.5067650989223935,20220120-122427
1642678158.7,9.380000114440918,0,469,1,1,-0.1406207726652931,0.4594502002,0.1651950886805601,-10.86715790256,97.68158949665,-79.44679939755,0,-0.2224631982279047,-0.5067650989223935,20220120-122427
1642678158.72,9.400000095367432,0,470,1,1,-0.1443057830416029,0.460790514946,0.1676749041751355,-10.017798499,100.804733284,-77.0368846504,0,-0.2224631982279047,-0.5067650989223935,20220120-122427
1642678158.74,9.420000076293945,0,471,1,1,-0.1482025953183053,0.459813565016,0.1689328768822671,-8.42183347832,99.3630761955,-76.8983107448,0,-0.2224631982279047,-0.5067650989223935,20220120-122427
1642678158.76,9.440000057220459,0,472,1,1,-0.1538254231984075,0.456269264221,0.1692943812800456,-7.27676218559,103.063396211,-71.8536390624,0,-0.2224631982279047,-0.5067650989223935,20220120-122427
1642678158.78,9.460000038146973,0,473,1,1,-0.1529310777708279,0.459025040269,0.1720107960371974,-8.69582038873,101.16972287515,-80.6323901224,0,-0.2224631982279047,-0.5067650989223935,20220120-122427
1642678158.8,9.480000019073486,0,474,1,1,-0.154038002865392,0.4600288420914999,0.176579578982815,-12.35774629043,104.469592568,-79.9757694839,0,-0.2224631982279047,-0.5067650989223935,20220120-122427
1642678158.82,9.5,0,475,1,1,-0.1547113781876452,0.459997951984,0.1842028730720483,-17.9884047777,114.084995949,-79.4743858298,0,-0.2224631982279047,-0.5067650989223935,20220120-122427
1642678158.84,9.519999980926514,0,476,1,1,-0.1562889286053477,0.460094302893,0.1879346169570808,-20.5513590184,114.390665141,-78.5188231511,0,-0.2224631982279047,-0.5067650989223935,20220120-122427
1642678158.86,9.539999961853027,0,477,1,1,-0.1500289067335322,0.462032556534,0.1840372000279707,-16.2548527656,117.099610073,-97.1469525717,0,-0.2224631982279047,-0.5067650989223935,20220120-122427
1642678158.88,9.56000018119812,0,478,1,1,-0.1555805056373093,0.4599598646164999,0.1897227651916132,-16.3898416855,113.068691972,-91.39294191665,0,-0.2224631982279047,-0.5067650989223935,20220120-122427
1642678158.9,9.580000162124634,0,479,1,1,-0.1647391674509558,0.4592173993589999,0.1956251300748183,-15.4660434926,110.125124104,-81.5222371163,0,-0.2224631982279047,-0.5067650989223935,20220120-122427
1642678158.92,9.600000143051147,0,480,1,1,-0.1719554005246833,0.460731804371,0.1970806746050216,-14.0817785305,113.787460145,-74.4641786292,0,-0.2224631982279047,-0.5067650989223935,20220120-122427
1642678158.94,9.620000123977661,0,481,1,1,-0.1739398285475939,0.460691541433,0.1980985814420314,-14.352447129,111.509571996,-77.0230692688,0,-0.2224631982279047,-0.5067650989223935,20220120-122427
1642678158.96,9.640000104904175,0,482,1,1,-0.1739398285475939,0.460691541433,0.1980985814420314,-14.352447129,111.509571996,-77.0230692688,0,-0.2224631982279047,-0.5067650989223935,20220120-122427
1642678158.98,9.660000085830688,0,483,1,1,-0.1765269080731036,0.4602408409114999,0.1940614130856967,-12.65510553645,106.5861728715,-78.67604896115,0,-0.2224631982279047,-0.5067650989223935,20220120-122427
1642678159.0,9.680000066757202,0,484,1,1,-0.1815564535421889,0.458741247654,0.1844595119619423,-8.21523279397,99.3384140577,-77.8743936432,0,-0.2224631982279047,-0.5067650989223935,20220120-122427
1642678159.02,9.700000047683716,0,485,1,1,-0.1887564876096311,0.457488507032,0.174772463199711,-4.39224503036,95.3698222719,-71.2859939481,0,-0.2224631982279047,-0.5067650989223935,20220120-122427
1642678159.04,9.72000002861023,0,486,1,1,-0.1907594643107671,0.457291185856,0.1712856074963035,-3.7956076525,94.7987997954,-71.9875536413,0,-0.2224631982279047,-0.5067650989223935,20220120-122427
1642678159.06,9.740000009536743,0,487,1,1,-0.1898265811318488,0.457345843315,0.1677321026396236,-4.11632233741,93.4260233683,-77.0292510351,0,-0.2224631982279047,-0.5067650989223935,20220120-122427
1642678159.08,9.759999990463257,0,488,1,1,-0.1941699334789132,0.4582056701185,0.1596542095441926,-1.7300863993515,86.52622207445,-72.53324447675,0,-0.2224631982279047,-0.5067650989223935,20220120-122427
1642678159.1,9.77999997138977,0,489,1,1,-0.1949121192057452,0.4588659107685,0.1528976037709622,2.7178966733635,77.86529808395,-73.8938681554,0,-0.2224631982279047,-0.5067650989223935,20220120-122427
1642678159.12,9.799999952316284,0,490,1,1,-0.1972393973753506,0.458034217358,0.1446743622277317,2.68136682605,74.7529849182,-75.5088235151,0,-0.2224631982279047,-0.5067650989223935,20220120-122427
1642678159.14,9.820000171661377,0,491,1,1,-0.1988831746510381,0.457205832005,0.1415053270989518,2.21191407906,71.0324362615,-79.4668206047,0,-0.2224631982279047,-0.5067650989223935,20220120-122427
1642678159.16,9.84000015258789,0,492,1,1,-0.2030056537848475,0.4571046183509999,0.1379490916926834,2.343088821708333,69.67306154783333,-77.61434802173333,0,-0.2224631982279047,-0.5067650989223935,20220120-122427
1642678159.18,9.860000133514404,0,493,1,1,-0.2091893724855617,0.45695279787,0.13261473858328,2.5398509356808336,67.63399947733333,-74.83563914728333,0,-0.2224631982279047,-0.5067650989223935,20220120-122427
1642678159.2,9.880000114440918,0,494,1,1,-0.2133118516193712,0.456851584216,0.1290585031770116,2.6710256783291664,66.27462476366667,-72.98316656431668,0,-0.2224631982279047,-0.5067650989223935,20220120-122427
1642678159.22,9.900000095367432,0,495,1,1,-0.2194955703200855,0.456699763735,0.1237241500676087,2.867787792301667,64.23556269316667,-70.20445768986667,0,-0.2224631982279047,-0.5067650989223935,20220120-122427
1642678159.24,9.920000076293945,0,496,1,1,-0.2236180494538949,0.456598550081,0.12016791466134,2.99896253495,62.8761879795,-68.3519851069,0,-0.2224631982279047,-0.5067650989223935,20220120-122427
1642678159.26,9.940000057220459,0,497,1,1,-0.2251506986626551,0.457756489515,0.1211524268791212,0.543519642054,65.1129961445,-68.8998130863,0,-0.2224631982279047,-0.5067650989223935,20220120-122427
1642678159.28,9.960000038146973,0,498,1,1,-0.2309746036020493,0.4598314762115,0.1236620020754029,-1.127827916816,71.21541404395,-68.6997554077,0,-0.2224631982279047,-0.5067650989223935,20220120-122427
1642678159.3,9.980000019073486,0,499,1,1,-0.2342279659127472,0.4603662490844999,0.1248466756129064,-2.272739686395,74.89465688515,-68.9708440929,0,-0.2224631982279047,-0.5067650989223935,20220120-122427
1642678159.32,10.0,0,500,1,1,-0.2393950332281205,0.46029022336,0.1244893568166362,-2.58937113731,78.9135325527,-69.4113549215,0,-0.2224631982279047,-0.5067650989223935,20220120-122427
1642678159.34,10.019999980926514,0,501,1,1,-0.245451488785778,0.458637356758,0.1229040379580959,-3.8031613275,82.9953635785,-64.8772341032,0,-0.2224631982279047,-0.5067650989223935,20220120-122427
1642678159.36,10.039999961853027,0,502,1,1,-0.2479290522893155,0.458495914936,0.1228522508936736,-4.15278554768,82.2744275212,-67.0027723934,0,-0.2224631982279047,-0.5067650989223935,20220120-122427
1642678159.38,10.06000018119812,0,503,1,1,-0.2532036597129557,0.459204122424,0.1230641735637956,-4.211634370575,84.30644963565,-64.32769404095,0,-0.2224631982279047,-0.5067650989223935,20220120-122427
1642678159.4,10.080000162124634,0,504,1,1,-0.2568512810599225,0.459454476833,0.1250259753777878,-4.548042791605001,84.13917066635,-64.9081850757,0,-0.2224631982279047,-0.5067650989223935,20220120-122427
1642678159.42,10.100000143051147,0,505,1,1,-0.2611192495073199,0.459223926067,0.1281106987567462,-5.59637537355,81.7049851536,-71.0101133977,0,-0.2224631982279047,-0.5067650989223935,20220120-122427
1642678159.44,10.120000123977661,0,506,1,1,-0.2611192495073199,0.459223926067,0.1281106987567462,-5.59637537355,81.7049851536,-71.0101133977,0,-0.2224631982279047,-0.5067650989223935,20220120-122427
1642678159.46,10.140000104904175,0,507,1,1,-0.2588155185377621,0.45854434371,0.1277838676633416,-2.50720398601,82.1648114838,-83.1735225822,0,-0.2224631982279047,-0.5067650989223935,20220120-122427
1642678159.48,10.160000085830688,0,508,1,1,-0.267167779951917,0.4622656702995,0.1364108666386131,-10.38318508179,90.7510323817,-77.3210885775,0,-0.2224631982279047,-0.5067650989223935,20220120-122427
1642678159.5,10.180000066757202,0,509,1,1,-0.2745862504444389,0.4629760980605,0.1460845152835077,-17.4799076556,98.77273987635,-68.287720956,0,-0.2224631982279047,-0.5067650989223935,20220120-122427
1642678159.52,10.200000047683716,0,510,1,1,-0.2767137330549896,0.462659358978,0.1553433641466434,-17.2488127727,109.332779247,-67.9974900782,0,-0.2224631982279047,-0.5067650989223935,20220120-122427
1642678159.54,10.22000002861023,0,511,1,1,-0.2783580012872378,0.462088286877,0.1601777929245211,-14.9417176629,106.783690818,-71.0733492135,0,-0.2224631982279047,-0.5067650989223935,20220120-122427
1642678159.56,10.240000009536743,0,512,1,1,-0.2805296917104294,0.460652172565,0.1623782499239218,-12.3017599293,110.125590464,-68.7370400132,0,-0.2224631982279047,-0.5067650989223935,20220120-122427
1642678159.58,10.259999990463257,0,513,1,1,-0.2792875406578556,0.461221456528,0.1689844489534709,-12.1477956767,116.792752218,-68.2135317069,0,-0.2224631982279047,-0.5067650989223935,20220120-122427
1642678159.6,10.27999997138977,0,514,1,1,-0.2788765611739876,0.4622491151095,0.1763087694152,-14.160323213,123.9678496465,-65.16266605665,0,-0.2224631982279047,-0.5067650989223935,20220120-122427
1642678159.62,10.299999952316284,0,515,1,1,-0.2786397907050694,0.461965829134,0.1864674703926749,-14.6099054482,131.936156203,-63.0835874263,0,-0.2224631982279047,-0.5067650989223935,20220120-122427
1642678159.64,10.320000171661377,0,516,1,1,-0.2777354303277152,0.461445122957,0.1918522544540611,-13.3340329774,130.557023216,-66.8656555403,0,-0.2224631982279047,-0.5067650989223935,20220120-122427
1642678159.66,10.34000015258789,0,517,1,1,-0.2780425948515815,0.460054337978,0.1929739153065786,-8.64635309137,131.644173716,-70.9848792286,0,-0.2224631982279047,-0.5067650989223935,20220120-122427
1642678159.68,10.360000133514404,0,518,1,1,-0.2799984038386881,0.461292535067,0.1993441768298803,-6.6100739786950005,127.941197993,-71.6176266583,0,-0.2224631982279047,-0.5067650989223935,20220120-122427
1642678159.7,10.380000114440918,0,519,1,1,-0.2825970095016492,0.4614508599045,0.2002133977851886,-3.163671923405,125.253040933,-72.89647336955,0,-0.2224631982279047,-0.5067650989223935,20220120-122427
1642678159.72,10.400000095367432,0,520,1,1,-0.2889926523350492,0.460524827242,0.2019527998747074,1.51745803458,121.467476273,-72.8916643687,0,-0.2224631982279047,-0.5067650989223935,20220120-122427
1642678159.74,10.420000076293945,0,521,1,1,-0.2872549280277812,0.460908651352,0.1975302684631737,5.45172262531,122.262096851,-83.6150527792,0,-0.2224631982279047,-0.5067650989223935,20220120-122427
1642678159.76,10.440000057220459,0,522,1,1,-0.295063318790778,0.457337766886,0.2031184507520131,2.08159592535,125.695456351,-72.2597852075,0,-0.2224631982279047,-0.5067650989223935,20220120-122427
1642678159.78,10.460000038146973,0,523,1,1,-0.3003855030057117,0.460248231888,0.2098405689855697,1.85672355,123.5405952845,-65.53736299605,0,-0.2224631982279047,-0.5067650989223935,20220120-122427
1642678159.8,10.480000019073486,0,524,1,1,-0.3020703129085116,0.462231874466,0.2135776089667602,0.8527344852545,122.3508603115,-60.073251381000006,0,-0.2224631982279047,-0.5067650989223935,20220120-122427
1642678159.82,10.5,0,525,1,1,-0.3040059899132459,0.46267670393,0.2172700341745831,-0.279230378822,121.353692906,-53.544960549,0,-0.2224631982279047,-0.5067650989223935,20220120-122427
1642678159.84,10.519999980926514,0,526,1,1,-0.3061236626930184,0.4620449543,0.2204915288818084,0.523487543426,119.027229983,-51.8070543198,0,-0.2224631982279047,-0.5067650989223935,20220120-122427
1642678159.86,10.539999961853027,0,527,1,1,-0.3070144802513139,0.462422281504,0.224528955697142,2.55418329858,118.885538597,-50.6607832755,0,-0.2224631982279047,-0.5067650989223935,20220120-122427
1642678159.88,10.56000018119812,0,528,1,1,-0.3062784329281984,0.463670760393,0.2311502612116787,2.86768407323,123.879658036,-49.8994472804,0,-0.2224631982279047,-0.5067650989223935,20220120-122427
1642678159.9,10.580000162124634,0,529,1,1,-0.3032412325674514,0.4638711810115,0.2422653458379142,0.6205473115719999,134.383794986,-49.23236884655,0,-0.2224631982279047,-0.5067650989223935,20220120-122427
1642678159.92,10.600000143051147,0,530,1,1,-0.3018535722812712,0.46362555027,0.2491288252601793,-2.42052308129,136.173243469,-47.6969107376,0,-0.2224631982279047,-0.5067650989223935,20220120-122427
1642678159.94,10.620000123977661,0,531,1,1,-0.3014465068901745,0.462387263775,0.2498537294803833,-3.77541598297,134.348590838,-48.1104430778,0,-0.2224631982279047,-0.5067650989223935,20220120-122427
1642678159.96,10.640000104904175,0,532,1,1,-0.3011686928746287,0.461977303028,0.249303913640491,-4.41663739096,134.285676095,-46.9731960706,0,-0.2224631982279047,-0.5067650989223935,20220120-122427
1642678159.98,10.660000085830688,0,533,1,1,-0.3010173823587701,0.462993681431,0.2462443192735517,-5.06165739093,131.39939881150002,-44.247693008,0,-0.2224631982279047,-0.5067650989223935,20220120-122427
1642678160.0,10.680000066757202,0,534,1,1,-0.3020056706617531,0.463342189789,0.2412894218878727,-3.96742142894,126.5556236155,-43.31636721715,0,-0.2224631982279047,-0.5067650989223935,20220120-122427
1642678160.02,10.700000047683716,0,535,1,1,-0.3036913172387543,0.463385373354,0.2283927497370691,-1.04739432851,113.927377171,-45.4314862988,0,-0.2224631982279047,-0.5067650989223935,20220120-122427
1642678160.04,10.72000002861023,0,536,1,1,-0.3053634117311337,0.463997006416,0.2192653006001887,-1.48193615803,105.62129416,-45.6421166911,0,-0.2224631982279047,-0.5067650989223935,20220120-122427
1642678160.06,10.740000009536743,0,537,1,1,-0.3060899069884086,0.463761299849,0.2096258327508545,-2.07626022978,99.2457137582,-47.2974104482,0,-0.2224631982279047,-0.5067650989223935,20220120-122427
1642678160.08,10.759999990463257,0,538,1,1,-0.3053765261607055,0.463535606861,0.1940229719363277,0.621438534723,87.18609863455,-54.0234217486,0,-0.2224631982279047,-0.5067650989223935,20220120-122427
1642678160.1,10.77999997138977,0,539,1,1,-0.3051404683417468,0.4642057716845,0.1833097606393831,2.3916925955300004,77.81881876675,-57.68585973645,0,-0.2224631982279047,-0.5067650989223935,20220120-122427
1642678160.12,10.799999952316284,0,540,1,1,-0.3025202133747556,0.464707046747,0.1654311431765257,5.63655517866,67.2890888173,-63.3351446794,0,-0.2224631982279047,-0.5067650989223935,20220120-122427
1642678160.14,10.820000171661377,0,541,1,1,-0.3018074931879899,0.464084863663,0.1596375460250245,7.8034442633,58.9025625481,-66.0205297458,0,-0.2224631982279047,-0.5067650989223935,20220120-122427
1642678160.16,10.84000015258789,0,542,1,1,-0.3002080168591891,0.461449801922,0.1468243203900415,10.2966464702,64.8099845969,-65.5768279506,0,-0.2224631982279047,-0.5067650989223935,20220120-122427
1642678160.18,10.860000133514404,0,543,1,1,-0.3002080168591891,0.461449801922,0.1468243203900415,10.2966464702,64.8099845969,-65.5768279506,0,-0.2224631982279047,-0.5067650989223935,20220120-122427
1642678160.2,10.880000114440918,0,544,1,1,-0.3002080168591891,0.461449801922,0.1468243203900415,10.2966464702,64.8099845969,-65.5768279506,0,-0.2224631982279047,-0.5067650989223935,20220120-122427
1642678160.22,10.900000095367432,0,545,1,1,-0.3002080168591891,0.461449801922,0.1468243203900415,10.2966464702,64.8099845969,-65.5768279506,0,-0.2224631982279047,-0.5067650989223935,20220120-122427
1642678160.24,10.920000076293945,0,546,1,1,-0.3002080168591891,0.461449801922,0.1468243203900415,10.2966464702,64.8099845969,-65.5768279506,0,-0.2224631982279047,-0.5067650989223935,20220120-122427
1642678160.26,10.940000057220459,0,547,1,1,-0.3002080168591891,0.461449801922,0.1468243203900415,10.2966464702,64.8099845969,-65.5768279506,0,-0.2224631982279047,-0.5067650989223935,20220120-122427
1642678160.28,10.960000038146973,0,548,1,1,-0.3002080168591891,0.461449801922,0.1468243203900415,10.2966464702,64.8099845969,-65.5768279506,0,-0.2224631982279047,-0.5067650989223935,20220120-122427
1642678160.3,10.980000019073486,0,549,1,1,-0.3002080168591891,0.461449801922,0.1468243203900415,10.2966464702,64.8099845969,-65.5768279506,0,-0.2224631982279047,-0.5067650989223935,20220120-122427
1642678160.32,11.0,0,550,1,1,-0.3002080168591891,0.461449801922,0.1468243203900415,10.2966464702,64.8099845969,-65.5768279506,0,-0.2224631982279047,-0.5067650989223935,20220120-122427
1642678160.34,11.019999980926514,0,551,1,1,-0.3002080168591891,0.461449801922,0.1468243203900415,10.2966464702,64.8099845969,-65.5768279506,0,-0.2224631982279047,-0.5067650989223935,20220120-122427
1642678160.36,11.039999961853027,0,552,1,1,-0.3002080168591891,0.461449801922,0.1468243203900415,10.2966464702,64.8099845969,-65.5768279506,0,-0.2224631982279047,-0.5067650989223935,20220120-122427
1642678160.38,11.06000018119812,0,553,1,1,-0.3002080168591891,0.461449801922,0.1468243203900415,10.2966464702,64.8099845969,-65.5768279506,0,-0.2224631982279047,-0.5067650989223935,20220120-122427
1642678160.4,11.080000162124634,0,554,1,1,-0.3002080168591891,0.461449801922,0.1468243203900415,10.2966464702,64.8099845969,-65.5768279506,0,-0.2224631982279047,-0.5067650989223935,20220120-122427
1642678160.42,11.100000143051147,0,555,1,1,-0.3002080168591891,0.461449801922,0.1468243203900415,10.2966464702,64.8099845969,-65.5768279506,0,-0.2224631982279047,-0.5067650989223935,20220120-122427
1642678160.44,11.120000123977661,0,556,1,1,-0.3002080168591891,0.461449801922,0.1468243203900415,10.2966464702,64.8099845969,-65.5768279506,0,-0.2224631982279047,-0.5067650989223935,20220120-122427
1642678160.46,11.140000104904175,0,557,1,1,-0.3002080168591891,0.461449801922,0.1468243203900415,10.2966464702,64.8099845969,-65.5768279506,0,-0.2224631982279047,-0.5067650989223935,20220120-122427
1642678160.48,11.160000085830688,0,558,1,1,-0.3002080168591891,0.461449801922,0.1468243203900415,10.2966464702,64.8099845969,-65.5768279506,0,-0.2224631982279047,-0.5067650989223935,20220120-122427
1642678160.5,11.180000066757202,0,559,1,1,-0.3002080168591891,0.461449801922,0.1468243203900415,10.2966464702,64.8099845969,-65.5768279506,0,-0.2224631982279047,-0.5067650989223935,20220120-122427
1642678160.52,11.200000047683716,0,560,1,1,-0.3002080168591891,0.461449801922,0.1468243203900415,10.2966464702,64.8099845969,-65.5768279506,0,-0.2224631982279047,-0.5067650989223935,20220120-122427
1642678160.54,11.22000002861023,0,561,1,1,-0.3002080168591891,0.461449801922,0.1468243203900415,10.2966464702,64.8099845969,-65.5768279506,0,-0.2224631982279047,-0.5067650989223935,20220120-122427
1642678160.56,11.240000009536743,0,562,1,1,-0.3002080168591891,0.461449801922,0.1468243203900415,10.2966464702,64.8099845969,-65.5768279506,0,-0.2224631982279047,-0.5067650989223935,20220120-122427
1642678160.58,11.259999990463257,0,563,1,1,-0.3002080168591891,0.461449801922,0.1468243203900415,10.2966464702,64.8099845969,-65.5768279506,0,-0.2224631982279047,-0.5067650989223935,20220120-122427
1642678160.6,11.27999997138977,0,564,1,1,-0.2855294459675124,0.460911810398,-0.0322202453846792,-1.87522192423,6.964472726425,-77.62653128515001,0,-0.2224631982279047,-0.5067650989223935,20220120-122427
1642678160.62,11.299999952316284,0,565,1,1,-0.2829907273336518,0.4594437778,-0.0400010562959502,0.698334867445,3.6387733451,-78.654812888,0,-0.2224631982279047,-0.5067650989223935,20220120-122427
1642678160.64,11.320000171661377,0,566,1,1,-0.2829907273336518,0.4594437778,-0.0400010562959502,0.698334867445,3.6387733451,-78.654812888,0,-0.2224631982279047,-0.5067650989223935,20220120-122427
1642678160.66,11.34000015258789,0,567,1,1,-0.283159994371794,0.45842680335,-0.0453574493610297,-3.69933906429,5.86861212348,-80.9109620216,0,-0.2224631982279047,-0.5067650989223935,20220120-122427
1642678160.68,11.360000133514404,0,568,1,1,-0.2832335262850214,0.46086011827,-0.0543309162738011,-2.47380789215,4.865997241425,-78.84884133335001,0,-0.2224631982279047,-0.5067650989223935,20220120-122427
1642678160.7,11.380000114440918,0,569,1,1,-0.282337243185521,0.460890620947,-0.0579140472126916,-1.08131261825,5.85157339671,-75.8522819619,0,-0.2224631982279047,-0.5067650989223935,20220120-122427
1642678160.72,11.400000095367432,0,570,1,1,-0.282337243185521,0.460890620947,-0.0579140472126916,-1.08131261825,5.85157339671,-75.8522819619,0,-0.2224631982279047,-0.5067650989223935,20220120-122427
1642678160.74,11.420000076293945,0,571,1,1,-0.282337243185521,0.460890620947,-0.0579140472126916,-1.08131261825,5.85157339671,-75.8522819619,0,-0.2224631982279047,-0.5067650989223935,20220120-122427
1642678160.76,11.440000057220459,0,572,1,1,-0.282337243185521,0.460890620947,-0.0579140472126916,-1.08131261825,5.85157339671,-75.8522819619,0,-0.2224631982279047,-0.5067650989223935,20220120-122427
1642678160.78,11.460000038146973,0,573,1,1,-0.282337243185521,0.460890620947,-0.0579140472126916,-1.08131261825,5.85157339671,-75.8522819619,0,-0.2224631982279047,-0.5067650989223935,20220120-122427
1642678160.8,11.480000019073486,0,574,1,1,-0.282337243185521,0.460890620947,-0.0579140472126916,-1.08131261825,5.85157339671,-75.8522819619,0,-0.2224631982279047,-0.5067650989223935,20220120-122427
1642678160.82,11.5,0,575,1,1,-0.282337243185521,0.460890620947,-0.0579140472126916,-1.08131261825,5.85157339671,-75.8522819619,0,-0.2224631982279047,-0.5067650989223935,20220120-122427
1642678160.84,11.519999980926514,0,576,1,1,-0.282337243185521,0.460890620947,-0.0579140472126916,-1.08131261825,5.85157339671,-75.8522819619,0,-0.2224631982279047,-0.5067650989223935,20220120-122427
1642678160.86,11.539999961853027,0,577,1,1,-0.282337243185521,0.460890620947,-0.0579140472126916,-1.08131261825,5.85157339671,-75.8522819619,0,-0.2224631982279047,-0.5067650989223935,20220120-122427
1642678160.88,11.56000018119812,0,578,1,1,-0.282337243185521,0.460890620947,-0.0579140472126916,-1.08131261825,5.85157339671,-75.8522819619,0,-0.2224631982279047,-0.5067650989223935,20220120-122427
1642678160.9,11.580000162124634,0,579,1,1,-0.282337243185521,0.460890620947,-0.0579140472126916,-1.08131261825,5.85157339671,-75.8522819619,0,-0.2224631982279047,-0.5067650989223935,20220120-122427
1642678160.92,11.600000143051147,0,580,1,1,-0.282337243185521,0.460890620947,-0.0579140472126916,-1.08131261825,5.85157339671,-75.8522819619,0,-0.2224631982279047,-0.5067650989223935,20220120-122427
1642678160.94,11.620000123977661,0,581,1,1,-0.282337243185521,0.460890620947,-0.0579140472126916,-1.08131261825,5.85157339671,-75.8522819619,0,-0.2224631982279047,-0.5067650989223935,20220120-122427
1642678160.96,11.640000104904175,0,582,1,1,-0.282337243185521,0.460890620947,-0.0579140472126916,-1.08131261825,5.85157339671,-75.8522819619,0,-0.2224631982279047,-0.5067650989223935,20220120-122427
1642678160.98,11.660000085830688,0,583,1,1,-0.282337243185521,0.460890620947,-0.0579140472126916,-1.08131261825,5.85157339671,-75.8522819619,0,-0.2224631982279047,-0.5067650989223935,20220120-122427
1642678161.0,11.680000066757202,0,584,1,1,-0.282337243185521,0.460890620947,-0.0579140472126916,-1.08131261825,5.85157339671,-75.8522819619,0,-0.2224631982279047,-0.5067650989223935,20220120-122427
1642678161.02,11.700000047683716,0,585,1,1,-0.282337243185521,0.460890620947,-0.0579140472126916,-1.08131261825,5.85157339671,-75.8522819619,0,-0.2224631982279047,-0.5067650989223935,20220120-122427
1642678161.04,11.72000002861023,0,586,1,1,-0.282337243185521,0.460890620947,-0.0579140472126916,-1.08131261825,5.85157339671,-75.8522819619,0,-0.2224631982279047,-0.5067650989223935,20220120-122427
1642678161.06,11.740000009536743,0,587,1,1,-0.282337243185521,0.460890620947,-0.0579140472126916,-1.08131261825,5.85157339671,-75.8522819619,0,-0.2224631982279047,-0.5067650989223935,20220120-122427
1642678161.08,11.759999990463257,0,588,1,1,-0.282337243185521,0.460890620947,-0.0579140472126916,-1.08131261825,5.85157339671,-75.8522819619,0,-0.2224631982279047,-0.5067650989223935,20220120-122427
1642678161.1,11.77999997138977,0,589,1,1,-0.282337243185521,0.460890620947,-0.0579140472126916,-1.08131261825,5.85157339671,-75.8522819619,0,-0.2224631982279047,-0.5067650989223935,20220120-122427
1642678161.12,11.799999952316284,0,590,1,1,-0.2854013946597354,0.461540043354,-0.1135586293571732,-4.94015085927,-2.03975789915,-76.2732291788,0,-0.2224631982279047,-0.5067650989223935,20220120-122427
1642678161.14,11.820000171661377,0,591,1,1,-0.2787146744790827,0.459892094135,-0.1109344970633638,3.09674941118,-2.88278377794,-79.7535303573,0,-0.2224631982279047,-0.5067650989223935,20220120-122427
1642678161.16,11.84000015258789,0,592,1,1,-0.2787146744790827,0.459892094135,-0.1109344970633638,3.09674941118,-2.88278377794,-79.7535303573,0,-0.2224631982279047,-0.5067650989223935,20220120-122427
1642678161.18,11.860000133514404,0,593,1,1,-0.2787146744790827,0.459892094135,-0.1109344970633638,3.09674941118,-2.88278377794,-79.7535303573,0,-0.2224631982279047,-0.5067650989223935,20220120-122427
1642678161.2,11.880000114440918,0,594,1,1,-0.2787146744790827,0.459892094135,-0.1109344970633638,3.09674941118,-2.88278377794,-79.7535303573,0,-0.2224631982279047,-0.5067650989223935,20220120-122427
1642678161.22,11.900000095367432,0,595,1,1,-0.2787146744790827,0.459892094135,-0.1109344970633638,3.09674941118,-2.88278377794,-79.7535303573,0,-0.2224631982279047,-0.5067650989223935,20220120-122427
1642678161.24,11.920000076293945,0,596,1,1,-0.2787146744790827,0.459892094135,-0.1109344970633638,3.09674941118,-2.88278377794,-79.7535303573,0,-0.2224631982279047,-0.5067650989223935,20220120-122427
1642678161.26,11.940000057220459,0,597,1,1,-0.2787146744790827,0.459892094135,-0.1109344970633638,3.09674941118,-2.88278377794,-79.7535303573,0,-0.2224631982279047,-0.5067650989223935,20220120-122427
1642678161.28,11.960000038146973,0,598,1,1,-0.2787146744790827,0.459892094135,-0.1109344970633638,3.09674941118,-2.88278377794,-79.7535303573,0,-0.2224631982279047,-0.5067650989223935,20220120-122427
1642678161.3,11.980000019073486,0,599,1,1,-0.2787146744790827,0.459892094135,-0.1109344970633638,3.09674941118,-2.88278377794,-79.7535303573,0,-0.2224631982279047,-0.5067650989223935,20220120-122427
1642678161.32,12.0,0,600,1,1,-0.2787146744790827,0.459892094135,-0.1109344970633638,3.09674941118,-2.88278377794,-79.7535303573,0,-0.2224631982279047,-0.5067650989223935,20220120-122427
1642678161.34,12.019999980926514,0,601,1,1,-0.2379879163631828,0.461397945881,-0.1289868769315504,3.86056277575,-14.8569550107,-60.4971646522,0,-0.2224631982279047,-0.5067650989223935,20220120-122427
1642678161.36,12.039999961853027,0,602,1,1,-0.2391219574984556,0.462559998035,-0.1346459825302328,1.89367730573,-12.7273027392,-53.1469716487,0,-0.2224631982279047,-0.5067650989223935,20220120-122427
1642678161.38,12.06000018119812,0,603,1,1,-0.2393052148364596,0.461574375629,-0.1383648743261012,2.49629304947,-12.9215611346,-52.427876115,0,-0.2224631982279047,-0.5067650989223935,20220120-122427
1642678161.4,12.080000162124634,0,604,1,1,-0.2386713309585632,0.4604882895945,-0.1448229775428265,3.62644219756,-12.89273937,-51.22112555365,0,-0.2224631982279047,-0.5067650989223935,20220120-122427
1642678161.42,12.100000143051147,0,605,1,1,-0.2399616419130791,0.461204946041,-0.1516707656043733,2.35604673188,-7.14273459883,-48.4376495213,0,-0.2224631982279047,-0.5067650989223935,20220120-122427
1642678161.44,12.120000123977661,0,606,1,1,-0.2428373930043437,0.462594479322,-0.1579581151330407,-0.787970026764,-2.47653067985,-45.825201494,0,-0.2224631982279047,-0.5067650989223935,20220120-122427
1642678161.46,12.140000104904175,0,607,1,1,-0.2461332909569637,0.463114261627,-0.164953595004645,-2.64953659612,1.38075660986,-45.0425901236,0,-0.2224631982279047,-0.5067650989223935,20220120-122427
1642678161.48,12.160000085830688,0,608,1,1,-0.249740261915803,0.4637307971715,-0.1735290032376043,-1.011315955548,5.90426755999,-48.172331450200005,0,-0.2224631982279047,-0.5067650989223935,20220120-122427
1642678161.5,12.180000066757202,0,609,1,1,-0.2520128882949111,0.464938670397,-0.1788733876961848,-0.5075242242745,7.205674094445,-50.88958515555,0,-0.2224631982279047,-0.5067650989223935,20220120-122427
1642678161.52,12.200000047683716,0,610,1,1,-0.2537538830314719,0.4672942459585,-0.1853266593534276,-0.407848703405,7.724963983345,-51.26630083535,0,-0.2224631982279047,-0.5067650989223935,20220120-122427
1642678161.54,12.22000002861023,0,611,1,1,-0.2549881828949898,0.471886813641,-0.1947334163323527,1.01904164478,8.26387416019,-49.9665519166,0,-0.2224631982279047,-0.5067650989223935,20220120-122427
1642678161.56,12.240000009536743,0,612,1,1,-0.2560430926305801,0.473444759846,-0.2032293491409799,1.02816799461,8.92089270755,-47.0433894817,0,-0.2224631982279047,-0.5067650989223935,20220120-122427
1642678161.58,12.259999990463257,0,613,1,1,-0.2572995975114133,0.472383648157,-0.2091633018654792,-0.328982697009,8.66458808406,-49.9536230448,0,-0.2224631982279047,-0.5067650989223935,20220120-122427
1642678161.6,12.27999997138977,0,614,1,1,-0.2582769671744612,0.4696882665155,-0.2210995426984545,0.6802399032955,10.049143588815,-52.66257422075,0,-0.2224631982279047,-0.5067650989223935,20220120-122427
1642678161.62,12.299999952316284,0,615,1,1,-0.2583113644303603,0.46833384037,-0.2345049756918042,-0.845908634567,9.68824000755,-54.1180996569,0,-0.2224631982279047,-0.5067650989223935,20220120-122427
1642678161.64,12.320000171661377,0,616,1,1,-0.2571713701310846,0.469206929207,-0.2424799120477878,-1.83296319686,8.22014087287,-53.7493837027,0,-0.2224631982279047,-0.5067650989223935,20220120-122427
1642678161.66,12.34000015258789,0,617,1,1,-0.256831273149584,0.469822764397,-0.2496910892578763,-3.85262590088,7.56256884529,-54.4788377569,0,-0.2224631982279047,-0.5067650989223935,20220120-122427
1642678161.68,12.360000133514404,0,618,1,1,-0.256940095277286,0.4684848934415,-0.2592005810810001,-7.505422640320001,6.97026393925,-59.9758711336,0,-0.2224631982279047,-0.5067650989223935,20220120-122427
1642678161.7,12.380000114440918,0,619,1,1,-0.2575284057118415,0.466696113348,-0.2642722304358026,-9.383878039755,4.452616894905,-66.2608763336,0,-0.2224631982279047,-0.5067650989223935,20220120-122427
1642678161.72,12.400000095367432,0,620,1,1,-0.2576863533719858,0.463250994682,-0.2718234181012053,-8.43465105081,2.64418546558,-71.8979103059,0,-0.2224631982279047,-0.5067650989223935,20220120-122427
1642678161.74,12.420000076293945,0,621,1,1,-0.2604618858311061,0.464362770319,-0.2777016409390587,-9.88988991781,4.21991115187,-68.9579009595,0,-0.2224631982279047,-0.5067650989223935,20220120-122427
1642678161.76,12.440000057220459,0,622,1,1,-0.2644590203493099,0.465238243341,-0.2840483465262963,-12.5386174511,9.33674437756,-63.9710829201,0,-0.2224631982279047,-0.5067650989223935,20220120-122427
1642678161.78,12.460000038146973,0,623,1,1,-0.2692553945062895,0.465289235115,-0.2892689360452946,-13.921340456,14.0214707107,-64.0308487042,0,-0.2224631982279047,-0.5067650989223935,20220120-122427
1642678161.8,12.480000019073486,0,624,1,1,-0.2743780306113949,0.463626101613,-0.2965230069376355,-14.8336610903,20.62485164265,-67.63944064035,0,-0.2224631982279047,-0.5067650989223935,20220120-122427
1642678161.82,12.5,0,625,1,1,-0.27779506789955,0.4629710018635,-0.2999476500473804,-15.7328000519,20.2859211981,-70.54181215560001,0,-0.2224631982279047,-0.5067650989223935,20220120-122427
1642678161.84,12.519999980926514,0,626,1,1,-0.2799090019794796,0.463519483805,-0.3008672150073279,-16.9904768719,19.0454524433,-71.4262382593,0,-0.2224631982279047,-0.5067650989223935,20220120-122427
1642678161.86,12.539999961853027,0,627,1,1,-0.2799090019794796,0.463519483805,-0.3008672150073279,-16.9904768719,19.0454524433,-71.4262382593,0,-0.2224631982279047,-0.5067650989223935,20220120-122427
1642678161.88,12.56000018119812,0,628,1,1,-0.2799090019794796,0.463519483805,-0.3008672150073279,-16.9904768719,19.0454524433,-71.4262382593,0,-0.2224631982279047,-0.5067650989223935,20220120-122427
1642678161.9,12.580000162124634,0,629,1,1,-0.2799090019794796,0.463519483805,-0.3008672150073279,-16.9904768719,19.0454524433,-71.4262382593,0,-0.2224631982279047,-0.5067650989223935,20220120-122427
1642678161.92,12.600000143051147,0,630,1,1,-0.2799090019794796,0.463519483805,-0.3008672150073279,-16.9904768719,19.0454524433,-71.4262382593,0,-0.2224631982279047,-0.5067650989223935,20220120-122427
1642678161.94,12.620000123977661,0,631,1,1,-0.2799090019794796,0.463519483805,-0.3008672150073279,-16.9904768719,19.0454524433,-71.4262382593,0,-0.2224631982279047,-0.5067650989223935,20220120-122427
1642678161.96,12.640000104904175,0,632,1,1,-0.2799090019794796,0.463519483805,-0.3008672150073279,-16.9904768719,19.0454524433,-71.4262382593,0,-0.2224631982279047,-0.5067650989223935,20220120-122427
1642678161.98,12.660000085830688,0,633,1,1,-0.2745253544675941,0.465559005737,-0.334614966694448,3.139691349165,13.70559829625,-49.0498251627,0,-0.2224631982279047,-0.5067650989223935,20220120-122427
1642678162.0,12.680000066757202,0,634,1,1,-0.270759872156842,0.4645634442565,-0.3395821696830631,3.5169945736250003,11.76242846865,-46.90565667465,0,-0.2224631982279047,-0.5067650989223935,20220120-122427
1642678162.02,12.700000047683716,0,635,1,1,-0.2665005525771879,0.4654682874679999,-0.3467661266732114,4.779667600455,9.17986490198,-43.6680307958,0,-0.2224631982279047,-0.5067650989223935,20220120-122427
1642678162.04,12.72000002861023,0,636,1,1,-0.2600650536895766,0.468396127224,-0.3578626315055157,6.03689611112,4.24811458546,-41.0643555124,0,-0.2224631982279047,-0.5067650989223935,20220120-122427
1642678162.06,12.740000009536743,0,637,1,1,-0.2562273748161624,0.469424903393,-0.3649615470432006,5.13627250469,2.25218196612,-40.7806003568,0,-0.2224631982279047,-0.5067650989223935,20220120-122427
1642678162.08,12.759999990463257,0,638,1,1,-0.2523609538299425,0.470519274473,-0.3710858953982938,3.20335417201,1.68828509884,-42.0526930356,0,-0.2224631982279047,-0.5067650989223935,20220120-122427
1642678162.1,12.77999997138977,0,639,1,1,-0.2448986586113863,0.4748803079125,-0.3802161969858315,-0.0289589549579999,-3.4911619298085,-41.3740356793,0,-0.2224631982279047,-0.5067650989223935,20220120-122427
1642678162.12,12.799999952316284,0,640,1,1,-0.2349380414225585,0.484728842974,-0.3887451623860083,-0.281083896499,-9.01997487049,-36.3932229856,0,-0.2224631982279047,-0.5067650989223935,20220120-122427
1642678162.14,12.820000171661377,0,641,1,1,-0.2294750657661703,0.492932081223,-0.3935984035501483,-0.521317679777,-11.7673353577,-34.8172905151,0,-0.2224631982279047,-0.5067650989223935,20220120-122427
1642678162.16,12.84000015258789,0,642,1,1,-0.2243340125883328,0.500673294067,-0.4029353654607479,-0.853257441444,-12.5282329125,-29.2813065593,0,-0.2224631982279047,-0.5067650989223935,20220120-122427
1642678162.18,12.860000133514404,0,643,1,1,-0.2174993570990915,0.5044761896134999,-0.414566686464148,-2.148905831925,-13.254988783,-31.00809331255,0,-0.2224631982279047,-0.5067650989223935,20220120-122427
1642678162.2,12.880000114440918,0,644,1,1,-0.2125734254515003,0.504837393761,-0.4240139516637372,-3.933387903675,-13.72411197175,-28.5723424526,0,-0.2224631982279047,-0.5067650989223935,20220120-122427
1642678162.22,12.900000095367432,0,645,1,1,-0.2076494167414822,0.500855267048,-0.4357262027714714,-4.94773377248,-12.8425611972,-30.8019130218,0,-0.2224631982279047,-0.5067650989223935,20220120-122427
1642678162.24,12.920000076293945,0,646,1,1,-0.2041557191824409,0.499489188194,-0.4456583294736557,-2.52252571959,-11.5001197734,-29.001289481,0,-0.2224631982279047,-0.5067650989223935,20220120-122427
1642678162.26,12.940000057220459,0,647,1,1,-0.2025160760451475,0.498502463102,-0.4539748125338263,-2.46276533211,-12.6348112067,-32.2093251088,0,-0.2224631982279047,-0.5067650989223935,20220120-122427
1642678162.28,12.960000038146973,0,648,1,1,-0.1977912186435416,0.496766448021,-0.4623850234688569,2.79601958391,-12.9644128548,-34.8925725011,0,-0.2224631982279047,-0.5067650989223935,20220120-122427
1642678162.3,12.980000019073486,0,649,1,1,-0.194635307738492,0.4955830127,-0.4745333930790737,1.4883530377875,-13.64122087785,-39.3563565393,0,-0.2224631982279047,-0.5067650989223935,20220120-122427
1642678162.32,13.0,0,650,1,1,-0.1918501692350911,0.4941346943379999,-0.4811314600729863,1.4718679900775,-13.29833111675,-41.5571768796,1,-0.2224631982279047,-0.5067650989223935,20220120-122427
1642678162.34,13.019999980926514,0,651,1,1,-0.187739414925126,0.490233302116,-0.4904541321765595,0.825243990362,-14.3397800278,-43.0432905129,1,-0.2224631982279047,-0.5067650989223935,20220120-122427
1642678162.36,13.039999961853027,0,652,1,1,-0.1838570142427936,0.484807252884,-0.4954116582380633,1.94082584269,-16.1804408062,-45.0503335838,1,-0.2224631982279047,-0.5067650989223935,20220120-122427
1642678162.38,13.06000018119812,0,653,1,1,-0.1795286996186889,0.479261308908,-0.4984275047542406,2.62933545796,-18.0658277058,-50.6134731781,1,-0.2224631982279047,-0.5067650989223935,20220120-122427
1642678162.4,13.080000162124634,0,654,1,1,-0.1749014843471345,0.4743536412719999,-0.5049977574936653,0.3450347788585,-19.84981974125,-55.8140151654,1,-0.2224631982279047,-0.5067650989223935,20220120-122427
1642678162.42,13.100000143051147,0,655,1,1,-0.1709424161302246,0.47094938159,-0.5119272604678125,-1.85180262166,-24.4495138627,-62.3166451792,1,-0.2224631982279047,-0.5067650989223935,20220120-122427
1642678162.44,13.120000123977661,0,656,1,1,-0.1681715643973282,0.469131350517,-0.5147517494340397,-2.53905766018,-25.1647371839,-63.8447277613,1,-0.2224631982279047,-0.5067650989223935,20220120-122427
1642678162.46,13.140000104904175,0,657,1,1,-0.1647434822499955,0.469335705042,-0.5172979279413634,-3.18258005335,-26.0781548995,-61.2160255576,1,-0.2224631982279047,-0.5067650989223935,20220120-122427
1642678162.48,13.160000085830688,0,658,1,1,-0.1591543349567807,0.472117960453,-0.5200694120398883,-1.69793304495,-23.63665530875,-50.50963486785,1,-0.2224631982279047,-0.5067650989223935,20220120-122427
1642678162.5,13.180000066757202,0,659,1,1,-0.1565514279478298,0.4739029705524999,-0.5236868242257535,-0.3239950539159999,-22.59548518595,-43.84691328295,1,-0.2224631982279047,-0.5067650989223935,20220120-122427
1642678162.52,13.200000047683716,0,660,1,1,-0.1547572253865888,0.473982438445,-0.527809763258632,0.2994106955615,-22.04539198015,-40.9041341554,1,-0.2224631982279047,-0.5067650989223935,20220120-122427
1642678162.54,13.22000002861023,0,661,1,1,-0.1524763787438349,0.473560363054,-0.5343572620363699,-0.839736411319,-22.4960269242,-39.6397398254,1,-0.2224631982279047,-0.5067650989223935,20220120-122427
1642678162.56,13.240000009536743,0,662,1,1,-0.1497547284848652,0.473508089781,-0.5391863577979692,1.61943158455,-21.2012646908,-36.4862356571,1,-0.2224631982279047,-0.5067650989223935,20220120-122427
1642678162.58,13.259999990463257,0,663,1,1,-0.1479498215619498,0.472969979048,-0.5432958476979387,1.35322953148,-21.2939528632,-35.6493202049,1,-0.2224631982279047,-0.5067650989223935,20220120-122427
1642678162.6,13.27999997138977,0,664,1,1,-0.1445470114189901,0.4722187072035,-0.550209097006672,-1.37145887434,-19.4572876679,-35.272194608,1,-0.2224631982279047,-0.5067650989223935,20220120-122427
1642678162.62,13.299999952316284,0,665,1,1,-0.1402385036446009,0.469851434231,-0.5562413769697545,-1.56191197885,-17.0866278542,-37.1326080405,1,-0.2224631982279047,-0.5067650989223935,20220120-122427
1642678162.64,13.320000171661377,0,666,1,1,-0.1368198975139514,0.469671905041,-0.5581231365444757,0.565181758766,-16.7153181979,-37.2286087695,1,-0.2224631982279047,-0.5067650989223935,20220120-122427
1642678162.66,13.34000015258789,0,667,1,1,-0.1324665002797916,0.471954345703,-0.5588323987349483,3.01591902599,-19.8589115805,-34.9048103752,1,-0.2224631982279047,-0.5067650989223935,20220120-122427
1642678162.68,13.360000133514404,0,668,1,1,-0.1234254324655158,0.4786138385535,-0.5607490788785406,7.57674670744,-24.16018216185,-29.9630448604,1,-0.2224631982279047,-0.5067650989223935,20220120-122427
1642678162.7,13.380000114440918,0,669,1,1,-0.1173820493864394,0.485452398658,-0.563406457091988,8.49414442605,-26.17888063065,-25.59576640035,1,-0.2224631982279047,-0.5067650989223935,20220120-122427
1642678162.72,13.400000095367432,0,670,1,1,-0.1093935858620372,0.501177549362,-0.5693491408872714,6.14206284625,-27.5933518694,-14.0595099547,1,-0.2224631982279047,-0.5067650989223935,20220120-122427
1642678162.74,13.420000076293945,0,671,1,1,-0.1054110601101252,0.512755393982,-0.5736464359699533,6.42112206426,-26.1064277317,-5.67074228908,1,-0.2224631982279047,-0.5067650989223935,20220120-122427
1642678162.76,13.440000057220459,0,672,1,1,-0.103377525844891,0.520211756229,-0.5785254794349655,3.25408335242,-23.3443689129,-5.61369365853,1,-0.2224631982279047,-0.5067650989223935,20220120-122427
1642678162.78,13.460000038146973,0,673,1,1,-0.0990556363323264,0.524034142494,-0.5868900452087514,4.02315045996,-21.7844400491,-3.7519140171,1,-0.2224631982279047,-0.5067650989223935,20220120-122427
1642678162.8,13.480000019073486,0,674,1,1,-0.0942664047664282,0.524293482304,-0.5972528028083084,3.5215678874350003,-19.635154397900003,-10.3175777216,1,-0.2224631982279047,-0.5067650989223935,20220120-122427
1642678162.82,13.5,0,675,1,1,-0.0912395990182664,0.5264179706575001,-0.6034387015807594,3.229768000985,-17.15792832455,-9.84988648191,1,-0.2224631982279047,-0.5067650989223935,20220120-122427
1642678162.84,13.519999980926514,0,676,1,1,-0.0899352007369037,0.532674789429,-0.6088976991711811,0.776858415742,-12.5150177779,-7.6079312603,1,-0.2224631982279047,-0.5067650989223935,20220120-122427
1642678162.86,13.539999961853027,0,677,1,1,-0.0893179848502213,0.539437294006,-0.6117267839287712,1.91578597037,-11.2846501563,-1.63465336456,1,-0.2224631982279047,-0.5067650989223935,20220120-122427
1642678162.88,13.56000018119812,0,678,1,1,-0.0874107581890618,0.545857489109,-0.6146417945889223,4.02325742677,-12.0328850033,4.835800462,1,-0.2224631982279047,-0.5067650989223935,20220120-122427
1642678162.9,13.580000162124634,0,679,1,1,-0.08567621488072,0.5505388975145,-0.6175667384768192,0.0759980046399999,-11.91634104165,0.8196190543849999,1,-0.2224631982279047,-0.5067650989223935,20220120-122427
1642678162.92,13.600000143051147,0,680,1,1,-0.0850220464613137,0.554857730865,-0.6224550267204213,-1.05574742401,-10.3503635561,-1.32811535765,1,-0.2224631982279047,-0.5067650989223935,20220120-122427
1642678162.94,13.620000123977661,0,681,1,1,-0.0846967667942202,0.556133449078,-0.6265147204924431,1.82529281766,-9.71067828862,-0.193023295165,1,-0.2224631982279047,-0.5067650989223935,20220120-122427
1642678162.96,13.640000104904175,0,682,1,1,-0.0860896442001179,0.557234883308,-0.6294684134990363,3.72170523618,-9.15288259079,-0.987832621624,1,-0.2224631982279047,-0.5067650989223935,20220120-122427
1642678162.98,13.660000085830688,0,683,1,1,-0.0889075724610288,0.5603634417055,-0.6338867211841319,4.724667412820001,-10.93765849615,3.687103878165,1,-0.2224631982279047,-0.5067650989223935,20220120-122427
1642678163.0,13.680000066757202,0,684,1,1,-0.0914686916864664,0.5609629452225,-0.6343897143087569,4.969385389445,-10.588813647345,1.8623056147945,1,-0.2224631982279047,-0.5067650989223935,20220120-122427
1642678163.02,13.700000047683716,0,685,1,1,-0.0946225707285226,0.5624977946280001,-0.6341469803669962,5.460580000689999,-9.24647982048,1.4957950931795,1,-0.2224631982279047,-0.5067650989223935,20220120-122427
1642678163.04,13.72000002861023,0,686,1,1,-0.1002446489273145,0.567502140999,-0.632903353905819,8.50832319262,-6.23938879453,5.45843090788,1,-0.2224631982279047,-0.5067650989223935,20220120-122427
1642678163.06,13.740000009536743,0,687,1,1,-0.1077397716147939,0.571180820465,-0.6288338594048671,6.15921029616,1.04492835674,3.81936083098,1,-0.2224631982279047,-0.5067650989223935,20220120-122427
1642678163.08,13.759999990463257,0,688,1,1,-0.1144748973050373,0.577770292759,-0.6257310395649268,8.04441485137,7.76592630788,7.58056108859,1,-0.2224631982279047,-0.5067650989223935,20220120-122427
1642678163.1,13.77999997138977,0,689,1,1,-0.1251163983027241,0.5880984663965,-0.6229912757005466,8.702091916725,18.16392764695,9.55068466887,1,-0.2224631982279047,-0.5067650989223935,20220120-122427
1642678163.12,13.799999952316284,0,690,1,1,-0.1335972465987749,0.598764359951,-0.6220048677623096,9.35601401539,23.3695441481,10.4568492406,1,-0.2224631982279047,-0.5067650989223935,20220120-122427
1642678163.14,13.820000171661377,0,691,1,1,-0.1387082495435501,0.606642067432,-0.6200023108925247,8.50267678336,22.3879295409,11.5409822372,1,-0.2224631982279047,-0.5067650989223935,20220120-122427
1642678163.16,13.84000015258789,0,692,1,1,-0.1432839804515411,0.614134967327,-0.6177147991213503,10.1305678868,20.928680168,12.794994705,1,-0.2224631982279047,-0.5067650989223935,20220120-122427
1642678163.18,13.860000133514404,0,693,1,1,-0.1489436253650191,0.6245854794979999,-0.6130573779325623,10.8250957114,21.27970174185,13.2946297762,1,-0.2224631982279047,-0.5067650989223935,20220120-122427
1642678163.2,13.880000114440918,0,694,1,1,-0.151353624137387,0.631698936224,-0.609436781183369,10.56577298995,21.7336906313,14.3766262449,1,-0.2224631982279047,-0.5067650989223935,20220120-122427
1642678163.22,13.900000095367432,0,695,1,1,-0.1531761676011335,0.643140673637,-0.6039940757609588,10.6702849736,21.3674721103,17.2818890264,1,-0.2224631982279047,-0.5067650989223935,20220120-122427
1642678163.24,13.920000076293945,0,696,1,1,-0.1539392639816277,0.650383710861,-0.6005887292838239,10.3533007812,20.6715578607,18.2011374603,1,-0.2224631982279047,-0.5067650989223935,20220120-122427
1642678163.26,13.940000057220459,0,697,1,1,-0.1549337240257255,0.657206058502,-0.5977277004091565,8.93200487681,20.793457717,17.3824397084,1,-0.2224631982279047,-0.5067650989223935,20220120-122427
1642678163.28,13.960000038146973,0,698,1,1,-0.1549464266220306,0.663233995438,-0.5957999668555471,10.1409191878,20.1091964485,17.7176560528,1,-0.2224631982279047,-0.5067650989223935,20220120-122427
1642678163.3,13.980000019073486,0,699,1,1,-0.1549241668444826,0.669276446104,-0.59209531115354,8.434980589245,20.54056918095,15.1355252774,1,-0.2224631982279047,-0.5067650989223935,20220120-122427
1642678163.32,14.0,0,700,1,1,-0.154432746549234,0.6725715994835,-0.5896413855467472,8.096908161765,20.5975774791,14.95588853905,1,-0.2224631982279047,-0.5067650989223935,20220120-122427
1642678163.34,14.019999980926514,0,701,1,1,-0.1530422529547226,0.676711320877,-0.5853410241616529,7.74842513192,19.9865785797,16.4233940737,1,-0.2224631982279047,-0.5067650989223935,20220120-122427
1642678163.36,14.039999961853027,0,702,1,1,-0.1528468764583628,0.679023742676,-0.5811381902921366,6.57576142954,20.6278462205,18.3472553796,1,-0.2224631982279047,-0.5067650989223935,20220120-122427
1642678163.38,14.06000018119812,0,703,1,1,-0.1527075774625311,0.680919468403,-0.5770310546842247,5.10103830684,22.0457997287,20.104720904,1,-0.2224631982279047,-0.5067650989223935,20220120-122427
1642678163.4,14.080000162124634,0,704,1,1,-0.1532972571885532,0.681873202324,-0.5734350127547031,3.20851017937,23.8294144449,21.1035394441,1,-0.2224631982279047,-0.5067650989223935,20220120-122427
1642678163.42,14.100000143051147,0,705,1,1,-0.1550623409774635,0.68030154705,-0.5722166320096415,4.23679010698,22.6330022104,19.6202949246,1,-0.2224631982279047,-0.5067650989223935,20220120-122427
1642678163.44,14.120000123977661,0,706,1,1,-0.1581632154003784,0.67844748497,-0.5716126972038212,5.55737282548,22.1984357485,17.5603796456,1,-0.2224631982279047,-0.5067650989223935,20220120-122427
1642678163.46,14.140000104904175,0,707,1,1,-0.162190460812967,0.675359547138,-0.5711633658166362,6.60911017769,22.8593924635,13.6976636702,1,-0.2224631982279047,-0.5067650989223935,20220120-122427
1642678163.48,14.160000085830688,0,708,1,1,-0.1683932521789433,0.667302817106,-0.570815103676677,6.807401242515,25.40175702995,4.452147048495,1,-0.2224631982279047,-0.5067650989223935,20220120-122427
1642678163.5,14.180000066757202,0,709,1,1,-0.1727288524665398,0.661167293787,-0.5700992956349673,6.837045868344999,28.14329640855,-0.58314617013,1,-0.2224631982279047,-0.5067650989223935,20220120-122427
1642678163.52,14.200000047683716,0,710,1,1,-0.1775301890077176,0.6549758911135,-0.5683709921596936,6.5051865838800005,32.3313117174,-4.57431455389,1,-0.2224631982279047,-0.5067650989223935,20220120-122427
1642678163.54,14.22000002861023,0,711,1,1,-0.1853876275503755,0.645929336548,-0.564587767820614,7.414386518,41.3156528858,-8.21905923349,1,-0.2224631982279047,-0.5067650989223935,20220120-122427
1642678163.56,14.240000009536743,0,712,1,1,-0.1909838725399334,0.64046138525,-0.5609641615205578,7.4073327629,48.8488292246,-9.65725855258,1,-0.2224631982279047,-0.5067650989223935,20220120-122427
1642678163.58,14.259999990463257,0,713,1,1,-0.1960204775933943,0.635482490063,-0.5558681592012664,5.80515627747,56.2495267828,-10.9368762089,1,-0.2224631982279047,-0.5067650989223935,20220120-122427
1642678163.6,14.27999997138977,0,714,1,1,-0.2016685548915347,0.6267156898974999,-0.5485787988833186,5.320563657499999,65.38642545095,-15.0245583034,0,-0.2224631982279047,-0.5067650989223935,20220120-122427
1642678163.62,14.299999952316284,0,715,1,1,-0.2060408597796562,0.617302298546,-0.540753520055123,4.8193739951,73.9003551307,-19.7272367038,0,-0.2224631982279047,-0.5067650989223935,20220120-122427
1642678163.64,14.320000171661377,0,716,1,1,-0.2084267145108904,0.612361967564,-0.5340198870685782,2.73583078261,78.4593485957,-20.0344969761,0,-0.2224631982279047,-0.5067650989223935,20220120-122427
1642678163.66,14.34000015258789,0,717,1,1,-0.2098864052775111,0.607806026936,-0.5278453438954396,2.58057300116,82.4536829687,-20.0306796401,0,-0.2224631982279047,-0.5067650989223935,20220120-122427
1642678163.68,14.360000133514404,0,718,1,1,-0.2115018304384935,0.601427972317,-0.5174484098875205,0.82568744073345,85.86819183085001,-21.1934517232,0,-0.2224631982279047,-0.5067650989223935,20220120-122427
1642678163.7,14.380000114440918,0,719,1,1,-0.2127847238255634,0.596944987774,-0.5105506052936913,0.37202204247895,86.7256377782,-23.18569117535,0,-0.2224631982279047,-0.5067650989223935,20220120-122427
1642678163.72,14.400000095367432,0,720,1,1,-0.2151340524056522,0.590248763561,-0.4999892766123746,2.55093022632,88.2984892284,-26.7825507776,0,-0.2224631982279047,-0.5067650989223935,20220120-122427
1642678163.74,14.420000076293945,0,721,1,1,-0.2160178146070338,0.586760640144,-0.4921738503270905,3.25017973823,89.9784107787,-28.0566547046,0,-0.2224631982279047,-0.5067650989223935,20220120-122427
1642678163.76,14.440000057220459,0,722,1,1,-0.215664682244468,0.583521783352,-0.4845625376416946,4.19845474847,92.032547838,-28.8861227559,0,-0.2224631982279047,-0.5067650989223935,20220120-122427
1642678163.78,14.460000038146973,0,723,1,1,-0.2153974081747819,0.581397533417,-0.4764079265476434,3.64935687428,93.2336051748,-27.2857636992,0,-0.2224631982279047,-0.5067650989223935,20220120-122427
1642678163.8,14.480000019073486,0,724,1,1,-0.2144085750760385,0.5791018009185,-0.4652342280848041,4.43704815932,95.80580043115,-25.24279679745,0,-0.2224631982279047,-0.5067650989223935,20220120-122427
1642678163.82,14.5,0,725,1,1,-0.2140101639959283,0.5794852674005,-0.4578984818790118,3.75613233075,97.27628307645,-23.3455175683,0,-0.2224631982279047,-0.5067650989223935,20220120-122427
1642678163.84,14.519999980926514,0,726,1,1,-0.2138672067056359,0.582254767418,-0.4495340693991382,4.32406331235,97.153334456,-20.1794314714,0,-0.2224631982279047,-0.5067650989223935,20220120-122427
1642678163.86,14.539999961853027,0,727,1,1,-0.2129790624292373,0.585755884647,-0.4457342527364311,5.87211559299,95.1827353021,-18.7412213872,0,-0.2224631982279047,-0.5067650989223935,20220120-122427
1642678163.88,14.56000018119812,0,728,1,1,-0.2125652952849716,0.5904302001,-0.4429476311202525,7.60784415211,93.0231358091,-16.024796482,0,-0.2224631982279047,-0.5067650989223935,20220120-122427
1642678163.9,14.580000162124634,0,729,1,1,-0.2112862096058193,0.5964708030220001,-0.4398104085823417,8.57525405521,91.1056403292,-13.28192873135,0,-0.2224631982279047,-0.5067650989223935,20220120-122427
1642678163.92,14.600000143051147,0,730,1,1,-0.2097012472002716,0.60122948885,-0.4366236178277092,7.80572864946,91.1150883759,-11.6043544556,0,-0.2224631982279047,-0.5067650989223935,20220120-122427
1642678163.94,14.620000123977661,0,731,1,1,-0.2082147548121394,0.603478908539,-0.4358121111308278,7.30482012351,90.4611567596,-10.8881751855,0,-0.2224631982279047,-0.5067650989223935,20220120-122427
1642678163.96,14.640000104904175,0,732,1,1,-0.2062694939243145,0.605073332787,-0.4362046113695658,6.88718438933,89.2782439398,-10.8154378553,0,-0.2224631982279047,-0.5067650989223935,20220120-122427
1642678163.98,14.660000085830688,0,733,1,1,-0.2032990401859254,0.607951462269,-0.4374678613677795,5.74268517844,87.8531665023,-10.4074327796,0,-0.2224631982279047,-0.5067650989223935,20220120-122427
1642678164.0,14.680000066757202,0,734,1,1,-0.2013257213905889,0.6101437807085,-0.4384854240032149,5.030526048285,87.27145044635,-9.254916022775,1,-0.2224631982279047,-0.5067650989223935,20220120-122427
1642678164.02,14.700000047683716,0,735,1,1,-0.1993707624649704,0.611931502819,-0.4397814222847496,4.67427358952,86.63331603805,-8.051512748875,1,-0.2224631982279047,-0.5067650989223935,20220120-122427
1642678164.04,14.72000002861023,0,736,1,1,-0.1962595173012519,0.614706277847,-0.4415450961190787,3.9830265251,85.4098012076,-5.16970287267,1,-0.2224631982279047,-0.5067650989223935,20220120-122427
1642678164.06,14.740000009536743,0,737,1,1,-0.1937866122357583,0.616784870625,-0.4440596360566963,5.65045204932,83.6930790761,-2.73317218217,1,-0.2224631982279047,-0.5067650989223935,20220120-122427
1642678164.08,14.759999990463257,0,738,1,1,-0.1913289502719959,0.619738578796,-0.4455634363224924,5.43608487774,81.9771644539,-0.537651950617,1,-0.2224631982279047,-0.5067650989223935,20220120-122427
1642678164.1,0.0,1,0,1,0,-0.1887051482272843,0.625771522522,-0.4477929497536,5.844779335,80.2995267372,2.005611992225,1,0.2313213327408648,-0.11292560257939441,20220120-122427
1642678164.12,0.019999980926513672,1,1,1,0,-0.1864377316918808,0.632424294949,-0.4499432416697894,7.59015972557,80.2501204281,3.25074282215,1,0.2313213327408648,-0.11292560257939441,20220120-122427
1642678164.14,0.040000200271606445,1,2,1,0,-0.184219001468304,0.636762917042,-0.451114530184521,5.6152690193,79.8613665026,2.25742012228,1,0.2313213327408648,-0.11292560257939441,20220120-122427
1642678164.16,0.06000018119812012,1,3,1,0,-0.1817596269120722,0.641228675842,-0.4538595449003364,4.10842141513,76.9395368893,2.96225428056,1,0.2313213327408648,-0.11292560257939441,20220120-122427
1642678164.18,0.08000016212463379,1,4,1,0,-0.1756825326020614,0.6483313739300001,-0.4600248331551251,2.886567535955,68.96247850415,6.49293257779,1,0.2313213327408648,-0.11292560257939441,20220120-122427
1642678164.2,0.10000014305114746,1,5,1,0,-0.171797320869664,0.6527084112165,-0.4643643188933471,2.45621361485,63.64536508705,8.096404533965,1,0.2313213327408648,-0.11292560257939441,20220120-122427
1642678164.22,0.12000012397766113,1,6,1,0,-0.1678157162008694,0.658411443233,-0.4711416523727944,1.7938655611,57.9783099305,7.21962971784,1,0.2313213327408648,-0.11292560257939441,20220120-122427
1642678164.24,0.1400001049041748,1,7,1,0,-0.1660105854013414,0.661342084408,-0.4758322400704189,1.53313244961,57.6724136321,5.63034050102,1,0.2313213327408648,-0.11292560257939441,20220120-122427
1642678164.26,0.16000008583068848,1,8,1,0,-0.1640335163153721,0.663509786129,-0.4805782590851434,1.43226739777,59.2537300738,4.61898569954,1,0.2313213327408648,-0.11292560257939441,20220120-122427
1642678164.28,0.18000006675720215,1,9,1,0,-0.1623200467057426,0.664888143539,-0.4844659641014136,-0.843123419694,60.8362357794,3.52584716282,1,0.2313213327408648,-0.11292560257939441,20220120-122427
1642678164.3,0.20000004768371582,1,10,1,0,-0.1595728778603309,0.6642500162125,-0.4903718995907416,-1.1551411325825,60.18642479315,0.1675089105499998,1,0.2313213327408648,-0.11292560257939441,20220120-122427
1642678164.32,0.2200000286102295,1,11,1,0,-0.1577457900862929,0.6636227369309999,-0.4937329607890772,-0.923421195808,58.70570282525,-2.180929201025,1,0.2313213327408648,-0.11292560257939441,20220120-122427
1642678164.34,0.24000000953674316,1,12,1,0,-0.1554069103752328,0.664158761501,-0.4965998536781721,-1.04369163222,57.1479533626,-2.99949880629,1,0.2313213327408648,-0.11292560257939441,20220120-122427
1642678164.36,0.25999999046325684,1,13,1,0,-0.1534256167015082,0.665622115135,-0.4977966655530056,0.880424963301,57.1026328856,-0.634827754165,1,0.2313213327408648,-0.11292560257939441,20220120-122427
1642678164.38,0.2800002098083496,1,14,1,0,-0.1508377643529359,0.667393743992,-0.4973013154659977,1.03587865283,57.59519374,0.681227655642,1,0.2313213327408648,-0.11292560257939441,20220120-122427
1642678164.4,0.3000001907348633,1,15,1,0,-0.1476180955693271,0.6707203388215,-0.4958674254585549,-0.3605885614194999,57.84817548465,3.292221134325,1,0.2313213327408648,-0.11292560257939441,20220120-122427
1642678164.42,0.32000017166137695,1,16,1,0,-0.1445783496614964,0.672775506973,-0.4948409718734072,0.704690751094,58.0553683584,4.13251969742,1,0.2313213327408648,-0.11292560257939441,20220120-122427
1642678164.44,0.3400001525878906,1,17,1,0,-0.1428738912927933,0.673730611801,-0.494148158756142,0.864982701665,57.9072270686,4.18462210821,1,0.2313213327408648,-0.11292560257939441,20220120-122427
1642678164.46,0.3600001335144043,1,18,1,0,-0.1411734101254196,0.674681544304,-0.4939496683558912,0.972600244692,57.1032064054,4.89328198625,1,0.2313213327408648,-0.11292560257939441,20220120-122427
1642678164.48,0.38000011444091797,1,19,1,0,-0.1385256517887295,0.676231980324,-0.4935812989054178,0.6804524719630001,56.12274510905,6.479532384365,1,0.2313213327408648,-0.11292560257939441,20220120-122427
1642678164.5,0.40000009536743164,1,20,1,0,-0.1370220333988743,0.6776761710645001,-0.4930773746052699,0.312770052744,55.80481095095,8.315024058935,1,0.2313213327408648,-0.11292560257939441,20220120-122427
1642678164.52,0.4200000762939453,1,21,1,0,-0.1357021445381098,0.6790114045140001,-0.4928296708890197,0.5356099068165,55.6580248526,9.95021687699,1,0.2313213327408648,-0.11292560257939441,20220120-122427
1642678164.54,0.440000057220459,1,22,1,0,-0.1344896616093205,0.680770277977,-0.4925407212894631,0.394886588048,55.8863885892,11.2772075368,1,0.2313213327408648,-0.11292560257939441,20220120-122427
1642678164.56,0.46000003814697266,1,23,1,0,-0.1342689179352328,0.681693851948,-0.4923684069058224,0.422936704971,56.3544881498,11.4316105621,1,0.2313213327408648,-0.11292560257939441,20220120-122427
1642678164.58,0.48000001907348633,1,24,1,0,-0.1343757344304167,0.682243525982,-0.492369684638594,0.598478010542,56.744474419,11.2239357983,1,0.2313213327408648,-0.11292560257939441,20220120-122427
1642678164.6,0.5,1,25,1,0,-0.1348907414156891,0.682180047035,-0.492964631097854,0.9641781844525,57.37981594935,10.10545766355,1,0.2313213327408648,-0.11292560257939441,20220120-122427
1642678164.62,0.5199999809265137,1,26,1,0,-0.1356539457744829,0.681536376476,-0.4936283339300852,0.496644078482,57.8352651621,8.17636504017,1,0.2313213327408648,-0.11292560257939441,20220120-122427
1642678164.64,0.5400002002716064,1,27,1,0,-0.1364647376196077,0.681018412113,-0.4943087568572352,0.847619178301,57.9967423438,7.63029987998,1,0.2313213327408648,-0.11292560257939441,20220120-122427
1642678164.66,0.5600001811981201,1,28,1,0,-0.137118159720451,0.67981082201,-0.4946321311042957,0.970503711471,58.3525382044,5.67358959109,1,0.2313213327408648,-0.11292560257939441,20220120-122427
1642678164.68,0.5800001621246338,1,29,1,0,-0.1383804941616073,0.6791185438635,-0.4951324341027348,1.754508075095,58.6329935024,5.3141928244350005,1,0.2313213327408648,-0.11292560257939441,20220120-122427
1642678164.7,0.6000001430511475,1,30,1,0,-0.1388611446795002,0.6785359680655,-0.4953010348201612,2.22225622106,58.63109911145,5.06679793186,1,0.2313213327408648,-0.11292560257939441,20220120-122427
1642678164.72,0.6200001239776611,1,31,1,0,-0.1396378869388725,0.678214132786,-0.4952960973877459,1.35978856562,58.4031215549,4.98702621759,1,0.2313213327408648,-0.11292560257939441,20220120-122427
1642678164.74,0.6400001049041748,1,32,1,0,-0.1399242254986279,0.677668273449,-0.4958246973741516,1.86621485861,58.1277636401,4.56835944764,1,0.2313213327408648,-0.11292560257939441,20220120-122427
1642678164.76,0.6600000858306885,1,33,1,0,-0.1402843456525458,0.677130281925,-0.4954958003444014,1.2273783579,58.5104333277,3.27264052644,1,0.2313213327408648,-0.11292560257939441,20220120-122427
1642678164.78,0.6800000667572021,1,34,1,0,-0.1405197224225359,0.67659342289,-0.4953995792919518,1.38615382205,58.728938033,2.54606106864,1,0.2313213327408648,-0.11292560257939441,20220120-122427
1642678164.8,0.7000000476837158,1,35,1,0,-0.14092684319246,0.6763532757755,-0.4959682702254205,2.28651803825,58.4162325604,2.974212523075,1,0.2313213327408648,-0.11292560257939441,20220120-122427
1642678164.82,0.7200000286102295,1,36,1,0,-0.1412152293220086,0.6761551499364999,-0.4959553954012194,2.13516018553,58.4117254952,3.0659785422750003,1,0.2313213327408648,-0.11292560257939441,20220120-122427
1642678164.84,0.7400000095367432,1,37,1,0,-0.1414098189029452,0.675441026688,-0.4958201786621449,1.6701348851,58.4514626938,2.40878528937,1,0.2313213327408648,-0.11292560257939441,20220120-122427
1642678164.86,0.7599999904632568,1,38,1,0,-0.1415682385948493,0.675216495991,-0.4957523036669258,1.52236703017,58.4075416648,2.4742536504,1,0.2313213327408648,-0.11292560257939441,20220120-122427
1642678164.88,0.7800002098083496,1,39,1,0,-0.1417316678951879,0.675129175186,-0.4956064848403416,1.64930325065,58.2767394947,2.85508126944,1,0.2313213327408648,-0.11292560257939441,20220120-122427
1642678164.9,0.8000001907348633,1,40,1,0,-0.1419245305023499,0.6751782596110001,-0.4950813235960154,1.356120560965,58.41232517585,3.155891167425,1,0.2313213327408648,-0.11292560257939441,20220120-122427
1642678164.92,0.820000171661377,1,41,1,0,-0.1421422225242839,0.675061821938,-0.4946137401916006,1.61188948852,58.6087758895,3.38541191028,1,0.2313213327408648,-0.11292560257939441,20220120-122427
1642678164.94,0.8400001525878906,1,42,1,0,-0.1421966612721876,0.674899339676,-0.4943299218006548,1.65888359798,58.6838098897,3.12146042708,1,0.2313213327408648,-0.11292560257939441,20220120-122427
1642678164.96,0.8600001335144043,1,43,1,0,-0.1423140850074509,0.674709737301,-0.4941777514204352,1.51794024483,58.6638191399,2.96687342733,1,0.2313213327408648,-0.11292560257939441,20220120-122427
1642678164.98,0.880000114440918,1,44,1,0,-0.142264079449246,0.674426019192,-0.4942086116288824,1.88764271019,58.6345057863,2.76656184939,1,0.2313213327408648,-0.11292560257939441,20220120-122427
1642678165.0,0.9000000953674316,1,45,1,0,-0.1423005079588793,0.6742122769354999,-0.4941404003934688,1.63424153194,58.5830876313,2.522883118205,1,0.2313213327408648,-0.11292560257939441,20220120-122427
1642678165.02,0.9200000762939453,1,46,1,0,-0.1422865516447297,0.6741926372055,-0.494080559978334,1.1799780487795,58.495102862500005,2.65143159282,1,0.2313213327408648,-0.11292560257939441,20220120-122427
1642678165.04,0.940000057220459,1,47,1,0,-0.1418015256315627,0.674582600594,-0.4940817937219106,1.32582032812,58.0192183602,4.24586253157,1,0.2313213327408648,-0.11292560257939441,20220120-122427
1642678165.06,0.9600000381469727,1,48,1,0,-0.1410913737809514,0.67472243309,-0.4936960408757978,1.45365344065,57.9299940229,4.56648037834,1,0.2313213327408648,-0.11292560257939441,20220120-122427
1642678165.08,0.9800000190734863,1,49,1,0,-0.1406937812978571,0.674945235252,-0.4932632784882601,1.46986549844,57.96024913,5.11385484586,1,0.2313213327408648,-0.11292560257939441,20220120-122427
1642678165.1,1.0,1,50,1,0,-0.1404863521374575,0.675088047981,-0.4928296384251763,1.054425874919,58.05821722575,5.06999479479,1,0.2313213327408648,-0.11292560257939441,20220120-122427
1642678165.12,1.0199999809265137,1,51,1,0,-0.1405577029018767,0.674945771694,-0.4930169950601716,1.40469416005,57.9536764125,4.73831347769,1,0.2313213327408648,-0.11292560257939441,20220120-122427
1642678165.14,1.0400002002716064,1,52,1,0,-0.1406827547988446,0.674778342247,-0.4931694791398761,0.832024111168,57.8575193327,4.20286446159,1,0.2313213327408648,-0.11292560257939441,20220120-122427
1642678165.16,1.0600001811981201,1,53,1,0,-0.1407177028702982,0.674468636513,-0.4936345632466576,1.46110833983,57.854329825,3.76119429853,1,0.2313213327408648,-0.11292560257939441,20220120-122427
1642678165.18,1.0800001621246338,1,54,1,0,-0.1409500849515494,0.6741055846215,-0.493724666433198,1.370209818165,58.22221498515,3.20608290337,1,0.2313213327408648,-0.11292560257939441,20220120-122427
1642678165.2,1.1000001430511475,1,55,1,0,-0.1410844204318434,0.6738484501840001,-0.4937109879518715,1.36752926568,58.41951360885,2.953780825265,1,0.2313213327408648,-0.11292560257939441,20220120-122427
1642678165.22,1.1200001239776611,1,56,1,0,-0.141250211510838,0.67348664999,-0.4935412686853873,1.52958528006,58.6627317699,2.7045179443,1,0.2313213327408648,-0.11292560257939441,20220120-122427
1642678165.24,1.1400001049041748,1,57,1,0,-0.1414853265010306,0.673641979694,-0.4920769918938579,2.41349942193,60.6445875957,3.41208786741,1,0.2313213327408648,-0.11292560257939441,20220120-122427
1642678165.26,1.1600000858306885,1,58,1,0,-0.1418573235257805,0.675441503525,-0.4895312511561022,4.01020759837,63.9382667303,7.86846381519,1,0.2313213327408648,-0.11292560257939441,20220120-122427
1642678165.28,1.1800000667572021,1,59,1,0,-0.1412117723846822,0.67726290226,-0.4869771521840284,6.13197784979,66.2514155104,12.4445630034,1,0.2313213327408648,-0.11292560257939441,20220120-122427
1642678165.3,1.2000000476837158,1,60,1,0,-0.1408080653143275,0.6786689162255,-0.48341465910781,7.50408752464,67.6048734842,15.45998294775,1,0.2313213327408648,-0.11292560257939441,20220120-122427
1642678165.32,1.2200000286102295,1,61,1,0,-0.1411310914883713,0.6793402731415,-0.4810366485192613,9.23526087508,69.32800785325,16.3039496112,1,0.2313213327408648,-0.11292560257939441,20220120-122427
1642678165.34,1.2400000095367432,1,62,1,0,-0.1415673767783047,0.680490016937,-0.4767354352796022,10.9901175801,74.0869746519,17.4871735189,1,0.2313213327408648,-0.11292560257939441,20220120-122427
1642678165.36,1.2599999904632568,1,63,1,0,-0.1412906221380584,0.681177794933,-0.4744406651277519,11.4465003792,76.1197902993,18.0347564496,1,0.2313213327408648,-0.11292560257939441,20220120-122427
1642678165.38,1.2800002098083496,1,64,1,0,-0.1406013629144478,0.681999146938,-0.4723903673016432,10.7072187676,76.9480533929,18.6025927747,1,0.2313213327408648,-0.11292560257939441,20220120-122427
1642678165.4,1.3000001907348633,1,65,1,0,-0.1392881622846264,0.6831646859645,-0.4703294006140812,10.34358258335,76.5926322549,19.754295166,1,0.2313213327408648,-0.11292560257939441,20220120-122427
1642678165.42,1.320000171661377,1,66,1,0,-0.1380474227338586,0.683828353882,-0.467953246234766,9.87578363583,76.6928549818,19.6229884211,1,0.2313213327408648,-0.11292560257939441,20220120-122427
1642678165.44,1.3400001525878906,1,67,1,0,-0.1377153544246898,0.684033870697,-0.4669636328839255,10.5580215955,76.3427023393,19.7424462099,1,0.2313213327408648,-0.11292560257939441,20220120-122427
1642678165.46,1.3600001335144043,1,68,1,0,-0.1376358755680486,0.684069812298,-0.4660552109417853,11.6237864741,76.0909882641,19.2628580091,1,0.2313213327408648,-0.11292560257939441,20220120-122427
1642678165.48,1.380000114440918,1,69,1,0,-0.1383793303374476,0.6839042007925,-0.4646140952089732,11.53107406155,75.97821716195,18.66531987725,1,0.2313213327408648,-0.11292560257939441,20220120-122427
1642678165.5,1.4000000953674316,1,70,1,0,-0.1387341533478412,0.6833916008475001,-0.4639808013878158,11.28291772505,75.9373993872,17.31320766935,1,0.2313213327408648,-0.11292560257939441,20220120-122427
1642678165.52,1.4200000762939453,1,71,1,0,-0.1391883347841309,0.6827989518645,-0.4633762988232698,10.8075326012,76.06493450285001,16.0259456609,1,0.2313213327408648,-0.11292560257939441,20220120-122427
1642678165.54,1.440000057220459,1,72,1,0,-0.1401688321630409,0.682263374329,-0.4623039471859408,9.25299928089,76.4505856447,15.4321775627,1,0.2313213327408648,-0.11292560257939441,20220120-122427
1642678165.56,1.4600000381469727,1,73,1,0,-0.1405764184359143,0.681853175163,-0.4620891036706974,9.78380424847,76.651000691,15.0042018723,1,0.2313213327408648,-0.11292560257939441,20220120-122427
1642678165.58,1.4800000190734863,1,74,1,0,-0.1406391718051681,0.680969178677,-0.4615626239522597,9.53873627341,77.1537592109,12.9721199204,1,0.2313213327408648,-0.11292560257939441,20220120-122427
1642678165.6,1.5,1,75,1,0,-0.1412973291238779,0.6807780563829999,-0.4610184354528142,9.591058387315,77.61796244605,13.1247452746,1,0.2313213327408648,-0.11292560257939441,20220120-122427
1642678165.62,1.5199999809265137,1,76,1,0,-0.1418989790193315,0.68069434166,-0.4605815892206368,9.64568995482,77.8077952946,13.3091918899,1,0.2313213327408648,-0.11292560257939441,20220120-122427
1642678165.64,1.5400002002716064,1,77,1,0,-0.142086454635453,0.680472612381,-0.4604965082004825,10.1473794273,77.6549391479,12.9080857543,1,0.2313213327408648,-0.11292560257939441,20220120-122427
1642678165.66,1.5600001811981201,1,78,1,0,-0.1419183601921383,0.679775714874,-0.4600938418511792,9.58575434328,77.8569832426,11.1965802111,1,0.2313213327408648,-0.11292560257939441,20220120-122427
1642678165.68,1.5800001621246338,1,79,1,0,-0.1423692520050586,0.679931074381,-0.4601088943367259,9.651991033545,77.75697966575,12.06781473045,1,0.2313213327408648,-0.11292560257939441,20220120-122427
1642678165.7,1.6000001430511475,1,80,1,0,-0.1424133228209266,0.6797448098659999,-0.4602335937079878,9.46366629135,77.81151029054999,12.05789267775,1,0.2313213327408648,-0.11292560257939441,20220120-122427
1642678165.72,1.6200001239776611,1,81,1,0,-0.1419882600475673,0.679005026817,-0.4604417103702539,9.36722623169,78.1850454132,10.9064395745,1,0.2313213327408648,-0.11292560257939441,20220120-122427
1642678165.74,1.6400001049041748,1,82,1,0,-0.1421829709547996,0.679368257523,-0.4606309644590053,9.9757189839,78.3619825419,12.3712177427,1,0.2313213327408648,-0.11292560257939441,20220120-122427
1642678165.76,1.6600000858306885,1,83,1,0,-0.1420682350968809,0.679473876953,-0.4606991324868554,10.2987912966,78.6016314613,12.7886974412,1,0.2313213327408648,-0.11292560257939441,20220120-122427
1642678165.78,1.6800000667572021,1,84,1,0,-0.1419073193337536,0.679528474808,-0.4607199903790543,10.594301135,78.8031415707,13.010921996,1,0.2313213327408648,-0.11292560257939441,20220120-122427
1642678165.8,1.7000000476837158,1,85,1,0,-0.1418190148846677,0.6795319318774999,-0.4607590655608813,10.92698359365,78.86643774375,12.95709064925,1,0.2313213327408648,-0.11292560257939441,20220120-122427
1642678165.82,1.7200000286102295,1,86,1,0,-0.141794054071902,0.679407089949,-0.4607946152242043,11.02326751015,78.86403234425,12.73085371655,1,0.2313213327408648,-0.11292560257939441,20220120-122427
1642678165.84,1.7400000095367432,1,87,1,0,-0.1417912832874957,0.679155945778,-0.4607848849398949,11.3459818447,79.0119073617,12.4726792416,1,0.2313213327408648,-0.11292560257939441,20220120-122427
1642678165.86,1.7599999904632568,1,88,1,0,-0.1417464387359498,0.67852139473,-0.460431789038873,11.5706524003,79.8302665842,11.8383224382,1,0.2313213327408648,-0.11292560257939441,20220120-122427
1642678165.88,1.7800002098083496,1,89,1,0,-0.1421189947738399,0.677186727524,-0.4592066026013126,12.0180454398,82.251940252,10.797115218,1,0.2313213327408648,-0.11292560257939441,20220120-122427
1642678165.9,1.8000001907348633,1,90,1,0,-0.1439734508055317,0.6718998253345,-0.4552276245448754,13.64223643385,90.75676279805,5.256905340595,1,0.2313213327408648,-0.11292560257939441,20220120-122427
1642678165.92,1.820000171661377,1,91,1,0,-0.1474225866071325,0.665002763271,-0.4473451346288952,13.5697954249,103.867882609,-0.634278861741,1,0.2313213327408648,-0.11292560257939441,20220120-122427
1642678165.94,1.8400001525878906,1,92,1,0,-0.1495164409319503,0.659213662148,-0.4416259194615719,14.2764509899,111.347837153,-4.01018566587,1,0.2313213327408648,-0.11292560257939441,20220120-122427
1642678165.96,1.8600001335144043,1,93,1,0,-0.1506598159772298,0.651135087013,-0.4347757810947409,15.6792463609,118.361568837,-9.0894013038,1,0.2313213327408648,-0.11292560257939441,20220120-122427
1642678165.98,1.880000114440918,1,94,1,0,-0.1529720849499135,0.635176241398,-0.4232275311473549,15.8876354131,128.0705415795,-18.2569196669,1,0.2313213327408648,-0.11292560257939441,20220120-122427
1642678166.0,1.9000000953674316,1,95,1,0,-0.1541195224969236,0.6220254302025,-0.415769784400221,13.4104420571,133.350455278,-26.27869486475,1,0.2313213327408648,-0.11292560257939441,20220120-122427
1642678166.02,1.9200000762939453,1,96,1,0,-0.1549997774507899,0.607320278883,-0.4083936786996164,10.29471349706,137.684768712,-34.023905983350005,1,0.2313213327408648,-0.11292560257939441,20220120-122427
1642678166.04,1.940000057220459,1,97,1,0,-0.153426700350545,0.583838701248,-0.3973530432609427,5.32261236352,144.319391187,-44.9652723352,1,0.2313213327408648,-0.11292560257939441,20220120-122427
1642678166.06,1.9600000381469727,1,98,1,0,-0.1499723711072472,0.568070471287,-0.3905616250357094,2.4643797149,149.468461322,-52.2676267433,1,0.2313213327408648,-0.11292560257939441,20220120-122427
1642678166.08,1.9800000190734863,1,99,1,0,-0.1455874747362759,0.552565336227,-0.3837594364779382,-0.343059950723,155.661591046,-57.6494756657,1,0.2313213327408648,-0.11292560257939441,20220120-122427
1642678166.1,2.0,1,100,1,0,-0.136729124049427,0.531230717897,-0.3747099531550163,-5.030785267065,160.49364473449998,-67.1889588951,1,0.2313213327408648,-0.11292560257939441,20220120-122427
1642678166.12,2.0199999809265137,1,101,1,0,-0.1299658031060297,0.511964857578,-0.3660697221407673,-5.20774577255,168.427472307,-72.7118289133,1,0.2313213327408648,-0.11292560257939441,20220120-122427
1642678166.14,2.0400002002716064,1,102,1,0,-0.1252691012294403,0.50044965744,-0.3630511589582216,-4.2916131468,173.027856016,-79.2662696031,1,0.2313213327408648,-0.11292560257939441,20220120-122427
1642678166.16,2.06000018119812,1,103,1,0,-0.1185095310686976,0.490383476019,-0.3596119888316651,-6.60794801599,175.741651181,-84.5536108047,1,0.2313213327408648,-0.11292560257939441,20220120-122427
1642678166.18,2.080000162124634,1,104,1,0,-0.1139323925550358,0.479689925909,-0.3560612341931578,-6.24804004795,179.976844983,-87.4539304956,1,0.2313213327408648,-0.11292560257939441,20220120-122427
1642678166.2,2.1000001430511475,1,105,1,0,-0.1139323925550358,0.479689925909,-0.3560612341931578,-6.24804004795,179.976844983,-87.4539304956,1,0.2313213327408648,-0.11292560257939441,20220120-122427
1642678166.22,2.120000123977661,1,106,1,0,-0.1139323925550358,0.479689925909,-0.3560612341931578,-6.24804004795,179.976844983,-87.4539304956,1,0.2313213327408648,-0.11292560257939441,20220120-122427
1642678166.24,2.140000104904175,1,107,1,0,-0.1139323925550358,0.479689925909,-0.3560612341931578,-6.24804004795,179.976844983,-87.4539304956,1,0.2313213327408648,-0.11292560257939441,20220120-122427
1642678166.26,2.1600000858306885,1,108,1,0,-0.1139323925550358,0.479689925909,-0.3560612341931578,-6.24804004795,179.976844983,-87.4539304956,1,0.2313213327408648,-0.11292560257939441,20220120-122427
1642678166.28,2.180000066757202,1,109,1,0,-0.1139323925550358,0.479689925909,-0.3560612341931578,-6.24804004795,179.976844983,-87.4539304956,1,0.2313213327408648,-0.11292560257939441,20220120-122427
1642678166.3,2.200000047683716,1,110,1,0,-0.1072059585476755,0.469011247158,-0.3384103633863342,-5.658204388295,1.1964678404999916,-87.71105860375,1,0.2313213327408648,-0.11292560257939441,20220120-122427
1642678166.32,2.2200000286102295,1,111,1,0,-0.1002133921707364,0.4576205462215,-0.3198076331048254,-4.39621005524,-177.9096642575,-89.3984086846,1,0.2313213327408648,-0.11292560257939441,20220120-122427
1642678166.34,2.240000009536743,1,112,1,0,-0.0999472598011575,0.456908524036,-0.3188557736301401,-3.72405138184,-178.235419213,-90.8286306573,1,0.2313213327408648,-0.11292560257939441,20220120-122427
1642678166.36,2.259999990463257,1,113,1,0,-0.0990056708723592,0.458541572094,-0.3130025329693259,-2.7896301226,-177.886313075,-87.9366116593,1,0.2313213327408648,-0.11292560257939441,20220120-122427
1642678166.38,2.2800002098083496,1,114,1,0,-0.0975853823787344,0.459499418736,-0.3084678372271189,-3.38627009294,-176.495180806,-83.6575591649,1,0.2313213327408648,-0.11292560257939441,20220120-122427
1642678166.4,2.3000001907348633,1,115,1,0,-0.0973858100363062,0.4587909430265,-0.3026009420383503,-2.23832796765,-176.41671440800002,-81.3186093389,1,0.2313213327408648,-0.11292560257939441,20220120-122427
1642678166.42,2.320000171661377,1,116,1,0,-0.0972280206243113,0.456936538219,-0.2999095469969099,-0.616208846977,-177.743670211,-85.2191370394,1,0.2313213327408648,-0.11292560257939441,20220120-122427
1642678166.44,2.3400001525878906,1,117,1,0,-0.0972280206243113,0.456936538219,-0.2999095469969099,-0.616208846977,-177.743670211,-85.2191370394,1,0.2313213327408648,-0.11292560257939441,20220120-122427
1642678166.46,2.3600001335144043,1,118,1,0,-0.0972280206243113,0.456936538219,-0.2999095469969099,-0.616208846977,-177.743670211,-85.2191370394,1,0.2313213327408648,-0.11292560257939441,20220120-122427
1642678166.48,2.380000114440918,1,119,1,0,-0.0972280206243113,0.456936538219,-0.2999095469969099,-0.616208846977,-177.743670211,-85.2191370394,1,0.2313213327408648,-0.11292560257939441,20220120-122427
1642678166.5,2.4000000953674316,1,120,1,0,-0.0972280206243113,0.456936538219,-0.2999095469969099,-0.616208846977,-177.743670211,-85.2191370394,1,0.2313213327408648,-0.11292560257939441,20220120-122427
1642678166.52,2.4200000762939453,1,121,1,0,-0.0861878894163378,0.4568751901385,-0.2907126026574473,-1.3041363312585,-168.7427897925,-79.0595520567,1,0.2313213327408648,-0.11292560257939441,20220120-122427
1642678166.54,2.440000057220459,1,122,1,0,-0.0735235169315851,0.455618292093,-0.2787602641790622,-2.59607280417,-159.867723617,-76.2448007873,1,0.2313213327408648,-0.11292560257939441,20220120-122427
1642678166.56,2.4600000381469727,1,123,1,0,-0.0705614248363991,0.455790102482,-0.2747696549993842,-3.61513720429,-162.666285808,-77.5990461605,1,0.2313213327408648,-0.11292560257939441,20220120-122427
1642678166.58,2.4800000190734863,1,124,1,0,-0.0696608274543148,0.457685917616,-0.2703286085043377,-3.2655378925,-156.256552278,-74.9781465295,1,0.2313213327408648,-0.11292560257939441,20220120-122427
1642678166.6,2.5,1,125,1,0,-0.0634775637545818,0.4590434730055,-0.261907216550865,-4.350829707785,-153.3707356245,-71.41832396424999,0,0.2313213327408648,-0.11292560257939441,20220120-122427
1642678166.62,2.5199999809265137,1,126,1,0,-0.0625319030292521,0.456555336714,-0.2544651714359269,-0.303209455633,-148.99544373,-75.206398905,0,0.2313213327408648,-0.11292560257939441,20220120-122427
1642678166.64,2.5400002002716064,1,127,1,0,-0.0564497116426614,0.457831919193,-0.2519425697748343,-5.11741930987,-155.472732102,-75.6256776834,0,0.2313213327408648,-0.11292560257939441,20220120-122427
1642678166.66,2.56000018119812,1,128,1,0,-0.0552372543172605,0.455961287022,-0.248695533225489,-3.14122926322,-155.5496428,-80.622193157,0,0.2313213327408648,-0.11292560257939441,20220120-122427
1642678166.68,2.580000162124634,1,129,1,0,-0.0552372543172605,0.455961287022,-0.248695533225489,-3.14122926322,-155.5496428,-80.622193157,0,0.2313213327408648,-0.11292560257939441,20220120-122427
1642678166.7,2.6000001430511475,1,130,1,0,-0.0494048644556645,0.457349717617,-0.2396114440990134,-2.4681672961350003,-154.96476711999998,-77.6198790695,0,0.2313213327408648,-0.11292560257939441,20220120-122427
1642678166.72,2.620000123977661,1,131,1,0,-0.0420152044239181,0.456742286682,-0.2251673504042853,0.552971109155,-154.917919129,-76.2724533003,0,0.2313213327408648,-0.11292560257939441,20220120-122427
1642678166.74,2.640000104904175,1,132,1,0,-0.0408634983709609,0.456134140491,-0.2223882835590818,0.653798455942,-155.220659542,-77.544671434,0,0.2313213327408648,-0.11292560257939441,20220120-122427
1642678166.76,2.6600000858306885,1,133,1,0,-0.0408634983709609,0.456134140491,-0.2223882835590818,0.653798455942,-155.220659542,-77.544671434,0,0.2313213327408648,-0.11292560257939441,20220120-122427
1642678166.78,2.680000066757202,1,134,1,0,-0.0408634983709609,0.456134140491,-0.2223882835590818,0.653798455942,-155.220659542,-77.544671434,0,0.2313213327408648,-0.11292560257939441,20220120-122427
1642678166.8,2.700000047683716,1,135,1,0,-0.0315203101320349,0.4576184600595,-0.2004993054638912,-2.50364372716,-155.86095112700002,-73.7424494068,0,0.2313213327408648,-0.11292560257939441,20220120-122427
1642678166.82,2.7200000286102295,1,136,1,0,-0.0284175512285416,0.458053812385,-0.1949586380850882,-3.61119535841,-155.9027406955,-73.37178751350001,0,0.2313213327408648,-0.11292560257939441,20220120-122427
1642678166.84,2.740000009536743,1,137,1,0,-0.0268662967383427,0.457615166903,-0.1918927899324722,-3.81974773198,-156.008048025,-73.2109736647,0,0.2313213327408648,-0.11292560257939441,20220120-122427
1642678166.86,2.759999990463257,1,138,1,0,-0.0268662967383427,0.457615166903,-0.1918927899324722,-3.81974773198,-156.008048025,-73.2109736647,0,0.2313213327408648,-0.11292560257939441,20220120-122427
1642678166.88,2.7800002098083496,1,139,1,0,-0.0268662967383427,0.457615166903,-0.1918927899324722,-3.81974773198,-156.008048025,-73.2109736647,0,0.2313213327408648,-0.11292560257939441,20220120-122427
1642678166.9,2.8000001907348633,1,140,1,0,-0.0268662967383427,0.457615166903,-0.1918927899324722,-3.81974773198,-156.008048025,-73.2109736647,0,0.2313213327408648,-0.11292560257939441,20220120-122427
1642678166.92,2.820000171661377,1,141,1,0,-0.0268662967383427,0.457615166903,-0.1918927899324722,-3.81974773198,-156.008048025,-73.2109736647,0,0.2313213327408648,-0.11292560257939441,20220120-122427
1642678166.94,2.8400001525878906,1,142,1,0,-0.0268662967383427,0.457615166903,-0.1918927899324722,-3.81974773198,-156.008048025,-73.2109736647,0,0.2313213327408648,-0.11292560257939441,20220120-122427
1642678166.96,2.8600001335144043,1,143,1,0,-0.0006527206931448,0.453633576632,-0.1714888462743943,-3.42249191717,-153.737694796,-89.3370413821,0,0.2313213327408648,-0.11292560257939441,20220120-122427
1642678166.98,2.880000114440918,1,144,1,0,-0.0006527206931448,0.453633576632,-0.1714888462743943,-3.42249191717,-153.737694796,-89.3370413821,0,0.2313213327408648,-0.11292560257939441,20220120-122427
1642678167.0,2.9000000953674316,1,145,1,0,-0.0006527206931448,0.453633576632,-0.1714888462743943,-3.42249191717,-153.737694796,-89.3370413821,0,0.2313213327408648,-0.11292560257939441,20220120-122427
1642678167.02,2.9200000762939453,1,146,1,0,0.0044964893831456,0.4548532217745,-0.1629769449501138,-4.445709782455,-151.406049279,-84.23196715169999,0,0.2313213327408648,-0.11292560257939441,20220120-122427
1642678167.04,2.940000057220459,1,147,1,0,0.0096456994594362,0.456072866917,-0.1544650436258334,-5.46892764774,-149.074403762,-79.1268929213,0,0.2313213327408648,-0.11292560257939441,20220120-122427
1642678167.06,2.9600000381469727,1,148,1,0,0.0096456994594362,0.456072866917,-0.1544650436258334,-5.46892764774,-149.074403762,-79.1268929213,0,0.2313213327408648,-0.11292560257939441,20220120-122427
1642678167.08,2.9800000190734863,1,149,1,0,0.0096456994594362,0.456072866917,-0.1544650436258334,-5.46892764774,-149.074403762,-79.1268929213,0,0.2313213327408648,-0.11292560257939441,20220120-122427
1642678167.1,3.0,1,150,1,0,0.0096456994594362,0.456072866917,-0.1544650436258334,-5.46892764774,-149.074403762,-79.1268929213,0,0.2313213327408648,-0.11292560257939441,20220120-122427
1642678167.12,3.0199999809265137,1,151,1,0,0.0096456994594362,0.456072866917,-0.1544650436258334,-5.46892764774,-149.074403762,-79.1268929213,0,0.2313213327408648,-0.11292560257939441,20220120-122427
1642678167.14,3.0400002002716064,1,152,1,0,0.0096456994594362,0.456072866917,-0.1544650436258334,-5.46892764774,-149.074403762,-79.1268929213,0,0.2313213327408648,-0.11292560257939441,20220120-122427
1642678167.16,3.06000018119812,1,153,1,0,0.0096456994594362,0.456072866917,-0.1544650436258334,-5.46892764774,-149.074403762,-79.1268929213,0,0.2313213327408648,-0.11292560257939441,20220120-122427
1642678167.18,3.080000162124634,1,154,1,0,0.0096456994594362,0.456072866917,-0.1544650436258334,-5.46892764774,-149.074403762,-79.1268929213,0,0.2313213327408648,-0.11292560257939441,20220120-122427
1642678167.2,3.1000001430511475,1,155,1,0,0.0123468624779463,0.4556899368765,-0.1329476764433514,-1.97509242534,-152.85100465300002,-77.48281401365,0,0.2313213327408648,-0.11292560257939441,20220120-122427
1642678167.22,3.120000123977661,1,156,1,0,0.0161004327152735,0.45460498333,-0.1058202360403093,1.17823643604,-156.093229047,-74.7919719821,0,0.2313213327408648,-0.11292560257939441,20220120-122427
1642678167.24,3.140000104904175,1,157,1,0,0.0172883929347747,0.454081684351,-0.1032520766945276,0.814023375622,-156.03312449,-75.2657960011,0,0.2313213327408648,-0.11292560257939441,20220120-122427
1642678167.26,3.1600000858306885,1,158,1,0,0.0172883929347747,0.454081684351,-0.1032520766945276,0.814023375622,-156.03312449,-75.2657960011,0,0.2313213327408648,-0.11292560257939441,20220120-122427
1642678167.28,3.180000066757202,1,159,1,0,0.0172883929347747,0.454081684351,-0.1032520766945276,0.814023375622,-156.03312449,-75.2657960011,0,0.2313213327408648,-0.11292560257939441,20220120-122427
1642678167.3,3.200000047683716,1,160,1,0,0.0172883929347747,0.454081684351,-0.1032520766945276,0.814023375622,-156.03312449,-75.2657960011,0,0.2313213327408648,-0.11292560257939441,20220120-122427
1642678167.32,3.2200000286102295,1,161,1,0,0.0172883929347747,0.454081684351,-0.1032520766945276,0.814023375622,-156.03312449,-75.2657960011,0,0.2313213327408648,-0.11292560257939441,20220120-122427
1642678167.34,3.240000009536743,1,162,1,0,0.0172883929347747,0.454081684351,-0.1032520766945276,0.814023375622,-156.03312449,-75.2657960011,0,0.2313213327408648,-0.11292560257939441,20220120-122427
1642678167.36,3.259999990463257,1,163,1,0,0.0172883929347747,0.454081684351,-0.1032520766945276,0.814023375622,-156.03312449,-75.2657960011,0,0.2313213327408648,-0.11292560257939441,20220120-122427
1642678167.38,3.2800002098083496,1,164,1,0,0.0482476614994713,0.449575960636,-0.0791259671137816,5.94555312797,-150.72440394,-86.3877875982,0,0.2313213327408648,-0.11292560257939441,20220120-122427
1642678167.4,3.3000001907348633,1,165,1,0,0.0560086176428709,0.450297340751,-0.0753192926259153,2.474201314465,-148.273450001,-86.7702226257,0,0.2313213327408648,-0.11292560257939441,20220120-122427
1642678167.42,3.320000171661377,1,166,1,0,0.0653800291871298,0.452613532543,-0.0708891090620609,-3.59600700202,-146.340274358,-80.3396692744,0,0.2313213327408648,-0.11292560257939441,20220120-122427
1642678167.44,3.3400001525878906,1,167,1,0,0.0653800291871298,0.452613532543,-0.0708891090620609,-3.59600700202,-146.340274358,-80.3396692744,0,0.2313213327408648,-0.11292560257939441,20220120-122427
1642678167.46,3.3600001335144043,1,168,1,0,0.0653800291871298,0.452613532543,-0.0708891090620609,-3.59600700202,-146.340274358,-80.3396692744,0,0.2313213327408648,-0.11292560257939441,20220120-122427
1642678167.48,3.380000114440918,1,169,1,0,0.0740603370363631,0.4484747201205,-0.0556447151521257,4.998579343005001,-147.4203220165,-89.78123104560001,0,0.2313213327408648,-0.11292560257939441,20220120-122427
1642678167.5,3.4000000953674316,1,170,1,0,0.0752377660013701,0.4487845003605,-0.0531578081957861,5.941340735020001,-148.52846923250002,-90.39416659335,0,0.2313213327408648,-0.11292560257939441,20220120-122427
1642678167.52,3.4200000762939453,1,171,1,0,0.0771826010877642,0.449870824814,-0.0541410364110428,3.17237926261,-148.609135917,-91.3719887095,0,0.2313213327408648,-0.11292560257939441,20220120-122427
1642678167.54,3.440000057220459,1,172,1,0,0.0771826010877642,0.449870824814,-0.0541410364110428,3.17237926261,-148.609135917,-91.3719887095,0,0.2313213327408648,-0.11292560257939441,20220120-122427
1642678167.56,3.4600000381469727,1,173,1,0,0.0771826010877642,0.449870824814,-0.0541410364110428,3.17237926261,-148.609135917,-91.3719887095,0,0.2313213327408648,-0.11292560257939441,20220120-122427
1642678167.58,3.4800000190734863,1,174,1,0,0.0771826010877642,0.449870824814,-0.0541410364110428,3.17237926261,-148.609135917,-91.3719887095,0,0.2313213327408648,-0.11292560257939441,20220120-122427
1642678167.6,3.5,1,175,1,0,0.0771826010877642,0.449870824814,-0.0541410364110428,3.17237926261,-148.609135917,-91.3719887095,0,0.2313213327408648,-0.11292560257939441,20220120-122427
1642678167.62,3.5199999809265137,1,176,1,0,0.0771826010877642,0.449870824814,-0.0541410364110428,3.17237926261,-148.609135917,-91.3719887095,0,0.2313213327408648,-0.11292560257939441,20220120-122427
1642678167.64,3.5400002002716064,1,177,1,0,0.1059564185128293,0.453450232744,-0.0343662611331958,-4.05148947304,-134.957082064,-80.0009916896,0,0.2313213327408648,-0.11292560257939441,20220120-122427
1642678167.66,3.56000018119812,1,178,1,0,0.1102414380270777,0.452191919088,-0.0331439711652822,-4.53877750032,-132.281981291,-80.7728689961,0,0.2313213327408648,-0.11292560257939441,20220120-122427
1642678167.68,3.580000162124634,1,179,1,0,0.1153501347468718,0.451968640089,-0.0327923969805309,-9.15062255389,-129.90696215,-80.8876979467,0,0.2313213327408648,-0.11292560257939441,20220120-122427
1642678167.7,3.6000001430511475,1,180,1,0,0.1151044647547196,0.451829910278,-0.032892518643188,-9.15627856907,-129.143989968,-83.9624765951,0,0.2313213327408648,-0.11292560257939441,20220120-122427
1642678167.72,3.620000123977661,1,181,1,0,0.1151044647547196,0.451829910278,-0.032892518643188,-9.15627856907,-129.143989968,-83.9624765951,0,0.2313213327408648,-0.11292560257939441,20220120-122427
1642678167.74,3.640000104904175,1,182,1,0,0.1304830331720746,0.453266382217,-0.0274344523901758,-10.1160160222,-124.728918761,-77.7135668309,0,0.2313213327408648,-0.11292560257939441,20220120-122427
1642678167.76,3.6600000858306885,1,183,1,0,0.1346963144026541,0.452712595463,-0.0260627503831105,-10.3793435869,-123.451448382,-77.7371485644,0,0.2313213327408648,-0.11292560257939441,20220120-122427
1642678167.78,3.680000066757202,1,184,1,0,0.1372614123830262,0.451177597046,-0.0248768499189288,-9.74439711666,-122.242490715,-80.1795955975,0,0.2313213327408648,-0.11292560257939441,20220120-122427
1642678167.8,3.700000047683716,1,185,1,0,0.1378323465419811,0.450414091349,-0.0242719470810303,-8.57471187569,-122.344578572,-82.2175164678,0,0.2313213327408648,-0.11292560257939441,20220120-122427
1642678167.82,3.7200000286102295,1,186,1,0,0.1378323465419811,0.450414091349,-0.0242719470810303,-8.57471187569,-122.344578572,-82.2175164678,0,0.2313213327408648,-0.11292560257939441,20220120-122427
1642678167.84,3.740000009536743,1,187,1,0,0.1489602596458794,0.453979372978,-0.0227841239364302,-10.4407715827,-119.849510823,-77.0451329226,0,0.2313213327408648,-0.11292560257939441,20220120-122427
1642678167.86,3.759999990463257,1,188,1,0,0.1525378199686434,0.453750044107,-0.0215610782932388,-9.91899523156,-121.503989286,-75.6028706414,0,0.2313213327408648,-0.11292560257939441,20220120-122427
1642678167.88,3.7800002098083496,1,189,1,0,0.1531978179534989,0.45350638032,-0.0210208409732144,-8.62880240117,-122.234455164,-76.6111810956,0,0.2313213327408648,-0.11292560257939441,20220120-122427
1642678167.9,3.8000001907348633,1,190,1,0,0.1544729967144451,0.4526417255405,-0.019862500193747,-6.95572606166,-122.0834758935,-79.17840764965001,0,0.2313213327408648,-0.11292560257939441,20220120-122427
1642678167.92,3.820000171661377,1,191,1,0,0.1574424206287408,0.4517302364109999,-0.0180153953165641,-5.522778059155,-122.6471366675,-80.24035688455001,0,0.2313213327408648,-0.11292560257939441,20220120-122427
1642678167.94,3.8400001525878906,1,192,1,0,0.1620122823183283,0.452130705118,-0.0156384507111483,-5.38970719736,-124.469614606,-76.0467462643,0,0.2313213327408648,-0.11292560257939441,20220120-122427
1642678167.96,3.8600001335144043,1,193,1,0,0.1620122823183283,0.452130705118,-0.0156384507111483,-5.38970719736,-124.469614606,-76.0467462643,0,0.2313213327408648,-0.11292560257939441,20220120-122427
1642678167.98,3.880000114440918,1,194,1,0,0.1620122823183283,0.452130705118,-0.0156384507111483,-5.38970719736,-124.469614606,-76.0467462643,0,0.2313213327408648,-0.11292560257939441,20220120-122427
1642678168.0,3.9000000953674316,1,195,1,0,0.168483050334912,0.449648737907,-0.0101494616791996,-4.4632739761,-124.406953063,-76.4015477672,0,0.2313213327408648,-0.11292560257939441,20220120-122427
1642678168.02,3.9200000762939453,1,196,1,0,0.1713542900779162,0.449670344591,-0.0081599722090852,-5.0996086755,-123.900818361,-78.5863193967,0,0.2313213327408648,-0.11292560257939441,20220120-122427
1642678168.04,3.940000057220459,1,197,1,0,0.1737910885464094,0.451039671898,-0.0078226543295723,-6.79206589015,-124.124246096,-75.7631710045,0,0.2313213327408648,-0.11292560257939441,20220120-122427
1642678168.06,3.9600000381469727,1,198,1,0,0.1759456495496235,0.454201191664,-0.0055536644910934,-6.68761233962,-123.093813706,-71.4226068844,0,0.2313213327408648,-0.11292560257939441,20220120-122427
1642678168.08,3.9800000190734863,1,199,1,0,0.1813318870385328,0.45420499146,-0.0015920956489436,-6.463148343695,-121.221922092,-62.86318053525,0,0.2313213327408648,-0.11292560257939441,20220120-122427
1642678168.1,4.0,1,200,1,0,0.1833920553223768,0.453712835908,-0.00086769646177,-7.33540060576,-121.187820774,-60.7300501045,0,0.2313213327408648,-0.11292560257939441,20220120-122427
1642678168.12,4.019999980926514,1,201,1,0,0.1840702053031138,0.452113062143,0.0017127062966316,-4.33164024398,-118.095261405,-53.6060130876,0,0.2313213327408648,-0.11292560257939441,20220120-122427
1642678168.14,4.0400002002716064,1,202,1,0,0.1825490659879398,0.452434182167,0.0017220608703122,-3.21160890862,-116.584005448,-51.6565573092,0,0.2313213327408648,-0.11292560257939441,20220120-122427
1642678168.16,4.06000018119812,1,203,1,0,0.1820757137693404,0.4521664232015,0.0004103452182427,-5.020618524925,-112.057240822,-49.466102966600005,0,0.2313213327408648,-0.11292560257939441,20220120-122427
1642678168.18,4.080000162124634,1,204,1,0,0.1839949281035244,0.452351987362,-0.0024644552680889,-8.32978482517,-106.7288014435,-49.55757859125,0,0.2313213327408648,-0.11292560257939441,20220120-122427
1642678168.2,4.1000001430511475,1,205,1,0,0.1867195596802471,0.45197018981,-0.0056203221487014,-10.99370246785,-101.9126373175,-51.9520328852,0,0.2313213327408648,-0.11292560257939441,20220120-122427
1642678168.22,4.120000123977661,1,206,1,0,0.1892986340877225,0.450746417046,-0.0097035501380716,-11.1502604843,-102.395342695,-62.8627957726,0,0.2313213327408648,-0.11292560257939441,20220120-122427
1642678168.24,4.140000104904175,1,207,1,0,0.1927368959200095,0.450865656137,-0.0123863122167831,-9.79989364814,-102.919354031,-64.8237510809,0,0.2313213327408648,-0.11292560257939441,20220120-122427
1642678168.26,4.1600000858306885,1,208,1,0,0.1944731124103807,0.452735960484,-0.0163119971847892,-10.0885625957,-99.5857281042,-65.8318671097,0,0.2313213327408648,-0.11292560257939441,20220120-122427
1642678168.28,4.180000066757202,1,209,1,0,0.1987595056901039,0.4533271491525,-0.0237883282473043,-11.2225488796,-93.2395615793,-64.4619219901,0,0.2313213327408648,-0.11292560257939441,20220120-122427
1642678168.3,4.200000047683716,1,210,1,0,0.2008988601557549,0.4525473862885,-0.0282542022671639,-11.788463068,-90.1256001425,-64.6832608559,0,0.2313213327408648,-0.11292560257939441,20220120-122427
1642678168.32,4.2200000286102295,1,211,1,0,0.2027029450669335,0.450683176517,-0.0318132798811113,-10.6818182692,-88.5355289676,-65.0371351587,0,0.2313213327408648,-0.11292560257939441,20220120-122427
1642678168.34,4.240000009536743,1,212,1,0,0.2014685118869509,0.449221074581,-0.0304628705930657,-7.03090712584,-90.2334756397,-68.8777313829,0,0.2313213327408648,-0.11292560257939441,20220120-122427
1642678168.36,4.259999990463257,1,213,1,0,0.2017893362436989,0.449093937874,-0.0305432817801865,-6.74033099339,-91.1289111649,-68.8789157042,0,0.2313213327408648,-0.11292560257939441,20220120-122427
1642678168.38,4.28000020980835,1,214,1,0,0.2021452775918728,0.450380116701,-0.0310203449993079,-6.895324743874999,-88.80540990155001,-65.44764008620001,0,0.2313213327408648,-0.11292560257939441,20220120-122427
1642678168.4,4.300000190734863,1,215,1,0,0.2031584133872001,0.4509833604095,-0.03209211648811,-7.188763873439999,-84.59688811584999,-61.1493127649,0,0.2313213327408648,-0.11292560257939441,20220120-122427
1642678168.42,4.320000171661377,1,216,1,0,0.2031627334622014,0.451669275761,-0.0331380127458915,-7.1432442531,-81.8786633721,-57.5696376043,0,0.2313213327408648,-0.11292560257939441,20220120-122427
1642678168.44,4.340000152587891,1,217,1,0,0.2025796033120357,0.451548814774,-0.0332201915827698,-6.48049882134,-82.4753053167,-55.7799463351,0,0.2313213327408648,-0.11292560257939441,20220120-122427
1642678168.46,4.360000133514404,1,218,1,0,0.2022860335710258,0.452269434929,-0.0347441188869914,-8.16185370576,-83.9465386489,-53.9647203075,0,0.2313213327408648,-0.11292560257939441,20220120-122427
1642678168.48,4.380000114440918,1,219,1,0,0.2015205765297714,0.450890749693,-0.0350547831182861,-8.28391344437,-83.6260869223,-51.65919016795,0,0.2313213327408648,-0.11292560257939441,20220120-122427
1642678168.5,4.400000095367432,1,220,1,0,0.1995477588274945,0.4502484500404999,-0.034463284688994,-6.84574015354,-85.13574756175001,-52.90325750575,0,0.2313213327408648,-0.11292560257939441,20220120-122427
1642678168.52,4.420000076293945,1,221,1,0,0.1975832715099552,0.451188087463,-0.0299360734944981,-1.50684898339,-93.4289714811,-53.4629660405,0,0.2313213327408648,-0.11292560257939441,20220120-122427
1642678168.54,4.440000057220459,1,222,1,0,0.1975298867162239,0.452876031399,-0.025081175405345,-1.00914901315,-102.945119403,-53.5752797462,0,0.2313213327408648,-0.11292560257939441,20220120-122427
1642678168.56,4.460000038146973,1,223,1,0,0.1987787675268247,0.453118920326,-0.0158255296132871,1.3622613091,-109.100567612,-54.1623777252,0,0.2313213327408648,-0.11292560257939441,20220120-122427
1642678168.58,4.480000019073486,1,224,1,0,0.1998434740887333,0.4544018954034999,-0.0108264324153104,-5.739582151515,-118.8564049005,-63.47284399825,0,0.2313213327408648,-0.11292560257939441,20220120-122427
1642678168.6,4.5,1,225,1,0,0.1999225314323039,0.45286090672,-0.0064811071916706,-5.63855844911,-117.408973677,-65.99222238134999,0,0.2313213327408648,-0.11292560257939441,20220120-122427
1642678168.62,4.519999980926514,1,226,1,0,0.2031650103784723,0.451962590218,0.0026239924289259,-6.06955709127,-123.119975548,-71.4883087595,0,0.2313213327408648,-0.11292560257939441,20220120-122427
1642678168.64,4.5400002002716064,1,227,1,0,0.2008024374890351,0.452083438635,0.004501398961759,-4.38249191744,-122.944960938,-74.4424255061,0,0.2313213327408648,-0.11292560257939441,20220120-122427
1642678168.66,4.56000018119812,1,228,1,0,0.2021747196067794,0.4508815407755,0.0116091947249968,-0.9256298438700004,-128.106877928,-74.77562535269999,0,0.2313213327408648,-0.11292560257939441,20220120-122427
1642678168.68,4.580000162124634,1,229,1,0,0.2035222790552958,0.450974702835,0.0187698639132919,-1.08728354147,-129.700915701,-76.6126049529,0,0.2313213327408648,-0.11292560257939441,20220120-122427
1642678168.7,4.6000001430511475,1,230,1,0,0.2035222790552958,0.450974702835,0.0187698639132919,-1.08728354147,-129.700915701,-76.6126049529,0,0.2313213327408648,-0.11292560257939441,20220120-122427
1642678168.72,4.620000123977661,1,231,1,0,0.2035222790552958,0.450974702835,0.0187698639132919,-1.08728354147,-129.700915701,-76.6126049529,0,0.2313213327408648,-0.11292560257939441,20220120-122427
1642678168.74,4.640000104904175,1,232,1,0,0.2035222790552958,0.450974702835,0.0187698639132919,-1.08728354147,-129.700915701,-76.6126049529,0,0.2313213327408648,-0.11292560257939441,20220120-122427
1642678168.76,4.6600000858306885,1,233,1,0,0.2035222790552958,0.450974702835,0.0187698639132919,-1.08728354147,-129.700915701,-76.6126049529,0,0.2313213327408648,-0.11292560257939441,20220120-122427
1642678168.78,4.680000066757202,1,234,1,0,0.2035222790552958,0.450974702835,0.0187698639132919,-1.08728354147,-129.700915701,-76.6126049529,0,0.2313213327408648,-0.11292560257939441,20220120-122427
1642678168.8,4.700000047683716,1,235,1,0,0.2081455070188035,0.450622558594,0.0411056140121563,1.63488232359,-137.640313796,-80.2428618977,0,0.2313213327408648,-0.11292560257939441,20220120-122427
1642678168.82,4.7200000286102295,1,236,1,0,0.2081455070188035,0.450622558594,0.0411056140121563,1.63488232359,-137.640313796,-80.2428618977,0,0.2313213327408648,-0.11292560257939441,20220120-122427
1642678168.84,4.740000009536743,1,237,1,0,0.2081455070188035,0.450622558594,0.0411056140121563,1.63488232359,-137.640313796,-80.2428618977,0,0.2313213327408648,-0.11292560257939441,20220120-122427
1642678168.86,4.759999990463257,1,238,1,0,0.2081455070188035,0.450622558594,0.0411056140121563,1.63488232359,-137.640313796,-80.2428618977,0,0.2313213327408648,-0.11292560257939441,20220120-122427
1642678168.88,4.78000020980835,1,239,1,0,0.2081455070188035,0.450622558594,0.0411056140121563,1.63488232359,-137.640313796,-80.2428618977,0,0.2313213327408648,-0.11292560257939441,20220120-122427
1642678168.9,4.800000190734863,1,240,1,0,0.2081455070188035,0.450622558594,0.0411056140121563,1.63488232359,-137.640313796,-80.2428618977,0,0.2313213327408648,-0.11292560257939441,20220120-122427
1642678168.92,4.820000171661377,1,241,1,0,0.2081455070188035,0.450622558594,0.0411056140121563,1.63488232359,-137.640313796,-80.2428618977,0,0.2313213327408648,-0.11292560257939441,20220120-122427
1642678168.94,4.840000152587891,1,242,1,0,0.2081455070188035,0.450622558594,0.0411056140121563,1.63488232359,-137.640313796,-80.2428618977,0,0.2313213327408648,-0.11292560257939441,20220120-122427
1642678168.96,4.860000133514404,1,243,1,0,0.2081455070188035,0.450622558594,0.0411056140121563,1.63488232359,-137.640313796,-80.2428618977,0,0.2313213327408648,-0.11292560257939441,20220120-122427
1642678168.98,4.880000114440918,1,244,1,0,0.2081455070188035,0.450622558594,0.0411056140121563,1.63488232359,-137.640313796,-80.2428618977,0,0.2313213327408648,-0.11292560257939441,20220120-122427
1642678169.0,4.900000095367432,1,245,1,0,0.2081455070188035,0.450622558594,0.0411056140121563,1.63488232359,-137.640313796,-80.2428618977,0,0.2313213327408648,-0.11292560257939441,20220120-122427
1642678169.02,4.920000076293945,1,246,1,0,0.2218868605330225,0.449534893036,0.076722097428552,0.702550167368,-148.058640431,-81.0828900771,0,0.2313213327408648,-0.11292560257939441,20220120-122427
1642678169.04,4.940000057220459,1,247,1,0,0.2235874801241429,0.44859790802,0.079323434021628,-2.44373227711,-144.979855595,-84.4580610056,0,0.2313213327408648,-0.11292560257939441,20220120-122427
1642678169.06,4.960000038146973,1,248,1,0,0.2235874801241429,0.44859790802,0.079323434021628,-2.44373227711,-144.979855595,-84.4580610056,0,0.2313213327408648,-0.11292560257939441,20220120-122427
1642678169.08,4.980000019073486,1,249,1,0,0.2235874801241429,0.44859790802,0.079323434021628,-2.44373227711,-144.979855595,-84.4580610056,0,0.2313213327408648,-0.11292560257939441,20220120-122427
1642678169.1,5.0,1,250,1,0,0.2235874801241429,0.44859790802,0.079323434021628,-2.44373227711,-144.979855595,-84.4580610056,0,0.2313213327408648,-0.11292560257939441,20220120-122427
1642678169.12,5.019999980926514,1,251,1,0,0.2235874801241429,0.44859790802,0.079323434021628,-2.44373227711,-144.979855595,-84.4580610056,0,0.2313213327408648,-0.11292560257939441,20220120-122427
1642678169.14,5.0400002002716064,1,252,1,0,0.2235874801241429,0.44859790802,0.079323434021628,-2.44373227711,-144.979855595,-84.4580610056,0,0.2313213327408648,-0.11292560257939441,20220120-122427
1642678169.16,5.06000018119812,1,253,1,0,0.2235874801241429,0.44859790802,0.079323434021628,-2.44373227711,-144.979855595,-84.4580610056,0,0.2313213327408648,-0.11292560257939441,20220120-122427
1642678169.18,5.080000162124634,1,254,1,0,0.2235874801241429,0.44859790802,0.079323434021628,-2.44373227711,-144.979855595,-84.4580610056,0,0.2313213327408648,-0.11292560257939441,20220120-122427
1642678169.2,5.1000001430511475,1,255,1,0,0.2235874801241429,0.44859790802,0.079323434021628,-2.44373227711,-144.979855595,-84.4580610056,0,0.2313213327408648,-0.11292560257939441,20220120-122427
1642678169.22,5.120000123977661,1,256,1,0,0.2235874801241429,0.44859790802,0.079323434021628,-2.44373227711,-144.979855595,-84.4580610056,0,0.2313213327408648,-0.11292560257939441,20220120-122427
1642678169.24,5.140000104904175,1,257,1,0,0.2235874801241429,0.44859790802,0.079323434021628,-2.44373227711,-144.979855595,-84.4580610056,0,0.2313213327408648,-0.11292560257939441,20220120-122427
1642678169.26,5.1600000858306885,1,258,1,0,0.2235874801241429,0.44859790802,0.079323434021628,-2.44373227711,-144.979855595,-84.4580610056,0,0.2313213327408648,-0.11292560257939441,20220120-122427
1642678169.28,5.180000066757202,1,259,1,0,0.2235874801241429,0.44859790802,0.079323434021628,-2.44373227711,-144.979855595,-84.4580610056,0,0.2313213327408648,-0.11292560257939441,20220120-122427
1642678169.3,5.200000047683716,1,260,1,0,0.2235874801241429,0.44859790802,0.079323434021628,-2.44373227711,-144.979855595,-84.4580610056,0,0.2313213327408648,-0.11292560257939441,20220120-122427
1642678169.32,5.2200000286102295,1,261,1,0,0.2235874801241429,0.44859790802,0.079323434021628,-2.44373227711,-144.979855595,-84.4580610056,0,0.2313213327408648,-0.11292560257939441,20220120-122427
1642678169.34,5.240000009536743,1,262,1,0,0.2235874801241429,0.44859790802,0.079323434021628,-2.44373227711,-144.979855595,-84.4580610056,0,0.2313213327408648,-0.11292560257939441,20220120-122427
1642678169.36,5.259999990463257,1,263,1,0,0.2235874801241429,0.44859790802,0.079323434021628,-2.44373227711,-144.979855595,-84.4580610056,0,0.2313213327408648,-0.11292560257939441,20220120-122427
1642678169.38,5.28000020980835,1,264,1,0,0.2235874801241429,0.44859790802,0.079323434021628,-2.44373227711,-144.979855595,-84.4580610056,0,0.2313213327408648,-0.11292560257939441,20220120-122427
1642678169.4,5.300000190734863,1,265,1,0,0.2235874801241429,0.44859790802,0.079323434021628,-2.44373227711,-144.979855595,-84.4580610056,0,0.2313213327408648,-0.11292560257939441,20220120-122427
1642678169.42,5.320000171661377,1,266,1,0,0.2235874801241429,0.44859790802,0.079323434021628,-2.44373227711,-144.979855595,-84.4580610056,0,0.2313213327408648,-0.11292560257939441,20220120-122427
1642678169.44,5.340000152587891,1,267,1,0,0.2301158315580173,0.450798034668,0.1006391658276339,0.093021149648,-149.265870052,-84.8920774856,0,0.2313213327408648,-0.11292560257939441,20220120-122427
1642678169.46,5.360000133514404,1,268,1,0,0.2313939610230623,0.450607597828,0.1009015520677918,-0.43170213918,-148.656033311,-84.807819488,0,0.2313213327408648,-0.11292560257939441,20220120-122427
1642678169.48,5.380000114440918,1,269,1,0,0.2322995484120689,0.450905203819,0.1007644541592627,-2.70355379715,-145.706217218,-84.405509167,0,0.2313213327408648,-0.11292560257939441,20220120-122427
1642678169.5,5.400000095367432,1,270,1,0,0.2322995484120689,0.450905203819,0.1007644541592627,-2.70355379715,-145.706217218,-84.405509167,0,0.2313213327408648,-0.11292560257939441,20220120-122427
1642678169.52,5.420000076293945,1,271,1,0,0.2330241184560425,0.450406178832,0.1010658406533749,-1.458794829244,-146.5289228,-84.61056833315001,0,0.2313213327408648,-0.11292560257939441,20220120-122427
1642678169.54,5.440000057220459,1,272,1,0,0.233748688500016,0.449907153845,0.101367227147487,-0.214035861338,-147.351628382,-84.8156274993,0,0.2313213327408648,-0.11292560257939441,20220120-122427
1642678169.56,5.460000038146973,1,273,1,0,0.233748688500016,0.449907153845,0.101367227147487,-0.214035861338,-147.351628382,-84.8156274993,0,0.2313213327408648,-0.11292560257939441,20220120-122427
1642678169.58,5.480000019073486,1,274,1,0,0.233748688500016,0.449907153845,0.101367227147487,-0.214035861338,-147.351628382,-84.8156274993,0,0.2313213327408648,-0.11292560257939441,20220120-122427
1642678169.6,5.5,1,275,1,0,0.233748688500016,0.449907153845,0.101367227147487,-0.214035861338,-147.351628382,-84.8156274993,0,0.2313213327408648,-0.11292560257939441,20220120-122427
1642678169.62,5.519999980926514,1,276,1,0,0.233748688500016,0.449907153845,0.101367227147487,-0.214035861338,-147.351628382,-84.8156274993,0,0.2313213327408648,-0.11292560257939441,20220120-122427
1642678169.64,5.5400002002716064,1,277,1,0,0.233748688500016,0.449907153845,0.101367227147487,-0.214035861338,-147.351628382,-84.8156274993,0,0.2313213327408648,-0.11292560257939441,20220120-122427
1642678169.66,5.56000018119812,1,278,1,0,0.235819475211874,0.45215138793,0.1020274191130593,-1.15646173264,-147.220533899,-77.9743401843,0,0.2313213327408648,-0.11292560257939441,20220120-122427
1642678169.68,5.580000162124634,1,279,1,0,0.2362396006049394,0.452475607395,0.1025325504514454,-1.05020889688,-147.432325708,-76.4528774879,0,0.2313213327408648,-0.11292560257939441,20220120-122427
1642678169.7,5.6000001430511475,1,280,1,0,0.2370609365492237,0.451664239168,0.1039139283704614,-1.61708433274,-145.10880620749998,-72.5445570577,0,0.2313213327408648,-0.11292560257939441,20220120-122427
1642678169.72,5.620000123977661,1,281,1,0,0.2376390658741027,0.451297998428,0.1041946691542314,-2.04496402866,-144.943711259,-71.8607177793,0,0.2313213327408648,-0.11292560257939441,20220120-122427
1642678169.74,5.640000104904175,1,282,1,0,0.2376390658741027,0.451297998428,0.1041946691542314,-2.04496402866,-144.943711259,-71.8607177793,0,0.2313213327408648,-0.11292560257939441,20220120-122427
1642678169.76,5.6600000858306885,1,283,1,0,0.2376390658741027,0.451297998428,0.1041946691542314,-2.04496402866,-144.943711259,-71.8607177793,1,0.2313213327408648,-0.11292560257939441,20220120-122427
1642678169.78,5.680000066757202,1,284,1,0,0.237644329749994,0.45425260067,0.098721983841982,-4.97183615176,-143.650973558,-72.4226116929,1,0.2313213327408648,-0.11292560257939441,20220120-122427
1642678169.8,5.700000047683716,1,285,1,0,0.2377846349918056,0.455917298794,0.0971995554861162,-8.37293946486,-139.562028689,-71.5584080063,1,0.2313213327408648,-0.11292560257939441,20220120-122427
1642678169.82,5.7200000286102295,1,286,1,0,0.2370675701074077,0.4610751867295,0.0909293527024472,-11.5628046833,-135.3021381435,-71.3840238967,1,0.2313213327408648,-0.11292560257939441,20220120-122427
1642678169.84,5.740000009536743,1,287,1,0,0.2384925439718062,0.4673300385475,0.0903707310771271,-11.304336231715,-130.5209722905,-59.8329770556,1,0.2313213327408648,-0.11292560257939441,20220120-122427
1642678169.86,5.759999990463257,1,288,1,0,0.2396487286953458,0.476920545101,0.0894680341225046,-9.39219498146,-127.035999611,-43.9604964604,1,0.2313213327408648,-0.11292560257939441,20220120-122427
1642678169.88,5.78000020980835,1,289,1,0,0.2407327519726954,0.47871118784,0.0897983235305324,-7.3794306218,-127.040421749,-41.6467948267,1,0.2313213327408648,-0.11292560257939441,20220120-122427
1642678169.9,5.800000190734863,1,290,1,0,0.2424266406534551,0.477849021554,0.0902703252205094,-6.2930516743350005,-128.603503456,-44.8211618865,1,0.2313213327408648,-0.11292560257939441,20220120-122427
1642678169.92,5.820000171661377,1,291,1,0,0.2434416619975212,0.4767521470785,0.091512020871088,-4.89788393688,-129.0749006595,-46.56771849675,1,0.2313213327408648,-0.11292560257939441,20220120-122427
1642678169.94,5.840000152587891,1,292,1,0,0.2435307849331115,0.474822074175,0.0933920357899525,-2.2237111728,-129.310090555,-50.0558057661,1,0.2313213327408648,-0.11292560257939441,20220120-122427
1642678169.96,5.860000133514404,1,293,1,0,0.2433140603363832,0.474220275879,0.0938062688826032,-2.3270059243,-130.625583803,-51.5435760469,1,0.2313213327408648,-0.11292560257939441,20220120-122427
1642678169.98,5.880000114440918,1,294,1,0,0.2428164388947191,0.474030584097,0.0936824269885117,-2.13682402269,-131.266725729,-51.6810292476,1,0.2313213327408648,-0.11292560257939441,20220120-122427
1642678170.0,5.900000095367432,1,295,1,0,0.2407510371128557,0.475152939558,0.0927113624668828,-1.793650499525,-133.2401865295,-49.53886779725,1,0.2313213327408648,-0.11292560257939441,20220120-122427
1642678170.02,5.920000076293945,1,296,1,0,0.2384247883717804,0.477546095848,0.0906934748694198,-1.857070358155,-134.2305707245,-46.4372596344,1,0.2313213327408648,-0.11292560257939441,20220120-122427
1642678170.04,5.940000057220459,1,297,1,0,0.2355412971416932,0.484469622374,0.0862220006080939,7.04770658459,-133.33198379,-32.1334092236,1,0.2313213327408648,-0.11292560257939441,20220120-122427
1642678170.06,5.960000038146973,1,298,1,0,0.2342852848564861,0.492869079113,0.075934315266073,18.1540485728,-132.366486861,-21.4170777709,1,0.2313213327408648,-0.11292560257939441,20220120-122427
1642678170.08,5.980000019073486,1,299,1,0,0.2366645786064808,0.502895414829,0.0683154112869537,21.0704388627,-129.023182451,-9.28026125613,1,0.2313213327408648,-0.11292560257939441,20220120-122427
1642678170.1,6.0,1,300,1,0,0.2393967283410712,0.514124333858,0.0588770747352326,18.8586872774,-124.117413205,-0.626624786613,1,0.2313213327408648,-0.11292560257939441,20220120-122427
1642678170.12,6.019999980926514,1,301,1,0,0.2421935739893122,0.523051828146,0.0515787525800488,16.99948950765,-117.945150963,2.382039057285,1,0.2313213327408648,-0.11292560257939441,20220120-122427
1642678170.14,6.0400002002716064,1,302,1,0,0.2450351508219956,0.533743321896,0.044543267236098,15.8528431951,-111.645776783,2.04649463001,1,0.2313213327408648,-0.11292560257939441,20220120-122427
1642678170.16,6.06000018119812,1,303,1,0,0.2453404968302616,0.539495706558,0.0400856349864341,13.7235841596,-110.039664887,1.65206242139,1,0.2313213327408648,-0.11292560257939441,20220120-122427
1642678170.18,6.080000162124634,1,304,1,0,0.244850552282466,0.545225203037,0.0359786729938435,13.4687467476,-109.255999643,4.01332215729,1,0.2313213327408648,-0.11292560257939441,20220120-122427
1642678170.2,6.1000001430511475,1,305,1,0,0.2424026167984498,0.5526443421839999,0.0294141798876483,14.9924583074,-107.7703428565,6.24918367127,1,0.2313213327408648,-0.11292560257939441,20220120-122427
1642678170.22,6.120000123977661,1,306,1,0,0.2407613901483109,0.5579881966115,0.0245783419420514,15.77956962925,-105.608621491,7.555919784869999,1,0.2313213327408648,-0.11292560257939441,20220120-122427
1642678170.24,6.140000104904175,1,307,1,0,0.239572753753843,0.565387487411,0.0196617777207151,13.9681284622,-100.838411539,5.50380152364,1,0.2313213327408648,-0.11292560257939441,20220120-122427
1642678170.26,6.1600000858306885,1,308,1,0,0.240549450342827,0.570956468582,0.0164935398126541,8.51440374172,-98.0452018944,2.64574777901,1,0.2313213327408648,-0.11292560257939441,20220120-122427
1642678170.28,6.180000066757202,1,309,1,0,0.2420313437398957,0.577692270279,0.0144541188525314,8.61922387477,-97.6557071719,2.3876618037,1,0.2313213327408648,-0.11292560257939441,20220120-122427
1642678170.3,6.200000047683716,1,310,1,0,0.2432832082279621,0.5864897668365,0.0106181745674887,9.34019659265,-97.7150875804,0.239275236158,1,0.2313213327408648,-0.11292560257939441,20220120-122427
1642678170.32,6.2200000286102295,1,311,1,0,0.2448649392788685,0.598863184452,0.0050935278719971,11.3253909353,-96.2784976078,0.168705518725,1,0.2313213327408648,-0.11292560257939441,20220120-122427
1642678170.34,6.240000009536743,1,312,1,0,0.2444026766152037,0.605159163475,0.0020967407213138,10.0356970286,-95.7429076642,-0.163052850682,1,0.2313213327408648,-0.11292560257939441,20220120-122427
1642678170.36,6.259999990463257,1,313,1,0,0.2436875517412625,0.611299514771,0.0001288879784542,9.910117708,-96.4107621168,0.938695865981,1,0.2313213327408648,-0.11292560257939441,20220120-122427
1642678170.38,6.28000020980835,1,314,1,0,0.2423574105505664,0.6206744909290001,-0.002049872278257,10.53081886375,-97.39826646635,3.861002367025,1,0.2313213327408648,-0.11292560257939441,20220120-122427
1642678170.4,6.300000190734863,1,315,1,0,0.2415105315264421,0.6265629827979999,-0.0033861347491282,9.861144111455,-97.35579247445,4.35458419267,1,0.2313213327408648,-0.11292560257939441,20220120-122427
1642678170.42,6.320000171661377,1,316,1,0,0.2404087034527604,0.634460866451,-0.0040973059362705,9.27557298728,-96.6338621103,3.91254994634,1,0.2313213327408648,-0.11292560257939441,20220120-122427
1642678170.44,6.340000152587891,1,317,1,0,0.2399822223808688,0.639008045197,-0.0045613532229281,8.93442428233,-96.1501335047,3.36441970536,1,0.2313213327408648,-0.11292560257939441,20220120-122427
1642678170.46,6.360000133514404,1,318,1,0,0.2387074952584944,0.643942415714,-0.0054765016263636,8.59930329901,-96.1593601747,4.52483297015,1,0.2313213327408648,-0.11292560257939441,20220120-122427
1642678170.48,6.380000114440918,1,319,1,0,0.23591207883389,0.6510803103445,-0.0074244995505027,7.912336861705,-95.653045194,6.98830173406,1,0.2313213327408648,-0.11292560257939441,20220120-122427
1642678170.5,6.400000095367432,1,320,1,0,0.2343626669214548,0.6552040576935,-0.0082067682924403,8.170673387955,-95.3920177502,8.254465822485,1,0.2313213327408648,-0.11292560257939441,20220120-122427
1642678170.52,6.420000076293945,1,321,1,0,0.2327753182094523,0.660270929337,-0.0087338453329662,8.96687419783,-95.5193505995,9.36456300759,1,0.2313213327408648,-0.11292560257939441,20220120-122427
1642678170.54,6.440000057220459,1,322,1,0,0.2319202603122853,0.663237512112,-0.0097431517562843,6.80621877482,-95.2880791794,9.18468009272,1,0.2313213327408648,-0.11292560257939441,20220120-122427
1642678170.56,6.460000038146973,1,323,1,0,0.2313779550069453,0.665567100048,-0.0099824863884364,6.37949824548,-95.0868006549,9.22768119335,1,0.2313213327408648,-0.11292560257939441,20220120-122427
1642678170.58,6.480000019073486,1,324,1,0,0.2316094842773158,0.667154461145,-0.0099576178575827,6.592693134495,-93.8392939805,9.04757298126,1,0.2313213327408648,-0.11292560257939441,20220120-122427
1642678170.6,6.5,1,325,1,0,0.2327818145126386,0.6663632094859999,-0.0098983928868733,6.23886233873,-93.06304892855,7.672589880649999,1,0.2313213327408648,-0.11292560257939441,20220120-122427
1642678170.62,6.519999980926514,1,326,1,0,0.235727232026066,0.662393450737,-0.0093190667973747,6.850291842,-91.7439079663,4.23320473826,1,0.2313213327408648,-0.11292560257939441,20220120-122427
1642678170.64,6.5400002002716064,1,327,1,0,0.2368888623834726,0.658737182617,-0.0091511966128309,6.36326853194,-90.8181906687,1.84373167633,1,0.2313213327408648,-0.11292560257939441,20220120-122427
1642678170.66,6.56000018119812,1,328,1,0,0.2369449432117642,0.655912280083,-0.009812162907341,5.44566803259,-89.1703568467,1.88083452895,1,0.2313213327408648,-0.11292560257939441,20220120-122427
1642678170.68,6.580000162124634,1,329,1,0,0.2349105225007693,0.6523359417915,-0.0110825432358376,5.12099406724,-87.37269394695,2.23771712967,1,0.2313213327408648,-0.11292560257939441,20220120-122427
1642678170.7,6.6000001430511475,1,330,1,0,0.2333202643221783,0.65100646019,-0.0122351658795671,4.541869325835,-86.44378129455,3.439353805185,1,0.2313213327408648,-0.11292560257939441,20220120-122427
1642678170.72,6.620000123977661,1,331,1,0,0.2297856897271678,0.650207459927,-0.0136272110683099,5.52897100943,-84.8403234722,6.55036100467,1,0.2313213327408648,-0.11292560257939441,20220120-122427
1642678170.74,6.640000104904175,1,332,1,0,0.2264413581032228,0.650698423386,-0.0149773746595875,3.92572927206,-83.8164149908,7.46244498092,1,0.2313213327408648,-0.11292560257939441,20220120-122427
1642678170.76,6.6600000858306885,1,333,1,0,0.2236041102074039,0.652061343193,-0.0158828619995308,4.15459623181,-82.84696455,8.79469604925,1,0.2313213327408648,-0.11292560257939441,20220120-122427
1642678170.78,6.680000066757202,1,334,1,0,0.2188728914981763,0.6551579833035,-0.0173548835764698,4.21156365584,-81.36215494555,10.567297626005,1,0.2313213327408648,-0.11292560257939441,20220120-122427
1642678170.8,6.700000047683716,1,335,1,0,0.2151894584849827,0.6577698588375,-0.0185372630216203,4.300430071045,-80.00834162595001,12.1285234177,1,0.2313213327408648,-0.11292560257939441,20220120-122427
1642678170.82,6.7200000286102295,1,336,1,0,0.208772994263526,0.661558151245,-0.021154000571603,4.05690173087,-78.006316066,14.4841872284,1,0.2313213327408648,-0.11292560257939441,20220120-122427
1642678170.84,6.740000009536743,1,337,1,0,0.2048057315600674,0.663603782654,-0.02353564403495,4.61091149337,-77.0229013848,15.8914260074,1,0.2313213327408648,-0.11292560257939441,20220120-122427
1642678170.86,6.759999990463257,1,338,1,0,0.2014792297436928,0.665126204491,-0.0258238460674405,5.81415591966,-76.2365764567,16.8112649169,1,0.2313213327408648,-0.11292560257939441,20220120-122427
1642678170.88,6.78000020980835,1,339,1,0,0.1970993369832926,0.6679714024065,-0.0286335766261809,6.4820093636,-75.4524431246,17.80503279265,1,0.2313213327408648,-0.11292560257939441,20220120-122427
1642678244.0,0.0,2,0,1,1,0.2258304819962201,0.695802718401,-0.1053356061540189,2.493904866755,-100.2537389585,19.2593096311,1,0.2313213327408648,-0.11292560257939441,20220120-122427
1642678244.02,0.019999980926513672,2,1,1,1,0.2244748309655921,0.6989277005195,-0.1064302487028117,2.312284568535,-100.275423314,20.1611619051,1,0.2313213327408648,-0.11292560257939441,20220120-122427
1642678244.04,0.039999961853027344,2,2,1,1,0.2233669780026462,0.7011480927464999,-0.1069084496390878,2.52421662459,-100.4177190965,21.24219314445,1,0.2313213327408648,-0.11292560257939441,20220120-122427
1642678244.06,0.059999942779541016,2,3,1,1,0.2216692308897429,0.703574895859,-0.1073723145748541,2.56008136993,-100.414084451,22.730119842,1,0.2313213327408648,-0.11292560257939441,20220120-122427
1642678244.08,0.07999992370605469,2,4,1,1,0.2203366535985537,0.704445898533,-0.1077874510822362,2.1939139244,-99.9116691649,23.1090564191,1,0.2313213327408648,-0.11292560257939441,20220120-122427
1642678244.1,0.09999990463256836,2,5,1,1,0.2187649196293802,0.705039322376,-0.1079811582032065,2.6495291759,-99.0703367777,24.1270680354,1,0.2313213327408648,-0.11292560257939441,20220120-122427
1642678244.12,0.11999988555908203,2,6,1,1,0.2158799643760716,0.7052190005779999,-0.1083881649840491,1.134090019355,-98.1803592767,25.7553739311,1,0.2313213327408648,-0.11292560257939441,20220120-122427
1642678244.14,0.1400001049041748,2,7,1,1,0.2139619684116058,0.704752147198,-0.107979417887015,1.89432192285,-98.379250588,26.4584438218,1,0.2313213327408648,-0.11292560257939441,20220120-122427
1642678244.16,0.16000008583068848,2,8,1,1,0.2123944513947977,0.703340947628,-0.1069267510541815,0.317715261067,-99.2233275064,25.6330821171,1,0.2313213327408648,-0.11292560257939441,20220120-122427
1642678244.18,0.18000006675720215,2,9,1,1,0.2124760184828481,0.70112413168,-0.1055732360884572,0.696173747247,-100.544338028,23.4997511149,1,0.2313213327408648,-0.11292560257939441,20220120-122427
1642678244.2,0.20000004768371582,2,10,1,1,0.2153987094545286,0.6947444677355,-0.1024816843120299,1.5086165457699998,-102.768970856,15.81481529045,1,0.2313213327408648,-0.11292560257939441,20220120-122427
1642678244.22,0.2200000286102295,2,11,1,1,0.2189275748368878,0.6887466311454999,-0.1003248821878013,0.6940088172459999,-103.1084990955,8.419621414355,1,0.2313213327408648,-0.11292560257939441,20220120-122427
1642678244.24,0.24000000953674316,2,12,1,1,0.225883291032957,0.678334534168,-0.0966096354776045,0.267452076975,-102.971453365,-2.09311382571,1,0.2313213327408648,-0.11292560257939441,20220120-122427
1642678244.26,0.25999999046325684,2,13,1,1,0.2316911313880209,0.671231985092,-0.0940962036584599,0.918880327648,-102.418120424,-6.95063679144,1,0.2313213327408648,-0.11292560257939441,20220120-122427
1642678244.28,0.2799999713897705,2,14,1,1,0.2374713240711827,0.662111639977,-0.0923111680194693,-0.378669180353,-102.113851873,-14.1578050671,1,0.2313213327408648,-0.11292560257939441,20220120-122427
1642678244.3,0.2999999523162842,2,15,1,1,0.2407393472316653,0.656952142715,-0.0907198511333433,-0.179372675267,-101.72349032,-17.073634112,1,0.2313213327408648,-0.11292560257939441,20220120-122427
1642678244.32,0.31999993324279785,2,16,1,1,0.2552951401572396,0.635033965111,-0.087300026685224,-3.80708863531,-101.3476758225,-28.7889232323,1,0.2313213327408648,-0.11292560257939441,20220120-122427
1642678244.34,0.3399999141693115,2,17,1,1,0.2628917340363054,0.6231060624125,-0.0855633704314528,-4.542785128345,-101.129815465,-33.2125396914,1,0.2313213327408648,-0.11292560257939441,20220120-122427
1642678244.36,0.3599998950958252,2,18,1,1,0.2727371921092277,0.604338228703,-0.0830825073757842,-4.75315797816,-101.979142894,-39.3509638586,1,0.2313213327408648,-0.11292560257939441,20220120-122427
1642678244.38,0.38000011444091797,2,19,1,1,0.2784925469969604,0.593087792397,-0.0825372173201456,-5.57224658093,-102.670643961,-42.3126024239,1,0.2313213327408648,-0.11292560257939441,20220120-122427
1642678244.4,0.40000009536743164,2,20,1,1,0.2862116744870334,0.5767251849175,-0.0804559771269139,-5.302183793915001,-102.919378783,-44.9281773664,1,0.2313213327408648,-0.11292560257939441,20220120-122427
1642678244.42,0.4200000762939453,2,21,1,1,0.2905356443891507,0.5659412145614999,-0.0788013705937783,-5.27484942448,-103.6121973745,-47.3557236059,1,0.2313213327408648,-0.11292560257939441,20220120-122427
1642678244.44,0.440000057220459,2,22,1,1,0.2965374927709058,0.549789965153,-0.0762302172970525,-5.64482137272,-105.56301741,-51.2260267037,1,0.2313213327408648,-0.11292560257939441,20220120-122427
1642678244.46,0.46000003814697266,2,23,1,1,0.2994859303775173,0.539204835892,-0.0739067337059964,-4.76938590619,-105.588676382,-55.3001021685,1,0.2313213327408648,-0.11292560257939441,20220120-122427
1642678244.48,0.48000001907348633,2,24,1,1,0.3042023707935186,0.529199063778,-0.0720665326887993,-5.08950225105,-107.141067503,-56.3271042334,0,0.2313213327408648,-0.11292560257939441,20220120-122427
1642678244.5,0.5,2,25,1,1,0.3119371728906693,0.5163232386115,-0.0671285810798152,-3.79074377407,-108.1944290745,-55.7311068919,0,0.2313213327408648,-0.11292560257939441,20220120-122427
1642678244.52,0.5199999809265137,2,26,1,1,0.3168352057768431,0.508073568344,-0.0650830097604611,-4.78154473051,-109.3974422785,-56.17499151745,0,0.2313213327408648,-0.11292560257939441,20220120-122427
1642678244.54,0.5399999618530273,2,27,1,1,0.3221520004069947,0.500054568052,-0.0624512341976745,-5.907685765875,-110.027052067,-55.386582948,0,0.2313213327408648,-0.11292560257939441,20220120-122427
1642678244.56,0.559999942779541,2,28,1,1,0.3288058696742212,0.486628562212,-0.0575376084718129,-6.42619847611,-108.296150191,-53.6591376812,0,0.2313213327408648,-0.11292560257939441,20220120-122427
1642678244.58,0.5799999237060547,2,29,1,1,0.3335472641881598,0.479194521904,-0.0564624055311225,-10.5318268731,-115.198445002,-59.2559964458,0,0.2313213327408648,-0.11292560257939441,20220120-122427
1642678244.6,0.5999999046325684,2,30,1,1,0.3378758474882609,0.471092790365,-0.0525812555868062,-9.0458912235,-115.89499647,-59.9164637395,0,0.2313213327408648,-0.11292560257939441,20220120-122427
1642678244.62,0.619999885559082,2,31,1,1,0.3415164048199622,0.4620973318815,-0.0458769966790373,-8.72111935828,-120.3406142955,-62.3127989228,0,0.2313213327408648,-0.11292560257939441,20220120-122427
1642678244.64,0.6400001049041748,2,32,1,1,0.3438515383123031,0.455362975597,-0.0387270092999227,-8.53410837443,-122.377811308,-65.5149584861,0,0.2313213327408648,-0.11292560257939441,20220120-122427
1642678244.66,0.6600000858306885,2,33,1,1,0.3445321808821169,0.452908158302,-0.0341441143789837,-9.38782527606,-122.473232128,-66.6531641962,0,0.2313213327408648,-0.11292560257939441,20220120-122427
1642678244.68,0.6800000667572021,2,34,1,1,0.3453289142213169,0.452084004879,-0.0259734576159047,-6.93442949867,-122.331359279,-57.7848246335,0,0.2313213327408648,-0.11292560257939441,20220120-122427
1642678244.7,0.7000000476837158,2,35,1,1,0.343572932584445,0.454089909792,-0.0159591590978351,-5.497146222325,-125.193905797,-48.14463700365,0,0.2313213327408648,-0.11292560257939441,20220120-122427
1642678244.72,0.7200000286102295,2,36,1,1,0.3430555139949185,0.4548765867945,-0.0109704262267488,-6.267276166465,-128.527993817,-45.9391831103,0,0.2313213327408648,-0.11292560257939441,20220120-122427
1642678244.74,0.7400000095367432,2,37,1,1,0.3428030855525779,0.455725342035,-0.0021594215982507,-5.82158823075,-131.883745918,-42.9325643083,0,0.2313213327408648,-0.11292560257939441,20220120-122427
1642678244.76,0.7599999904632568,2,38,1,1,0.343140262579565,0.456443399191,0.0043980818140289,-5.63220827865,-133.165630877,-40.7503899103,0,0.2313213327408648,-0.11292560257939441,20220120-122427
1642678244.78,0.7799999713897705,2,39,1,1,0.3436752266316321,0.457120031118,0.0111666466212557,-5.42960059634,-134.469504087,-39.8544213654,0,0.2313213327408648,-0.11292560257939441,20220120-122427
1642678244.8,0.7999999523162842,2,40,1,1,0.3464057656856087,0.45687687397,0.0168605250703684,-7.1992962135,-132.880675014,-40.9348978824,0,0.2313213327408648,-0.11292560257939441,20220120-122427
1642678244.82,0.8199999332427979,2,41,1,1,0.3494350638245245,0.455595687032,0.0226065790194326,-10.62604301525,-132.3180639565,-45.00264736805,0,0.2313213327408648,-0.11292560257939441,20220120-122427
1642678244.84,0.8399999141693115,2,42,1,1,0.3510548679140158,0.457230642438,0.0249034235852992,-11.9155400419,-131.5343568435,-43.03200279925,0,0.2313213327408648,-0.11292560257939441,20220120-122427
1642678244.86,0.8599998950958252,2,43,1,1,0.3528936175186709,0.462659627199,0.028967832329994,-11.499216232,-129.515150278,-34.0019600266,0,0.2313213327408648,-0.11292560257939441,20220120-122427
1642678244.88,0.880000114440918,2,44,1,1,0.3539780264347895,0.466965436935,0.0311896050786171,-10.702376375,-128.134469969,-28.4518358312,1,0.2313213327408648,-0.11292560257939441,20220120-122427
1642678244.9,0.9000000953674316,2,45,1,1,0.3554376763458301,0.4719646126035,0.0339397605562059,-8.623117108399999,-125.570430908,-21.85446949875,1,0.2313213327408648,-0.11292560257939441,20220120-122427
1642678244.92,0.9200000762939453,2,46,1,1,0.3569713879253184,0.474655419588,0.0365782679931004,-9.105999972355,-124.8922305275,-18.62285061045,1,0.2313213327408648,-0.11292560257939441,20220120-122427
1642678244.94,0.940000057220459,2,47,1,1,0.3583820739919928,0.476843476295,0.0404028003956452,-8.7457950223,-124.654468196,-15.6914639068,1,0.2313213327408648,-0.11292560257939441,20220120-122427
1642678244.96,0.9600000381469727,2,48,1,1,0.3598032094960929,0.481257140636,0.0463541028551933,-9.53527688672,-127.08683854,-12.611244748,1,0.2313213327408648,-0.11292560257939441,20220120-122427
1642678244.98,0.9800000190734863,2,49,1,1,0.3605348250032286,0.485170274973,0.0510250046032074,-8.15641234627,-127.857356158,-10.0971228464,1,0.2313213327408648,-0.11292560257939441,20220120-122427
1642678245.0,1.0,2,50,1,1,0.3619610425844783,0.4938216656445,0.0563271617004459,-7.702966411489999,-127.7186014345,-6.438084346085001,1,0.2313213327408648,-0.11292560257939441,20220120-122427
1642678245.02,1.0199999809265137,2,51,1,1,0.3631578833691455,0.5003720372915,0.060085361374529,-6.92228930043,-126.750299262,-4.145079115605,1,0.2313213327408648,-0.11292560257939441,20220120-122427
1642678245.04,1.0399999618530273,2,52,1,1,0.3649933169264454,0.5061067342755,0.0643790910478599,-6.770843302375,-125.0603552695,-4.39063415545,1,0.2313213327408648,-0.11292560257939441,20220120-122427
1642678245.06,1.059999942779541,2,53,1,1,0.3683986804479821,0.511609256268,0.0708036172073657,-7.8096390068,-122.659933247,-8.91538011394,1,0.2313213327408648,-0.11292560257939441,20220120-122427
1642678245.08,1.0799999237060547,2,54,1,1,0.3700832344610232,0.513568043709,0.0747767978912971,-7.08746595745,-122.540711127,-8.84374085706,1,0.2313213327408648,-0.11292560257939441,20220120-122427
1642678245.1,1.0999999046325684,2,55,1,1,0.3716901480772868,0.516471326351,0.0782235270670259,-4.73019812371,-123.040743995,-5.72081754978,1,0.2313213327408648,-0.11292560257939441,20220120-122427
1642678245.12,1.119999885559082,2,56,1,1,0.3747781113075146,0.522716343403,0.0805802934377319,-4.14153293335,-119.9784435975,-0.3370759319949998,1,0.2313213327408648,-0.11292560257939441,20220120-122427
1642678245.14,1.1400001049041748,2,57,1,1,0.3765845600433418,0.529551923275,0.0821479235666094,-3.67674717474,-116.419314282,2.80934803577,1,0.2313213327408648,-0.11292560257939441,20220120-122427
1642678245.16,1.1600000858306885,2,58,1,1,0.3770605535300764,0.534361302853,0.0826961012470834,-4.19509406569,-114.876614013,4.66409228655,1,0.2313213327408648,-0.11292560257939441,20220120-122427
1642678245.18,1.1800000667572021,2,59,1,1,0.377155184527074,0.539871633053,0.0815207470745584,-6.03587739889,-112.899824989,4.93597845887,1,0.2313213327408648,-0.11292560257939441,20220120-122427
1642678245.2,1.2000000476837158,2,60,1,1,0.3761292568102311,0.552759230137,0.0755009092279932,-5.47736906568,-108.2180055725,8.996835191865,1,0.2313213327408648,-0.11292560257939441,20220120-122427
1642678245.22,1.2200000286102295,2,61,1,1,0.3754217450447957,0.5628782510754999,0.069791736050304,-2.89722744939,-104.098976538,11.8569015534,1,0.2313213327408648,-0.11292560257939441,20220120-122427
1642678245.24,1.2400000095367432,2,62,1,1,0.3769247891924919,0.577305316925,0.0618471594224616,-0.578201042234,-97.3627612803,14.4130580312,1,0.2313213327408648,-0.11292560257939441,20220120-122427
1642678245.26,1.2599999904632568,2,63,1,1,0.3789841713862856,0.587114691734,0.0576029640678953,-2.83162279794,-93.6658433602,15.0409148045,1,0.2313213327408648,-0.11292560257939441,20220120-122427
1642678245.28,1.2799999713897705,2,64,1,1,0.3818193645590386,0.597580373287,0.0552387446723983,-2.24542395105,-93.2535859225,14.4441703593,1,0.2313213327408648,-0.11292560257939441,20220120-122427
1642678245.3,1.2999999523162842,2,65,1,1,0.3854595601946705,0.607076764107,0.0531651537114166,-0.309576553192,-93.7392485434,11.570654016,1,0.2313213327408648,-0.11292560257939441,20220120-122427
1642678245.32,1.3199999332427979,2,66,1,1,0.3898585453189028,0.620422303677,0.0482351165802774,-0.0674857874545,-92.1757564745,6.960882307315,1,0.2313213327408648,-0.11292560257939441,20220120-122427
1642678245.34,1.3399999141693115,2,67,1,1,0.391966018235182,0.6293053627015,0.045401431984467,0.5885287176755001,-91.21573779405,6.961117580385,1,0.2313213327408648,-0.11292560257939441,20220120-122427
1642678245.36,1.3599998950958252,2,68,1,1,0.394643804433058,0.641074120998,0.0421441828938258,0.690086992158,-90.9794466079,6.27461976168,1,0.2313213327408648,-0.11292560257939441,20220120-122427
1642678245.38,1.380000114440918,2,69,1,1,0.3971363393123763,0.648253560066,0.0414623061742662,1.45460875998,-91.6944355746,7.16387371929,1,0.2313213327408648,-0.11292560257939441,20220120-122427
1642678245.4,1.4000000953674316,2,70,1,1,0.4004646134230135,0.6554180383685,0.0404606136079405,0.5077593467864,-91.9080387783,7.25150394409,1,0.2313213327408648,-0.11292560257939441,20220120-122427
1642678245.42,1.4200000762939453,2,71,1,1,0.4038759847213042,0.6617478728295,0.0398134936746552,0.4128911968575,-92.21745793505,7.634042337345001,1,0.2313213327408648,-0.11292560257939441,20220120-122427
1642678245.44,1.440000057220459,2,72,1,1,0.4064892844294459,0.668301522732,0.0386708780391294,0.0745273410518,-92.1256637994,9.23273675747,1,0.2313213327408648,-0.11292560257939441,20220120-122427
1642678245.46,1.4600000381469727,2,73,1,1,0.4067178195618703,0.673022925854,0.0377662372265921,-0.30512294581,-91.8179812036,12.9482489191,1,0.2313213327408648,-0.11292560257939441,20220120-122427
1642678245.48,1.4800000190734863,2,74,1,1,0.4060241860434059,0.677502632141,0.0367724218356012,-0.654617089056,-91.4572261651,17.1510253818,1,0.2313213327408648,-0.11292560257939441,20220120-122427
1642678245.5,1.5,2,75,1,1,0.4036806899419132,0.682725101709,0.0349430598813274,-0.0929293833704999,-92.08821766685,21.2787816932,1,0.2313213327408648,-0.11292560257939441,20220120-122427
1642678245.52,1.5199999809265137,2,76,1,1,0.4018781475606727,0.685354143381,0.0341657761558856,0.600820913152,-93.08121628095,23.34344540025,1,0.2313213327408648,-0.11292560257939441,20220120-122427
1642678245.54,1.5399999618530273,2,77,1,1,0.4001917579511582,0.687535196543,0.0336470693306948,0.9231468816445,-94.1364645126,24.34901447285,1,0.2313213327408648,-0.11292560257939441,20220120-122427
1642678245.56,1.559999942779541,2,78,1,1,0.3977771445615495,0.690452635288,0.0327822686939789,1.28056276441,-95.0936272246,24.8612891594,1,0.2313213327408648,-0.11292560257939441,20220120-122427
1642678245.58,1.5799999237060547,2,79,1,1,0.3957834292307982,0.692379832268,0.0323828122518949,1.1773612216,-95.6069060894,25.5745283117,1,0.2313213327408648,-0.11292560257939441,20220120-122427
1642678245.6,1.5999999046325684,2,80,1,1,0.3929827128752278,0.69444924593,0.0323603397892448,1.25204093919,-95.670938831,27.4880151967,1,0.2313213327408648,-0.11292560257939441,20220120-122427
1642678245.62,1.619999885559082,2,81,1,1,0.387655165123779,0.6974440813064999,0.0319005345853577,0.3669721657225,-95.4820895488,30.46160201175,1,0.2313213327408648,-0.11292560257939441,20220120-122427
1642678245.64,1.6400001049041748,2,82,1,1,0.3829012857903939,0.699707746506,0.0312497960465795,0.400259195166,-96.1134795481,32.4503434476,1,0.2313213327408648,-0.11292560257939441,20220120-122427
1642678245.66,1.6600000858306885,2,83,1,1,0.3810527079140954,0.700250208378,0.0306033607783573,0.457139162396,-96.551031537,31.4682802569,1,0.2313213327408648,-0.11292560257939441,20220120-122427
1642678245.68,1.6800000667572021,2,84,1,1,0.380232558136571,0.70088660717,0.0306081803202866,1.4949133378,-96.8711734879,31.6276369964,1,0.2313213327408648,-0.11292560257939441,20220120-122427
1642678245.7,1.7000000476837158,2,85,1,1,0.3792350337561643,0.700074821711,0.0317637943476122,0.980465441456,-98.26948800115,28.36716035505,1,0.2313213327408648,-0.11292560257939441,20220120-122427
1642678245.72,1.7200000286102295,2,86,1,1,0.3779854583031102,0.699816942215,0.0327165769060603,0.1252675329349999,-99.2948329897,27.81332003605,1,0.2313213327408648,-0.11292560257939441,20220120-122427
1642678245.74,1.7400000095367432,2,87,1,1,0.3739334453787664,0.700356483459,0.0334374368928685,-0.376427828129,-99.9958162845,31.1262054505,1,0.2313213327408648,-0.11292560257939441,20220120-122427
1642678245.76,1.7599999904632568,2,88,1,1,0.3705528419287363,0.700247228146,0.0333244451638881,-3.02158985585,-99.9549776348,33.2710621683,1,0.2313213327408648,-0.11292560257939441,20220120-122427
1642678245.78,1.7799999713897705,2,89,1,1,0.3681584049392025,0.699901759624,0.0343713397017463,-2.49241223839,-102.267505159,33.8850528735,1,0.2313213327408648,-0.11292560257939441,20220120-122427
1642678245.8,1.7999999523162842,2,90,1,1,0.3670619914465008,0.699266850948,0.0352746477362931,-3.21264134762,-104.726348549,31.6388016213,1,0.2313213327408648,-0.11292560257939441,20220120-122427
1642678245.82,1.8199999332427979,2,91,1,1,0.3672520191947406,0.6979598402975,0.0370894884510071,-3.004709008275,-106.7788423845,28.1915690257,1,0.2313213327408648,-0.11292560257939441,20220120-122427
1642678245.84,1.8399999141693115,2,92,1,1,0.3677214209949551,0.697074264288,0.0381513690568717,-2.48904556781,-106.9081847375,25.4982103069,1,0.2313213327408648,-0.11292560257939441,20220120-122427
1642678245.86,1.8599998950958252,2,93,1,1,0.3683369508595542,0.696426153183,0.0392304826108465,-3.59751899977,-106.129707285,23.0534721588,1,0.2313213327408648,-0.11292560257939441,20220120-122427
1642678245.88,1.880000114440918,2,94,1,1,0.3686600272936178,0.695945680141,0.0397474047212481,-3.27440593731,-106.058139724,21.8855466394,1,0.2313213327408648,-0.11292560257939441,20220120-122427
1642678245.9,1.9000000953674316,2,95,1,1,0.369166070307144,0.6953995227815,0.03990108312205,-3.63152877263,-106.2957228645,19.9860490937,1,0.2313213327408648,-0.11292560257939441,20220120-122427
1642678245.92,1.9200000762939453,2,96,1,1,0.369527517237749,0.69493958354,0.0401109629274772,-2.78587665529,-106.443908112,19.19823664135,1,0.2313213327408648,-0.11292560257939441,20220120-122427
1642678245.94,1.940000057220459,2,97,1,1,0.3700331560498719,0.694434225559,0.040481522315335,-2.17156192712,-106.711277816,18.5987185168,1,0.2313213327408648,-0.11292560257939441,20220120-122427
1642678245.96,1.9600000381469727,2,98,1,1,0.3701252822166055,0.693835020065,0.040838903350453,-3.76776386689,-107.356541168,17.8723091687,1,0.2313213327408648,-0.11292560257939441,20220120-122427
1642678245.98,1.9800000190734863,2,99,1,1,0.3700614275728288,0.692436039448,0.0423433448755794,-4.36436972691,-108.820066921,17.2895079291,1,0.2313213327408648,-0.11292560257939441,20220120-122427
1642678246.0,2.0,2,100,1,1,0.3703296825541494,0.687649726868,0.0462387924954696,-7.087947342520001,-112.733040921,12.430082125505,1,0.2313213327408648,-0.11292560257939441,20220120-122427
1642678246.02,2.0199999809265137,2,101,1,1,0.370418187151548,0.68261089921,0.0501933245714711,-9.75117297858,-116.2033794635,6.979475441475,1,0.2313213327408648,-0.11292560257939441,20220120-122427
1642678246.04,2.0399999618530273,2,102,1,1,0.370118035552405,0.6763893961905,0.0553773476095523,-11.75543800465,-120.4344325595,1.257537009295,1,0.2313213327408648,-0.11292560257939441,20220120-122427
1642678246.06,2.059999942779541,2,103,1,1,0.369105668617277,0.665088057518,0.0635724579977113,-15.8017227747,-127.234771354,-8.2668691554,1,0.2313213327408648,-0.11292560257939441,20220120-122427
1642678246.08,2.0799999237060547,2,104,1,1,0.3691589162468748,0.657747268677,0.069262899279833,-19.0628702073,-131.469049521,-13.086427049,1,0.2313213327408648,-0.11292560257939441,20220120-122427
1642678246.1,2.0999999046325684,2,105,1,1,0.3689756612112253,0.649040579796,0.0746223732261568,-21.5945371346,-136.366211251,-20.6011563449,1,0.2313213327408648,-0.11292560257939441,20220120-122427
1642678246.12,2.119999885559082,2,106,1,1,0.3693383124554938,0.6339879333975,0.0833736734343562,-23.6454284225,-143.479809502,-32.0332421424,1,0.2313213327408648,-0.11292560257939441,20220120-122427
1642678246.14,2.140000104904175,2,107,1,1,0.3690593903801408,0.616285324097,0.0900250809724039,-26.1549184983,-152.385490312,-47.4842715314,1,0.2313213327408648,-0.11292560257939441,20220120-122427
1642678246.16,2.1600000858306885,2,108,1,1,0.3688103116736014,0.605897128582,0.0948252918117326,-27.9362814277,-157.655559375,-54.0806361022,1,0.2313213327408648,-0.11292560257939441,20220120-122427
1642678246.18,2.180000066757202,2,109,1,1,0.3673080749561395,0.595592558384,0.1001543387026633,-27.8843138427,-160.082061099,-55.9259395936,1,0.2313213327408648,-0.11292560257939441,20220120-122427
1642678246.2,2.200000047683716,2,110,1,1,0.3658697538981608,0.585733950138,0.105372791537468,-27.8420679593,-161.915213565,-56.0512172613,1,0.2313213327408648,-0.11292560257939441,20220120-122427
1642678246.22,2.2200000286102295,2,111,1,1,0.3623756743410428,0.565586745739,0.1102041495412012,-25.63500403155,-167.36963968,-63.4380990088,1,0.2313213327408648,-0.11292560257939441,20220120-122427
1642678246.24,2.240000009536743,2,112,1,1,0.3565814101162606,0.540462970734,0.1117265892793444,-20.5854179757,-174.610312011,-77.0113160672,1,0.2313213327408648,-0.11292560257939441,20220120-122427
1642678246.26,2.259999990463257,2,113,1,1,0.3545860380174817,0.525775849819,0.1131307850232025,-23.6569113911,-177.034538872,-80.3885208894,1,0.2313213327408648,-0.11292560257939441,20220120-122427
1642678246.28,2.2799999713897705,2,114,1,1,0.352167490712082,0.510962367058,0.1137715500439432,-19.0159850878,174.482108482,-88.6577320689,1,0.2313213327408648,-0.11292560257939441,20220120-122427
1642678246.3,2.299999952316284,2,115,1,1,0.3516397500073869,0.504589915276,0.1156249399254148,-19.5116771211,173.074014708,-88.498043301,1,0.2313213327408648,-0.11292560257939441,20220120-122427
1642678246.32,2.319999933242798,2,116,1,1,0.3468746129621413,0.483593672514,0.1188850277212814,-15.8425255312,173.52624613,-88.6801447988,1,0.2313213327408648,-0.11292560257939441,20220120-122427
1642678246.34,2.3399999141693115,2,117,1,1,0.3458299850242542,0.478473693132,0.1204462076502825,-15.1349015002,173.753590709,-87.5073167013,1,0.2313213327408648,-0.11292560257939441,20220120-122427
1642678246.36,2.359999895095825,2,118,1,1,0.3289070715417811,0.460756838322,0.1133945906392422,10.9810785266,174.699989126,-104.171202277,1,0.2313213327408648,-0.11292560257939441,20220120-122427
1642678246.38,2.380000114440918,2,119,1,1,0.3289070715417811,0.460756838322,0.1133945906392422,10.9810785266,174.699989126,-104.171202277,1,0.2313213327408648,-0.11292560257939441,20220120-122427
1642678246.4,2.4000000953674316,2,120,1,1,0.3289070715417811,0.460756838322,0.1133945906392422,10.9810785266,174.699989126,-104.171202277,1,0.2313213327408648,-0.11292560257939441,20220120-122427
1642678246.42,2.4200000762939453,2,121,1,1,0.3289070715417811,0.460756838322,0.1133945906392422,10.9810785266,174.699989126,-104.171202277,1,0.2313213327408648,-0.11292560257939441,20220120-122427
1642678246.44,2.440000057220459,2,122,1,1,0.3289070715417811,0.460756838322,0.1133945906392422,10.9810785266,174.699989126,-104.171202277,1,0.2313213327408648,-0.11292560257939441,20220120-122427
1642678246.46,2.4600000381469727,2,123,1,1,0.3289070715417811,0.460756838322,0.1133945906392422,10.9810785266,174.699989126,-104.171202277,1,0.2313213327408648,-0.11292560257939441,20220120-122427
1642678246.48,2.4800000190734863,2,124,1,1,0.3237711493852613,0.44397097826,0.1422289756121996,3.996343722,161.720904337,-92.46221122,1,0.2313213327408648,-0.11292560257939441,20220120-122427
1642678246.5,2.5,2,125,1,1,0.3237711493852613,0.44397097826,0.1422289756121996,3.996343722,161.720904337,-92.46221122,1,0.2313213327408648,-0.11292560257939441,20220120-122427
1642678246.52,2.5199999809265137,2,126,1,1,0.3237711493852613,0.44397097826,0.1422289756121996,3.996343722,161.720904337,-92.46221122,1,0.2313213327408648,-0.11292560257939441,20220120-122427
1642678246.54,2.5399999618530273,2,127,1,1,0.3237711493852613,0.44397097826,0.1422289756121996,3.996343722,161.720904337,-92.46221122,1,0.2313213327408648,-0.11292560257939441,20220120-122427
1642678246.56,2.559999942779541,2,128,1,1,0.3237711493852613,0.44397097826,0.1422289756121996,3.996343722,161.720904337,-92.46221122,1,0.2313213327408648,-0.11292560257939441,20220120-122427
1642678246.58,2.5799999237060547,2,129,1,1,0.3237711493852613,0.44397097826,0.1422289756121996,3.996343722,161.720904337,-92.46221122,1,0.2313213327408648,-0.11292560257939441,20220120-122427
1642678246.6,2.5999999046325684,2,130,1,1,0.3237711493852613,0.44397097826,0.1422289756121996,3.996343722,161.720904337,-92.46221122,1,0.2313213327408648,-0.11292560257939441,20220120-122427
1642678246.62,2.619999885559082,2,131,1,1,0.3174974024197075,0.447428777814,0.1526842382162098,-0.7218859364500001,163.5762574595,-85.72004826265001,1,0.2313213327408648,-0.11292560257939441,20220120-122427
1642678246.64,2.640000104904175,2,132,1,1,0.3109591899733895,0.451432943344,0.1645304786549533,-6.0120541642,165.624936291,-78.8681318583,1,0.2313213327408648,-0.11292560257939441,20220120-122427
1642678246.66,2.6600000858306885,2,133,1,1,0.3097242676955882,0.448223114014,0.1699327780290757,-4.61522907338,165.561360489,-79.2827231966,1,0.2313213327408648,-0.11292560257939441,20220120-122427
1642678246.68,2.680000066757202,2,134,1,1,0.3099024233514397,0.44851320982,0.1705665254749333,-6.68010163649,167.908748547,-79.900624241,1,0.2313213327408648,-0.11292560257939441,20220120-122427
1642678246.7,2.700000047683716,2,135,1,1,0.3108674902865857,0.4513491392134999,0.1753266189154861,-9.43494093658,169.07375906599998,-79.66510547685,1,0.2313213327408648,-0.11292560257939441,20220120-122427
1642678246.72,2.7200000286102295,2,136,1,1,0.3113721502501532,0.4524258971215,0.1795549090106017,-10.7481348512,169.8343783885,-76.27674347530001,1,0.2313213327408648,-0.11292560257939441,20220120-122427
1642678246.74,2.740000009536743,2,137,1,1,0.3102775748503678,0.452023863792,0.1843229507804905,-11.0053179555,171.310603956,-73.5408025601,1,0.2313213327408648,-0.11292560257939441,20220120-122427
1642678246.76,2.759999990463257,2,138,1,1,0.3092110872712977,0.450502753258,0.1869288154495373,-10.9316445225,172.242733638,-73.546312597,1,0.2313213327408648,-0.11292560257939441,20220120-122427
1642678246.78,2.7799999713897705,2,139,1,1,0.3093891264687678,0.450866103172,0.1879315698254969,-12.2656725525,168.905893643,-75.8041775945,0,0.2313213327408648,-0.11292560257939441,20220120-122427
1642678246.8,2.799999952316284,2,140,1,1,0.3069733767649763,0.452824234962,0.1863960780599057,-10.6634271744,162.528065905,-78.8970923521,0,0.2313213327408648,-0.11292560257939441,20220120-122427
1642678246.82,2.819999933242798,2,141,1,1,0.3007631742716731,0.451924532652,0.1828168367775957,-4.93268239058,157.739091123,-80.4429430213,0,0.2313213327408648,-0.11292560257939441,20220120-122427
1642678246.84,2.8399999141693115,2,142,1,1,0.3007631742716731,0.451924532652,0.1828168367775957,-4.93268239058,157.739091123,-80.4429430213,0,0.2313213327408648,-0.11292560257939441,20220120-122427
1642678246.86,2.859999895095825,2,143,1,1,0.3007631742716731,0.451924532652,0.1828168367775957,-4.93268239058,157.739091123,-80.4429430213,0,0.2313213327408648,-0.11292560257939441,20220120-122427
1642678246.88,2.880000114440918,2,144,1,1,0.3007631742716731,0.451924532652,0.1828168367775957,-4.93268239058,157.739091123,-80.4429430213,0,0.2313213327408648,-0.11292560257939441,20220120-122427
1642678246.9,2.9000000953674316,2,145,1,1,0.2711234087002534,0.4505894780155,0.1634983424665715,-0.5180322201602,131.1303020525,-83.37602974595,0,0.2313213327408648,-0.11292560257939441,20220120-122427
1642678246.92,2.9200000762939453,2,146,1,1,0.2699369954876875,0.450013518333,0.1626749078096842,0.0485711386296,130.196126286,-83.4889927932,0,0.2313213327408648,-0.11292560257939441,20220120-122427
1642678246.94,2.940000057220459,2,147,1,1,0.2699369954876875,0.450013518333,0.1626749078096842,0.0485711386296,130.196126286,-83.4889927932,0,0.2313213327408648,-0.11292560257939441,20220120-122427
1642678246.96,2.9600000381469727,2,148,1,1,0.2699369954876875,0.450013518333,0.1626749078096842,0.0485711386296,130.196126286,-83.4889927932,0,0.2313213327408648,-0.11292560257939441,20220120-122427
1642678246.98,2.9800000190734863,2,149,1,1,0.2699369954876875,0.450013518333,0.1626749078096842,0.0485711386296,130.196126286,-83.4889927932,0,0.2313213327408648,-0.11292560257939441,20220120-122427
1642678247.0,3.0,2,150,1,1,0.2699369954876875,0.450013518333,0.1626749078096842,0.0485711386296,130.196126286,-83.4889927932,0,0.2313213327408648,-0.11292560257939441,20220120-122427
1642678247.02,3.0199999809265137,2,151,1,1,0.2699369954876875,0.450013518333,0.1626749078096842,0.0485711386296,130.196126286,-83.4889927932,0,0.2313213327408648,-0.11292560257939441,20220120-122427
1642678247.04,3.0399999618530273,2,152,1,1,0.2699369954876875,0.450013518333,0.1626749078096842,0.0485711386296,130.196126286,-83.4889927932,0,0.2313213327408648,-0.11292560257939441,20220120-122427
1642678247.06,3.059999942779541,2,153,1,1,0.2699369954876875,0.450013518333,0.1626749078096842,0.0485711386296,130.196126286,-83.4889927932,0,0.2313213327408648,-0.11292560257939441,20220120-122427
1642678247.08,3.0799999237060547,2,154,1,1,0.2291811822455876,0.453849971294,0.1304651407084172,1.6471651972,106.736236759,-81.3125853675,0,0.2313213327408648,-0.11292560257939441,20220120-122427
1642678247.1,3.0999999046325684,2,155,1,1,0.2282857380604199,0.453528881073,0.1292523474639906,-0.387121462217,108.162857997,-84.2307424709,0,0.2313213327408648,-0.11292560257939441,20220120-122427
1642678247.12,3.119999885559082,2,156,1,1,0.2229371549480535,0.453473478556,0.126896292462262,-0.2384285474165,106.188633675,-78.74604335000001,0,0.2313213327408648,-0.11292560257939441,20220120-122427
1642678247.14,3.140000104904175,2,157,1,1,0.2201237285475993,0.454378217459,0.1236726736505895,1.1423264786185,103.6428211735,-76.69824784565,0,0.2313213327408648,-0.11292560257939441,20220120-122427
1642678247.16,3.1600000858306885,2,158,1,1,0.2119050723065393,0.452202320099,0.1162995926608599,3.09518375295,110.862327084,-66.5315982338,0,0.2313213327408648,-0.11292560257939441,20220120-122427
1642678247.18,3.180000066757202,2,159,1,1,0.2130598759553512,0.454272150993,0.1170928858391701,0.652508858268,100.612356425,-75.0856250919,0,0.2313213327408648,-0.11292560257939441,20220120-122427
1642678247.2,3.200000047683716,2,160,1,1,0.2083466223098437,0.453894242644,0.1152684418227021,-1.586749049497,98.46148883975,-71.5448792272,0,0.2313213327408648,-0.11292560257939441,20220120-122427
1642678247.22,3.2200000286102295,2,161,1,1,0.2058191000199741,0.454410165548,0.1115529267864781,-0.1307658196459999,98.30708633135,-68.14003694505,0,0.2313213327408648,-0.11292560257939441,20220120-122427
1642678247.24,3.240000009536743,2,162,1,1,0.2013898586065868,0.454674512148,0.1085192763063516,0.281000725175,98.1256838387,-64.7005940278,0,0.2313213327408648,-0.11292560257939441,20220120-122427
1642678247.26,3.259999990463257,2,163,1,1,0.1993049064406191,0.454101830721,0.1085728564950485,-1.74862009831,97.9665821971,-66.7431838064,0,0.2313213327408648,-0.11292560257939441,20220120-122427
1642678247.28,3.2799999713897705,2,164,1,1,0.19770553037344,0.452995479107,0.1080932571579698,-1.60176063767,98.7138555994,-70.2916482858,0,0.2313213327408648,-0.11292560257939441,20220120-122427
1642678247.3,3.299999952316284,2,165,1,1,0.1960043410744179,0.453248560429,0.1082663448192284,-0.785635690195,100.37177237,-71.7098303645,0,0.2313213327408648,-0.11292560257939441,20220120-122427
1642678247.32,3.319999933242798,2,166,1,1,0.1931689767871663,0.4554803967474999,0.1086902041015068,-0.3749211737411499,100.00511800635,-69.96194238365001,0,0.2313213327408648,-0.11292560257939441,20220120-122427
1642678247.34,3.3399999141693115,2,167,1,1,0.1911321117253043,0.4565696418285,0.1090997842767174,-0.8007149724914999,99.15732829285,-69.17516502890001,0,0.2313213327408648,-0.11292560257939441,20220120-122427
1642678247.36,3.359999895095825,2,168,1,1,0.1884092679313856,0.456177175045,0.1089611937492753,-0.399391932579,100.16885256,-68.9626869147,0,0.2313213327408648,-0.11292560257939441,20220120-122427
1642678247.38,3.380000114440918,2,169,1,1,0.1890984593372562,0.45650318265,0.1087851605605941,-0.548074397857,101.290043823,-72.5023014937,0,0.2313213327408648,-0.11292560257939441,20220120-122427
1642678247.4,3.4000000953674316,2,170,1,1,0.1884836548263166,0.4557538330555,0.1100630438455305,-2.1973472663855,103.080088581,-72.0166298376,0,0.2313213327408648,-0.11292560257939441,20220120-122427
1642678247.42,3.4200000762939453,2,171,1,1,0.1891844630422479,0.4562649428845,0.1136042580954579,-5.63855295398,106.449804758,-72.86093200735,0,0.2313213327408648,-0.11292560257939441,20220120-122427
1642678247.44,3.440000057220459,2,172,1,1,0.1874678418355271,0.455082386732,0.119438841047364,-8.85216066373,111.772677209,-70.9163011648,0,0.2313213327408648,-0.11292560257939441,20220120-122427
1642678247.46,3.4600000381469727,2,173,1,1,0.1861992856431618,0.454321622849,0.1217856905488602,-7.71527706885,112.411665684,-71.5015167189,0,0.2313213327408648,-0.11292560257939441,20220120-122427
1642678247.48,3.4800000190734863,2,174,1,1,0.1866584077760673,0.454228550196,0.1230109645978051,-6.40926090818,112.013644326,-74.3265362278,0,0.2313213327408648,-0.11292560257939441,20220120-122427
1642678247.5,3.5,2,175,1,1,0.1835285330730188,0.4543952345845,0.1273395528749331,-7.144657093785,116.0743356525,-67.10542597705,0,0.2313213327408648,-0.11292560257939441,20220120-122427
1642678247.52,3.5199999809265137,2,176,1,1,0.1823956089064196,0.4554892629385,0.1313017570233434,-8.33827322496,119.0983887735,-64.5913942994,0,0.2313213327408648,-0.11292560257939441,20220120-122427
1642678247.54,3.5399999618530273,2,177,1,1,0.1808531918419928,0.455945119262,0.1349145030310494,-8.88657142929,121.195431891,-63.7385727238,0,0.2313213327408648,-0.11292560257939441,20220120-122427
1642678247.56,3.559999942779541,2,178,1,1,0.1776588993008628,0.454762130976,0.1389796129328976,-7.97480449365,122.951106201,-65.3796104719,0,0.2313213327408648,-0.11292560257939441,20220120-122427
1642678247.58,3.5799999237060547,2,179,1,1,0.175437659861979,0.454035907984,0.142727021873522,-7.83684271402,124.465770352,-65.5462624368,0,0.2313213327408648,-0.11292560257939441,20220120-122427
1642678247.6,3.5999999046325684,2,180,1,1,0.1753696724289658,0.455117076635,0.1458757434314358,-7.67450754011,127.479085989,-67.6275667338,0,0.2313213327408648,-0.11292560257939441,20220120-122427
1642678247.62,3.619999885559082,2,181,1,1,0.1739355972176558,0.455438345671,0.1532208662894387,-9.856011573605,133.8060745595,-67.27252716205001,0,0.2313213327408648,-0.11292560257939441,20220120-122427
1642678247.64,3.640000104904175,2,182,1,1,0.1718605857283819,0.454833179712,0.1587245375633152,-9.77318619261,136.401868,-69.9666987556,0,0.2313213327408648,-0.11292560257939441,20220120-122427
1642678247.66,3.6600000858306885,2,183,1,1,0.1708219668179654,0.454239755869,0.1623579059440006,-10.3220643939,135.949378084,-72.8053653603,0,0.2313213327408648,-0.11292560257939441,20220120-122427
1642678247.68,3.680000066757202,2,184,1,1,0.1686927717716072,0.453666746616,0.1664892380915006,-10.4921085029,138.591927366,-70.9184405296,0,0.2313213327408648,-0.11292560257939441,20220120-122427
1642678247.7,3.700000047683716,2,185,1,1,0.1674030914501868,0.454983398318,0.1705613497264356,-9.394479383765,143.30924753850002,-70.3336517768,0,0.2313213327408648,-0.11292560257939441,20220120-122427
1642678247.72,3.7200000286102295,2,186,1,1,0.164872184610717,0.4555696994065,0.1746245303013568,-8.36937310694,144.44209945900002,-68.49283029975001,0,0.2313213327408648,-0.11292560257939441,20220120-122427
1642678247.74,3.740000009536743,2,187,1,1,0.1600249402293552,0.455655753613,0.1809914033895549,-7.42090992224,144.678501129,-67.2013612186,0,0.2313213327408648,-0.11292560257939441,20220120-122427
1642678247.76,3.759999990463257,2,188,1,1,0.157200603334204,0.454450368881,0.1830944220693596,-6.6149630848,143.821967052,-71.2385306834,0,0.2313213327408648,-0.11292560257939441,20220120-122427
1642678247.78,3.7799999713897705,2,189,1,1,0.1555005819280797,0.453971475363,0.1872114949870447,-8.1832053079,145.58725665,-70.7236549561,0,0.2313213327408648,-0.11292560257939441,20220120-122427
1642678247.8,3.799999952316284,2,190,1,1,0.1530859307484132,0.454133450985,0.1916159054114198,-7.60269957288,147.099263571,-67.6192712973,0,0.2313213327408648,-0.11292560257939441,20220120-122427
1642678247.82,3.819999933242798,2,191,1,1,0.1490263511397284,0.455396190286,0.2007793767370629,-6.907435827944999,148.960708605,-60.63306808495,0,0.2313213327408648,-0.11292560257939441,20220120-122427
1642678247.84,3.8399999141693115,2,192,1,1,0.1457767910474013,0.4547026604415,0.2050224180254072,-5.22095514682,148.7612863905,-60.5699622324,0,0.2313213327408648,-0.11292560257939441,20220120-122427
1642678247.86,3.859999895095825,2,193,1,1,0.1402558650803759,0.453026235104,0.2086372978647703,-4.8342640914,146.423916865,-65.4466873372,0,0.2313213327408648,-0.11292560257939441,20220120-122427
1642678247.88,3.880000114440918,2,194,1,1,0.1356030123336897,0.45464682579,0.2100542425211936,-5.94059919904,139.139609168,-67.5389365075,0,0.2313213327408648,-0.11292560257939441,20220120-122427
1642678247.9,3.9000000953674316,2,195,1,1,0.127782569519189,0.456146135926,0.2076598724414152,-2.079542581825,134.228314988,-68.8337393351,0,0.2313213327408648,-0.11292560257939441,20220120-122427
1642678247.92,3.9200000762939453,2,196,1,1,0.1238603833483204,0.45667296648,0.2077826492142999,-0.381369937918,133.37807737499998,-68.59387710544999,0,0.2313213327408648,-0.11292560257939441,20220120-122427
1642678247.94,3.940000057220459,2,197,1,1,0.1205110734722918,0.45724016428,0.2095743127581321,1.47876539322,129.572730198,-69.1086874552,0,0.2313213327408648,-0.11292560257939441,20220120-122427
1642678247.96,3.9600000381469727,2,198,1,1,0.1200683259733752,0.45635291934,0.2083879337646478,4.95180194607,132.093302949,-71.1973646363,0,0.2313213327408648,-0.11292560257939441,20220120-122427
1642678247.98,3.9800000190734863,2,199,1,1,0.1204032257788319,0.456487774849,0.2146514368528482,2.00695623201,134.324536723,-66.2071105367,0,0.2313213327408648,-0.11292560257939441,20220120-122427
1642678248.0,4.0,2,200,1,1,0.1271078144681007,0.4568833857775,0.2243615960718484,-3.522680118675,145.6761160235,-61.62853004325,0,0.2313213327408648,-0.11292560257939441,20220120-122427
1642678248.02,4.019999980926514,2,201,1,1,0.1304714911565396,0.4565041065215,0.2301668038455998,-4.38094413443,150.313192942,-59.4941306372,0,0.2313213327408648,-0.11292560257939441,20220120-122427
1642678248.04,4.039999961853027,2,202,1,1,0.1319567435778908,0.455804988742,0.2342525378599148,-5.00003437912,150.322580306,-59.04336684505,0,0.2313213327408648,-0.11292560257939441,20220120-122427
1642678248.06,4.059999942779541,2,203,1,1,0.131997280689681,0.455712467432,0.2375999667069081,-9.61939757603,148.182082811,-60.1406268363,0,0.2313213327408648,-0.11292560257939441,20220120-122427
1642678248.08,4.079999923706055,2,204,1,1,0.1302699595724386,0.454575717449,0.2387677873462065,-10.6656093034,150.936206455,-60.4252240384,0,0.2313213327408648,-0.11292560257939441,20220120-122427
1642678248.1,4.099999904632568,2,205,1,1,0.1304324288953374,0.454772919416,0.2398388748947278,-10.7896062206,150.22723709,-62.757303075,0,0.2313213327408648,-0.11292560257939441,20220120-122427
1642678248.12,4.119999885559082,2,206,1,1,0.1296969652196213,0.45563955605,0.2419729987496825,-10.8475798626,151.688506509,-62.2398726925,0,0.2313213327408648,-0.11292560257939441,20220120-122427
1642678248.14,4.140000104904175,2,207,1,1,0.1307768672406095,0.457893937826,0.2448038831778703,-14.7808686049,153.701938219,-61.1258422143,0,0.2313213327408648,-0.11292560257939441,20220120-122427
1642678248.16,4.1600000858306885,2,208,1,1,0.1308110125310512,0.458208918571,0.2458900986200491,-15.5150743763,156.273764866,-59.7789791025,0,0.2313213327408648,-0.11292560257939441,20220120-122427
1642678248.18,4.180000066757202,2,209,1,1,0.1315800048140153,0.458447694778,0.2459422208987706,-15.5757730384,155.936391,-60.3565855129,0,0.2313213327408648,-0.11292560257939441,20220120-122427
1642678248.2,4.200000047683716,2,210,1,1,0.1277305450592415,0.4582596123215,0.241677778117591,-9.981803704865,148.2147212135,-60.514887492,0,0.2313213327408648,-0.11292560257939441,20220120-122427
1642678248.22,4.2200000286102295,2,211,1,1,0.1232826088703704,0.458624780178,0.2362168838471574,-5.83074667232,139.64128485499998,-62.333707558,0,0.2313213327408648,-0.11292560257939441,20220120-122427
1642678248.24,4.240000009536743,2,212,1,1,0.1141783400031238,0.45949447155,0.2254799999917269,-0.179548649529,125.421157501,-65.9550123933,0,0.2313213327408648,-0.11292560257939441,20220120-122427
1642678248.26,4.259999990463257,2,213,1,1,0.1087553955416242,0.459743738174,0.2151177729689675,4.51997550838,116.775432114,-71.8198366991,0,0.2313213327408648,-0.11292560257939441,20220120-122427
1642678248.28,4.2799999713897705,2,214,1,1,0.1023013302457221,0.458980947733,0.2042015958438973,7.56132390814,110.848015693,-74.5936012262,0,0.2313213327408648,-0.11292560257939441,20220120-122427
1642678248.3,4.299999952316284,2,215,1,1,0.0947595811398317,0.456122994423,0.1930523951529005,8.02162873771,108.152211804,-73.0166580857,0,0.2313213327408648,-0.11292560257939441,20220120-122427
1642678248.32,4.319999933242798,2,216,1,1,0.0861725947157496,0.454991474748,0.1853393237922785,-0.4233729970989999,104.229448498,-73.41401979234999,0,0.2313213327408648,-0.11292560257939441,20220120-122427
1642678248.34,4.3399999141693115,2,217,1,1,0.0823547908215908,0.4547486901285,0.180221090619819,-2.65668949094,102.5209501195,-75.8091294564,0,0.2313213327408648,-0.11292560257939441,20220120-122427
1642678248.36,4.359999895095825,2,218,1,1,0.0758598786031874,0.455709844828,0.1701446146118516,-2.61777868698,98.6303500567,-74.8878777134,0,0.2313213327408648,-0.11292560257939441,20220120-122427
1642678248.38,4.380000114440918,2,219,1,1,0.0706450659420311,0.455323308706,0.1632621763261305,-1.99594035487,95.6039383069,-72.7003448705,0,0.2313213327408648,-0.11292560257939441,20220120-122427
1642678248.4,4.400000095367432,2,220,1,1,0.0643424758446171,0.4537129700185,0.1565871862483056,-3.973574110095,94.7641327473,-71.9723668878,0,0.2313213327408648,-0.11292560257939441,20220120-122427
1642678248.42,4.420000076293945,2,221,1,1,0.0617374101207798,0.452954530716,0.1537981844426624,-4.931709130245,94.6168238334,-73.93898331529999,0,0.2313213327408648,-0.11292560257939441,20220120-122427
1642678248.44,4.440000057220459,2,222,1,1,0.0562976742439522,0.453209668398,0.1506617305484411,-4.60039057042,94.8500376673,-72.3397947579,0,0.2313213327408648,-0.11292560257939441,20220120-122427
1642678248.46,4.460000038146973,2,223,1,1,0.0529183239831014,0.455251008272,0.1491344236089455,-0.26882035196,85.7752189494,-73.6716535529,0,0.2313213327408648,-0.11292560257939441,20220120-122427
1642678248.48,4.480000019073486,2,224,1,1,0.0486076263012779,0.455920934677,0.1464740090709586,1.22134872515,85.5161516399,-70.5267011407,0,0.2313213327408648,-0.11292560257939441,20220120-122427
1642678248.5,4.5,2,225,1,1,0.0439990111877429,0.4548394232989999,0.1432456060981525,0.92013077291305,85.6826350131,-71.06366772620001,0,0.2313213327408648,-0.11292560257939441,20220120-122427
1642678248.52,4.519999980926514,2,226,1,1,0.0412224089863001,0.45408987999,0.142233986624068,-0.71023211510695,84.64039321125,-72.16427872885001,0,0.2313213327408648,-0.11292560257939441,20220120-122427
1642678248.54,4.539999961853027,2,227,1,1,0.0391863736390667,0.4544327259065,0.1404862303599388,-1.1093668348525,83.92692220555,-72.33627981225,0,0.2313213327408648,-0.11292560257939441,20220120-122427
1642678248.56,4.559999942779541,2,228,1,1,0.0344722267124693,0.455906391144,0.1363768730451832,0.0822982207519,79.6774380038,-68.4379165316,0,0.2313213327408648,-0.11292560257939441,20220120-122427
1642678248.58,4.579999923706055,2,229,1,1,0.0310651318323616,0.456513255835,0.1337955815893082,0.319150608161,79.6764601807,-66.4538193961,0,0.2313213327408648,-0.11292560257939441,20220120-122427
1642678248.6,4.599999904632568,2,230,1,1,0.0281025058263286,0.45656812191,0.1329973845756686,-1.36478090072,78.3785926446,-68.1012798912,0,0.2313213327408648,-0.11292560257939441,20220120-122427
1642678248.62,4.619999885559082,2,231,1,1,0.0251740769517879,0.4564222991465,0.1296475447583065,-2.37924541214,75.7546822187,-71.42342615724999,0,0.2313213327408648,-0.11292560257939441,20220120-122427
1642678248.64,4.640000104904175,2,232,1,1,0.0240288572255637,0.457040309906,0.1215120451636296,0.641514473814,71.8547585108,-72.5626840468,0,0.2313213327408648,-0.11292560257939441,20220120-122427
1642678248.66,4.6600000858306885,2,233,1,1,0.0215224764847835,0.458118766546,0.1154530280989841,0.89910507066,64.6156962108,-72.0858769479,0,0.2313213327408648,-0.11292560257939441,20220120-122427
1642678248.68,4.680000066757202,2,234,1,1,0.0192931444286178,0.458323329687,0.1092041088555479,1.6012603531,60.9732400643,-72.5384726307,0,0.2313213327408648,-0.11292560257939441,20220120-122427
1642678248.7,4.700000047683716,2,235,1,1,0.0152361103058642,0.454854413867,0.1013228178192728,2.645067727845,62.3071831492,-74.2372071417,0,0.2313213327408648,-0.11292560257939441,20220120-122427
1642678248.72,4.7200000286102295,2,236,1,1,0.012538821929854,0.45361430943,0.0980583485813994,1.1411988344465,61.11835170115,-75.50023115145001,0,0.2313213327408648,-0.11292560257939441,20220120-122427
1642678248.74,4.740000009536743,2,237,1,1,0.0057364829063152,0.455312550068,0.0908765503031907,-2.49531422091,59.4562040636,-65.768173168,0,0.2313213327408648,-0.11292560257939441,20220120-122427
1642678248.76,4.759999990463257,2,238,1,1,0.0012153426456277,0.456207215786,0.0851031779872944,-1.92444453401,59.2266965446,-57.8038107669,0,0.2313213327408648,-0.11292560257939441,20220120-122427
1642678248.78,4.7799999713897705,2,239,1,1,-0.0032832366763854,0.456598311663,0.0811132538308587,-1.20266332684,59.8978382989,-54.6333648462,0,0.2313213327408648,-0.11292560257939441,20220120-122427
1642678248.8,4.799999952316284,2,240,1,1,-0.0081150451476903,0.455454826355,0.0771480638863398,-0.848087289603,60.5122091978,-53.8427164709,0,0.2313213327408648,-0.11292560257939441,20220120-122427
1642678248.82,4.819999933242798,2,241,1,1,-0.0137644713970212,0.4545777142045,0.0731263230701236,-1.602922701635,61.55709523125,-57.140842135300005,0,0.2313213327408648,-0.11292560257939441,20220120-122427
1642678248.84,4.8399999141693115,2,242,1,1,-0.0181034592477374,0.455555945635,0.071103622887248,-2.039972175805,63.1916574835,-57.1987554993,0,0.2313213327408648,-0.11292560257939441,20220120-122427
1642678248.86,4.859999895095825,2,243,1,1,-0.0247339437920039,0.45790874958,0.0679155258100462,-1.68393764747,65.6968100609,-54.3281222059,0,0.2313213327408648,-0.11292560257939441,20220120-122427
1642678248.88,4.880000114440918,2,244,1,1,-0.0286008984540418,0.4584877491,0.0663359449707752,-1.93501771096,66.4310139603,-53.6803745965,0,0.2313213327408648,-0.11292560257939441,20220120-122427
1642678248.9,4.900000095367432,2,245,1,1,-0.0330879633720227,0.457333058119,0.0638998992755932,-1.804996842385,69.08693495605,-52.19271586845,0,0.2313213327408648,-0.11292560257939441,20220120-122427
1642678248.92,4.920000076293945,2,246,1,1,-0.0344741471426598,0.4572736769915,0.0618255173198599,-1.0396466025055,69.4271105837,-49.52323658815,0,0.2313213327408648,-0.11292560257939441,20220120-122427
1642678248.94,4.940000057220459,2,247,1,1,-0.0348878084240788,0.457374513149,0.0577678798495654,1.3673840439195,68.76189878209999,-45.10357912025,0,0.2313213327408648,-0.11292560257939441,20220120-122427
1642678248.96,4.960000038146973,2,248,1,1,-0.0354888110262258,0.456351399422,0.0495780319448405,2.47282463031,64.9364703679,-41.0414528119,0,0.2313213327408648,-0.11292560257939441,20220120-122427
1642678248.98,4.980000019073486,2,249,1,1,-0.0350577025150589,0.4577011168,0.0424972721254657,3.6324786608,60.7676652447,-39.0450179347,0,0.2313213327408648,-0.11292560257939441,20220120-122427
1642678249.0,5.0,2,250,1,1,-0.0361335131883434,0.459867805243,0.0329837792073477,7.54204761694,57.084836686,-34.2032533657,0,0.2313213327408648,-0.11292560257939441,20220120-122427
1642678249.02,5.019999980926514,2,251,1,1,-0.0386374816630276,0.4619245678185,0.0213270495416453,10.8113390434,52.48317222045,-35.080872070750004,0,0.2313213327408648,-0.11292560257939441,20220120-122427
1642678249.04,5.039999961853027,2,252,1,1,-0.0409051277019303,0.4623609632255,0.0142044987835865,8.82605039369,50.52728718995,-36.80330680415,0,0.2313213327408648,-0.11292560257939441,20220120-122427
1642678249.06,5.059999942779541,2,253,1,1,-0.0438068238358604,0.462218344212,0.0040554738472748,3.69156914434,49.045901178,-40.7167082011,0,0.2313213327408648,-0.11292560257939441,20220120-122427
1642678249.08,5.079999923706055,2,254,1,1,-0.0435040255578624,0.461250066757,-0.0011101593363831,1.13054095103,46.6863081809,-48.4500899445,0,0.2313213327408648,-0.11292560257939441,20220120-122427
1642678249.1,5.099999904632568,2,255,1,1,-0.0432829914648152,0.460374712944,-0.0062131602735042,-0.568684168896,43.0838983133,-54.8555717875,0,0.2313213327408648,-0.11292560257939441,20220120-122427
1642678249.12,5.119999885559082,2,256,1,1,-0.0435029714720715,0.4590796679259999,-0.0132220312947536,-2.59409356611,43.06290247615,-60.5461791768,0,0.2313213327408648,-0.11292560257939441,20220120-122427
1642678249.14,5.140000104904175,2,257,1,1,-0.0435636197301038,0.457129508257,-0.0165898638028847,-5.69911657979,41.0522726797,-68.3359389291,0,0.2313213327408648,-0.11292560257939441,20220120-122427
1642678249.16,5.1600000858306885,2,258,1,1,-0.0449468566575334,0.457926481962,-0.0207608601983536,-6.3374328727,40.3156553315,-65.6424805381,0,0.2313213327408648,-0.11292560257939441,20220120-122427
1642678249.18,5.180000066757202,2,259,1,1,-0.0441853962238004,0.458375126123,-0.0257911523121078,-2.8047954526,39.5555779011,-63.0188861782,0,0.2313213327408648,-0.11292560257939441,20220120-122427
1642678249.2,5.200000047683716,2,260,1,1,-0.044559299992277,0.4578396975995,-0.0341674205401786,-1.983309908822,37.20297567505,-60.3829103977,0,0.2313213327408648,-0.11292560257939441,20220120-122427
1642678249.22,5.2200000286102295,2,261,1,1,-0.0458077252793886,0.4573362767695,-0.0381831249288679,-4.29347911188,35.896736138950004,-61.81211556305,0,0.2313213327408648,-0.11292560257939441,20220120-122427
1642678249.24,5.240000009536743,2,262,1,1,-0.0469597329032243,0.45669542253,-0.0424254249954833,-5.637736471405001,36.65929911695,-62.7169187145,0,0.2313213327408648,-0.11292560257939441,20220120-122427
1642678249.26,5.259999990463257,2,263,1,1,-0.0477247009222679,0.457372456789,-0.0517879792627765,-4.06885770524,37.3456862327,-56.6897287337,0,0.2313213327408648,-0.11292560257939441,20220120-122427
1642678249.28,5.2799999713897705,2,264,1,1,-0.0469212604500225,0.459149032831,-0.058123397010922,-1.47888440109,34.2363444389,-50.7206132447,0,0.2313213327408648,-0.11292560257939441,20220120-122427
1642678249.3,5.299999952316284,2,265,1,1,-0.0455066808179098,0.460693776608,-0.0626319221584909,-0.0641167334722,32.403076688,-47.6620750991,0,0.2313213327408648,-0.11292560257939441,20220120-122427
1642678249.32,5.319999933242798,2,266,1,1,-0.0447693855117679,0.4625187665225,-0.0724381747977647,1.553423473255,30.6227320445,-42.711181847,0,0.2313213327408648,-0.11292560257939441,20220120-122427
1642678249.34,5.3399999141693115,2,267,1,1,-0.0438858115416898,0.4634685218335,-0.0781202192612901,0.6656567228215,30.2961129351,-43.1602979265,0,0.2313213327408648,-0.11292560257939441,20220120-122427
1642678249.36,5.359999895095825,2,268,1,1,-0.0444127095920009,0.466776847839,-0.0888074934463277,-1.5374181802,30.4623352706,-43.7002574265,0,0.2313213327408648,-0.11292560257939441,20220120-122427
1642678249.38,5.380000114440918,2,269,1,1,-0.0442118675231003,0.47088778019,-0.0978582263597397,-0.642969409888,30.7766062689,-44.0035756595,0,0.2313213327408648,-0.11292560257939441,20220120-122427
1642678249.4,5.400000095367432,2,270,1,1,-0.0427885659035671,0.4737619459625,-0.1103063248689082,-1.0674483824775,26.53728869125,-48.16430872875,0,0.2313213327408648,-0.11292560257939441,20220120-122427
1642678249.42,5.420000076293945,2,271,1,1,-0.0418363846162537,0.4726256430145,-0.1192300347212867,0.1837347144425,24.384264785200003,-51.0734299395,0,0.2313213327408648,-0.11292560257939441,20220120-122427
1642678249.44,5.440000057220459,2,272,1,1,-0.042842693081919,0.469557374716,-0.1326813935887755,1.00701338543,23.1205955238,-56.1724865629,0,0.2313213327408648,-0.11292560257939441,20220120-122427
1642678249.46,5.460000038146973,2,273,1,1,-0.04516130429589,0.467776566744,-0.1402300325464018,-1.02805290462,22.5017178456,-60.7002000843,0,0.2313213327408648,-0.11292560257939441,20220120-122427
1642678249.48,5.480000019073486,2,274,1,1,-0.0453769752730146,0.466449022293,-0.1480824881328951,-2.46408736151,23.9796561242,-62.5452265788,0,0.2313213327408648,-0.11292560257939441,20220120-122427
1642678249.5,5.5,2,275,1,1,-0.044048638141639,0.4652862548824999,-0.1575420125282935,-2.90345074385,17.5815289262,-64.3963710918,0,0.2313213327408648,-0.11292560257939441,20220120-122427
1642678249.52,5.519999980926514,2,276,1,1,-0.0417241363574777,0.463781505823,-0.1627766810394768,-2.676750412215,13.2337460979,-67.1367471871,0,0.2313213327408648,-0.11292560257939441,20220120-122427
1642678249.54,5.539999961853027,2,277,1,1,-0.040354290806441,0.461836218834,-0.1664844354500885,-3.75427492075,10.40261069132,-71.05371952495,0,0.2313213327408648,-0.11292560257939441,20220120-122427
1642678249.56,5.559999942779541,2,278,1,1,-0.0390808998234157,0.45796468854,-0.1695187372802236,-4.54992530239,9.76254273074,-78.2067644131,0,0.2313213327408648,-0.11292560257939441,20220120-122427
1642678249.58,5.579999923706055,2,279,1,1,-0.0390808998234157,0.45796468854,-0.1695187372802236,-4.54992530239,9.76254273074,-78.2067644131,0,0.2313213327408648,-0.11292560257939441,20220120-122427
1642678249.6,5.599999904632568,2,280,1,1,-0.0360831853425072,0.457332164049,-0.1744397057198204,-2.08980120295,13.293994459,-75.2761406409,0,0.2313213327408648,-0.11292560257939441,20220120-122427
1642678249.62,5.619999885559082,2,281,1,1,-0.0382475898776658,0.4582194685935,-0.1841461124892967,-4.50908282295,11.19627129055,-70.42802237175,0,0.2313213327408648,-0.11292560257939441,20220120-122427
1642678249.64,5.640000104904175,2,282,1,1,-0.0397509686939643,0.456860780716,-0.1875800336357024,-7.35832979084,10.0758327576,-76.6195905401,0,0.2313213327408648,-0.11292560257939441,20220120-122427
1642678249.66,5.6600000858306885,2,283,1,1,-0.0413545551805601,0.455845862627,-0.1904033777567079,-8.00091363689,11.9597670024,-76.9128118713,0,0.2313213327408648,-0.11292560257939441,20220120-122427
1642678249.68,5.680000066757202,2,284,1,1,-0.0431880971212385,0.457586169243,-0.1925807922242039,-9.76647910943,19.8138230757,-73.3903122041,0,0.2313213327408648,-0.11292560257939441,20220120-122427
1642678249.7,5.700000047683716,2,285,1,1,-0.0485965708425683,0.460291594267,-0.1968715528071944,-11.8659373429,22.52786006065,-69.1772887338,0,0.2313213327408648,-0.11292560257939441,20220120-122427
1642678249.72,5.7200000286102295,2,286,1,1,-0.0506809880669713,0.4603775292635,-0.1984985466860131,-12.68489876735,24.8317272655,-68.67635430395,0,0.2313213327408648,-0.11292560257939441,20220120-122427
1642678249.74,5.740000009536743,2,287,1,1,-0.0525838077176543,0.45945301652,-0.2002120507256869,-12.9568114768,26.845462471,-69.193943315,0,0.2313213327408648,-0.11292560257939441,20220120-122427
1642678249.76,5.759999990463257,2,288,1,1,-0.0537092514610878,0.45940259099,-0.2008691109734512,-12.3670839498,28.7486581324,-68.0914543577,0,0.2313213327408648,-0.11292560257939441,20220120-122427
1642678249.78,5.7799999713897705,2,289,1,1,-0.0567074559506368,0.460341483355,-0.2005824612715957,-14.5072598468,32.7584526778,-66.9431075337,0,0.2313213327408648,-0.11292560257939441,20220120-122427
1642678249.8,5.799999952316284,2,290,1,1,-0.0615257528030477,0.460046321154,-0.2010221111092941,-17.0925630675,36.3915530782,-65.6655636344,0,0.2313213327408648,-0.11292560257939441,20220120-122427
1642678249.82,5.819999933242798,2,291,1,1,-0.0648656968732053,0.458556637168,-0.2013446701774492,-16.3809078374,37.37334070995,-69.7453337231,0,0.2313213327408648,-0.11292560257939441,20220120-122427
1642678249.84,5.8399999141693115,2,292,1,1,-0.065045477351049,0.457826882601,-0.2030062094454393,-13.9843373959,36.1102747552,-71.21724548495,0,0.2313213327408648,-0.11292560257939441,20220120-122427
1642678249.86,5.859999895095825,2,293,1,1,-0.0629008207781074,0.458405673504,-0.2066982942808816,-9.32918843622,34.3285073501,-70.3194343491,0,0.2313213327408648,-0.11292560257939441,20220120-122427
1642678249.88,5.880000114440918,2,294,1,1,-0.0641472232745745,0.460642814636,-0.2102066606803937,-8.47661853002,32.1311346892,-66.7588718426,0,0.2313213327408648,-0.11292560257939441,20220120-122427
1642678249.9,5.900000095367432,2,295,1,1,-0.0655811916123502,0.462397694588,-0.2139225163577113,-7.60728197534,32.4096382551,-63.2535997235,0,0.2313213327408648,-0.11292560257939441,20220120-122427
1642678249.92,5.920000076293945,2,296,1,1,-0.070169310860027,0.4632314145564999,-0.2159675111467666,-8.721288738755,32.942009645,-63.42975267695,0,0.2313213327408648,-0.11292560257939441,20220120-122427
1642678249.94,5.940000057220459,2,297,1,1,-0.0811313299823968,0.46515661478,-0.2160688744932307,-13.9551712048,37.5376818783,-60.0730219255,0,0.2313213327408648,-0.11292560257939441,20220120-122427
1642678249.96,5.960000038146973,2,298,1,1,-0.0851037215093353,0.464122653008,-0.2153329755200398,-14.0437913734,44.3413004356,-61.8341037223,0,0.2313213327408648,-0.11292560257939441,20220120-122427
1642678249.98,5.980000019073486,2,299,1,1,-0.0925181152565586,0.463592588902,-0.2154426237147795,-15.9862926165,49.255535736,-61.7654778936,0,0.2313213327408648,-0.11292560257939441,20220120-122427
1642678250.0,6.0,2,300,1,1,-0.1018745406285641,0.4616975486275,-0.2156181624595256,-16.147829071,53.47124872685,-65.1489979415,0,0.2313213327408648,-0.11292560257939441,20220120-122427
1642678250.02,6.019999980926514,2,301,1,1,-0.1072204660846902,0.460301995277,-0.2159931936402768,-14.31350352205,55.76493665855,-67.480275941,0,0.2313213327408648,-0.11292560257939441,20220120-122427
1642678250.04,6.039999961853027,2,302,1,1,-0.1130127450194492,0.4602516293524999,-0.2161984848303629,-13.0809974054,58.8845508754,-67.26949093440001,0,0.2313213327408648,-0.11292560257939441,20220120-122427
1642678250.06,6.059999942779541,2,303,1,1,-0.1206691261714326,0.461313635111,-0.2179465499466024,-10.7256479001,62.1217449702,-65.061944634,0,0.2313213327408648,-0.11292560257939441,20220120-122427
1642678250.08,6.079999923706055,2,304,1,1,-0.1268151861720191,0.462979316711,-0.219380967193981,-12.6197391787,58.7119360759,-63.3235921609,0,0.2313213327408648,-0.11292560257939441,20220120-122427
1642678250.1,6.099999904632568,2,305,1,1,-0.13089959132262,0.463952362537,-0.2202078746668038,-14.4076095217,57.2221278962,-64.581117896,0,0.2313213327408648,-0.11292560257939441,20220120-122427
1642678250.12,6.119999885559082,2,306,1,1,-0.1323843210866754,0.4624744653704999,-0.2242884277311462,-11.19172589475,61.42662599225,-66.16409059095,0,0.2313213327408648,-0.11292560257939441,20220120-122427
1642678250.14,6.140000104904175,2,307,1,1,-0.1379226615793223,0.463732004166,-0.2259317083286495,-13.789251154,61.3855846448,-64.7900397439,0,0.2313213327408648,-0.11292560257939441,20220120-122427
1642678250.16,6.1600000858306885,2,308,1,1,-0.1410329307797626,0.465061098337,-0.2275429960021439,-14.6276639078,60.003150534,-62.6835515425,0,0.2313213327408648,-0.11292560257939441,20220120-122427
1642678250.18,6.180000066757202,2,309,1,1,-0.1426589909736057,0.465812563896,-0.2300800746564475,-13.4159261563,59.5016932,-60.6637512132,0,0.2313213327408648,-0.11292560257939441,20220120-122427
1642678250.2,6.200000047683716,2,310,1,1,-0.1442577397670137,0.465983271599,-0.2316997908796389,-13.7330915716,59.0655897964,-60.2955861125,0,0.2313213327408648,-0.11292560257939441,20220120-122427
1642678250.22,6.2200000286102295,2,311,1,1,-0.1420869170845804,0.4643050581219999,-0.2381412318734571,-7.89643248093,54.8505347325,-61.91005775645,0,0.2313213327408648,-0.11292560257939441,20220120-122427
1642678250.24,6.240000009536743,2,312,1,1,-0.1378400692679026,0.463213056326,-0.2474006791689396,-1.30428717014,44.0966745361,-62.7145664732,0,0.2313213327408648,-0.11292560257939441,20220120-122427
1642678250.26,6.259999990463257,2,313,1,1,-0.1361057036257336,0.462548136711,-0.2529010311792642,-0.580627156203,37.889693482,-63.3098379514,0,0.2313213327408648,-0.11292560257939441,20220120-122427
1642678250.28,6.2799999713897705,2,314,1,1,-0.1346905441079065,0.461553633213,-0.2571321479744559,-0.915808461062,37.1520172437,-66.4010845773,0,0.2313213327408648,-0.11292560257939441,20220120-122427
1642678250.3,6.299999952316284,2,315,1,1,-0.1358993122299326,0.460746377707,-0.2606641166091367,-2.19041944081,38.1500252448,-67.6200630034,0,0.2313213327408648,-0.11292560257939441,20220120-122427
1642678250.32,6.319999933242798,2,316,1,1,-0.1406163331944328,0.461438059807,-0.261738340607457,-5.465968983910001,43.74814928595,-67.8904075648,0,0.2313213327408648,-0.11292560257939441,20220120-122427
1642678250.34,6.3399999141693115,2,317,1,1,-0.1456224840369079,0.4618818461895,-0.2595006866620034,-10.31136777232,50.909226024350005,-67.47159994809999,0,0.2313213327408648,-0.11292560257939441,20220120-122427
1642678250.36,6.359999895095825,2,318,1,1,-0.1517706473586092,0.461688876152,-0.2554854369030636,-15.1677429067,60.041320896,-67.7658702533,0,0.2313213327408648,-0.11292560257939441,20220120-122427
1642678250.38,6.380000114440918,2,319,1,1,-0.1535345981543518,0.462830990553,-0.2551841709340995,-15.4633984718,58.060694383,-68.4896311968,0,0.2313213327408648,-0.11292560257939441,20220120-122427
1642678250.4,6.400000095367432,2,320,1,1,-0.1497483914641691,0.463989317417,-0.2604549791070387,-11.2139635582,51.07670137515,-68.96656887785,0,0.2313213327408648,-0.11292560257939441,20220120-122427
1642678250.42,6.420000076293945,2,321,1,1,-0.1445784619450763,0.465110614896,-0.2654318092088151,-7.712986145949999,41.61730772565,-70.35020624555,0,0.2313213327408648,-0.11292560257939441,20220120-122427
1642678250.44,6.440000057220459,2,322,1,1,-0.13164581164233,0.46585893631,-0.273580961734557,-0.734821640367,25.0585109702,-74.001866171,0,0.2313213327408648,-0.11292560257939441,20220120-122427
1642678250.46,6.460000038146973,2,323,1,1,-0.1207971155432779,0.465860158205,-0.2779657678787129,3.93839255449,8.81771357418,-77.6833486707,0,0.2313213327408648,-0.11292560257939441,20220120-122427
1642678250.48,6.480000019073486,2,324,1,1,-0.1207971155432779,0.465860158205,-0.2779657678787129,3.93839255449,8.81771357418,-77.6833486707,0,0.2313213327408648,-0.11292560257939441,20220120-122427
1642678250.5,6.5,2,325,1,1,-0.1207971155432779,0.465860158205,-0.2779657678787129,3.93839255449,8.81771357418,-77.6833486707,0,0.2313213327408648,-0.11292560257939441,20220120-122427
1642678250.52,6.519999980926514,2,326,1,1,-0.0917926856803321,0.462753295898,-0.2889528007202629,1.80688699518,-6.63094269256,-79.6486392441,0,0.2313213327408648,-0.11292560257939441,20220120-122427
1642678250.54,6.539999961853027,2,327,1,1,-0.0917926856803321,0.462753295898,-0.2889528007202629,1.80688699518,-6.63094269256,-79.6486392441,0,0.2313213327408648,-0.11292560257939441,20220120-122427
1642678250.56,6.559999942779541,2,328,1,1,-0.0917926856803321,0.462753295898,-0.2889528007202629,1.80688699518,-6.63094269256,-79.6486392441,0,0.2313213327408648,-0.11292560257939441,20220120-122427
1642678250.58,6.579999923706055,2,329,1,1,-0.0566436355972311,0.458807587624,-0.3004478854029916,10.4620034327,-23.9813659878,-78.9168411001,0,0.2313213327408648,-0.11292560257939441,20220120-122427
1642678250.6,6.599999904632568,2,330,1,1,-0.0566436355972311,0.458807587624,-0.3004478854029916,10.4620034327,-23.9813659878,-78.9168411001,0,0.2313213327408648,-0.11292560257939441,20220120-122427
1642678250.62,6.619999885559082,2,331,1,1,-0.0455825791105398,0.4562211930755,-0.304394841782219,4.551843028815,-24.16718097165,-81.5423670725,0,0.2313213327408648,-0.11292560257939441,20220120-122427
1642678250.64,6.640000104904175,2,332,1,1,-0.0394396002219364,0.453523486853,-0.3053139070038624,10.270722989155,-27.717622605050003,-84.4654270365,0,0.2313213327408648,-0.11292560257939441,20220120-122427
1642678250.66,6.6600000858306885,2,333,1,1,-0.0383653944990846,0.453121811152,-0.3067577849823092,9.59549028841,-27.2780015384,-84.9758847604,0,0.2313213327408648,-0.11292560257939441,20220120-122427
1642678250.68,6.680000066757202,2,334,1,1,-0.0383653944990846,0.453121811152,-0.3067577849823092,9.59549028841,-27.2780015384,-84.9758847604,0,0.2313213327408648,-0.11292560257939441,20220120-122427
1642678250.7,6.700000047683716,2,335,1,1,-0.0383653944990846,0.453121811152,-0.3067577849823092,9.59549028841,-27.2780015384,-84.9758847604,0,0.2313213327408648,-0.11292560257939441,20220120-122427
1642678250.72,6.7200000286102295,2,336,1,1,-0.0383653944990846,0.453121811152,-0.3067577849823092,9.59549028841,-27.2780015384,-84.9758847604,0,0.2313213327408648,-0.11292560257939441,20220120-122427
1642678250.74,6.740000009536743,2,337,1,1,-0.0383653944990846,0.453121811152,-0.3067577849823092,9.59549028841,-27.2780015384,-84.9758847604,0,0.2313213327408648,-0.11292560257939441,20220120-122427
1642678250.76,6.759999990463257,2,338,1,1,-0.0383653944990846,0.453121811152,-0.3067577849823092,9.59549028841,-27.2780015384,-84.9758847604,0,0.2313213327408648,-0.11292560257939441,20220120-122427
1642678250.78,6.7799999713897705,2,339,1,1,-0.0383653944990846,0.453121811152,-0.3067577849823092,9.59549028841,-27.2780015384,-84.9758847604,0,0.2313213327408648,-0.11292560257939441,20220120-122427
1642678250.8,6.799999952316284,2,340,1,1,-0.0383653944990846,0.453121811152,-0.3067577849823092,9.59549028841,-27.2780015384,-84.9758847604,0,0.2313213327408648,-0.11292560257939441,20220120-122427
1642678250.82,6.819999933242798,2,341,1,1,-0.0383653944990846,0.453121811152,-0.3067577849823092,9.59549028841,-27.2780015384,-84.9758847604,0,0.2313213327408648,-0.11292560257939441,20220120-122427
1642678250.84,6.8399999141693115,2,342,1,1,-0.0383653944990846,0.453121811152,-0.3067577849823092,9.59549028841,-27.2780015384,-84.9758847604,0,0.2313213327408648,-0.11292560257939441,20220120-122427
1642678250.86,6.859999895095825,2,343,1,1,-0.0383653944990846,0.453121811152,-0.3067577849823092,9.59549028841,-27.2780015384,-84.9758847604,0,0.2313213327408648,-0.11292560257939441,20220120-122427
1642678250.88,6.880000114440918,2,344,1,1,-0.0383653944990846,0.453121811152,-0.3067577849823092,9.59549028841,-27.2780015384,-84.9758847604,0,0.2313213327408648,-0.11292560257939441,20220120-122427
1642678250.9,6.900000095367432,2,345,1,1,-0.0383653944990846,0.453121811152,-0.3067577849823092,9.59549028841,-27.2780015384,-84.9758847604,0,0.2313213327408648,-0.11292560257939441,20220120-122427
1642678250.92,6.920000076293945,2,346,1,1,0.0146801549193053,0.454411864281,-0.3312256196504223,4.57693062813,-41.2541125201,-83.9060858269,0,0.2313213327408648,-0.11292560257939441,20220120-122427
1642678250.94,6.940000057220459,2,347,1,1,0.0146801549193053,0.454411864281,-0.3312256196504223,4.57693062813,-41.2541125201,-83.9060858269,0,0.2313213327408648,-0.11292560257939441,20220120-122427
1642678250.96,6.960000038146973,2,348,1,1,0.0247969626112888,0.459256917238,-0.3447758712829514,0.470748383142,-40.4138289224,-74.2270132505,0,0.2313213327408648,-0.11292560257939441,20220120-122427
1642678250.98,6.980000019073486,2,349,1,1,0.0247969626112888,0.459256917238,-0.3447758712829514,0.470748383142,-40.4138289224,-74.2270132505,0,0.2313213327408648,-0.11292560257939441,20220120-122427
1642678251.0,7.0,2,350,1,1,0.0247969626112888,0.459256917238,-0.3447758712829514,0.470748383142,-40.4138289224,-74.2270132505,0,0.2313213327408648,-0.11292560257939441,20220120-122427
1642678251.02,7.019999980926514,2,351,1,1,0.0247969626112888,0.459256917238,-0.3447758712829514,0.470748383142,-40.4138289224,-74.2270132505,0,0.2313213327408648,-0.11292560257939441,20220120-122427
1642678251.04,7.039999961853027,2,352,1,1,0.03755637374784,0.45837046206,-0.3464581724048846,2.837415087551,-45.801441618750005,-72.79237790114999,0,0.2313213327408648,-0.11292560257939441,20220120-122427
1642678251.06,7.059999942779541,2,353,1,1,0.0567979914405223,0.456025511026,-0.3458677373397779,7.47422034425,-48.1606291705,-70.8530647586,0,0.2313213327408648,-0.11292560257939441,20220120-122427
1642678251.08,7.079999923706055,2,354,1,1,0.0610175281429379,0.45512136817,-0.348712752845644,4.75497731809,-53.1733373842,-72.302187565,0,0.2313213327408648,-0.11292560257939441,20220120-122427
1642678251.1,7.099999904632568,2,355,1,1,0.0610175281429379,0.45512136817,-0.348712752845644,4.75497731809,-53.1733373842,-72.302187565,0,0.2313213327408648,-0.11292560257939441,20220120-122427
1642678251.12,7.119999885559082,2,356,1,1,0.0610175281429379,0.45512136817,-0.348712752845644,4.75497731809,-53.1733373842,-72.302187565,0,0.2313213327408648,-0.11292560257939441,20220120-122427
1642678251.14,7.140000104904175,2,357,1,1,0.0720093406415122,0.456901371479,-0.3511278351309826,3.005664113255,-52.167603224900006,-71.45639476734999,0,0.2313213327408648,-0.11292560257939441,20220120-122427
1642678251.16,7.1600000858306885,2,358,1,1,0.0858351130270557,0.457883030176,-0.3548831880756827,0.0256284092479,-51.9402599216,-70.6025443612,0,0.2313213327408648,-0.11292560257939441,20220120-122427
1642678251.18,7.180000066757202,2,359,1,1,0.0858351130270557,0.457883030176,-0.3548831880756827,0.0256284092479,-51.9402599216,-70.6025443612,0,0.2313213327408648,-0.11292560257939441,20220120-122427
1642678251.2,7.200000047683716,2,360,1,1,0.0858351130270557,0.457883030176,-0.3548831880756827,0.0256284092479,-51.9402599216,-70.6025443612,0,0.2313213327408648,-0.11292560257939441,20220120-122427
1642678251.22,7.2200000286102295,2,361,1,1,0.0961014141665676,0.4573519974945,-0.3613232162764567,0.0043943028387499,-50.3025369638,-71.07755776524999,0,0.2313213327408648,-0.11292560257939441,20220120-122427
1642678251.24,7.240000009536743,2,362,1,1,0.1063677153060794,0.456820964813,-0.3677632444772307,-0.0168398035704,-48.664814006,-71.5525711693,0,0.2313213327408648,-0.11292560257939441,20220120-122427
1642678251.26,7.259999990463257,2,363,1,1,0.115544328037609,0.457567930222,-0.3735047208713707,-1.36399419173,-51.2511615922,-70.1792190861,0,0.2313213327408648,-0.11292560257939441,20220120-122427
1642678251.28,7.2799999713897705,2,364,1,1,0.115544328037609,0.457567930222,-0.3735047208713707,-1.36399419173,-51.2511615922,-70.1792190861,0,0.2313213327408648,-0.11292560257939441,20220120-122427
1642678251.3,7.299999952316284,2,365,1,1,0.1217119466574122,0.457313835621,-0.3752511338693442,-1.99762372944,-50.5577236358,-71.0875502764,0,0.2313213327408648,-0.11292560257939441,20220120-122427
1642678251.32,7.319999933242798,2,366,1,1,0.1272308463262614,0.4580477178095,-0.3774704157576577,-2.0843103213800003,-53.37802911195,-70.56575367849999,0,0.2313213327408648,-0.11292560257939441,20220120-122427
1642678251.34,7.3399999141693115,2,367,1,1,0.1348516559225962,0.458781957626,-0.3806559839898384,-2.4800769452200004,-56.0599004656,-70.19585484365,0,0.2313213327408648,-0.11292560257939441,20220120-122427
1642678251.36,7.359999895095825,2,368,1,1,0.1369535658500819,0.458782315254,-0.3816222703337059,-2.78915697712,-55.9214663431,-70.3477526067,0,0.2313213327408648,-0.11292560257939441,20220120-122427
1642678251.38,7.380000114440918,2,369,1,1,0.1438046035573046,0.45606520772,-0.3849744060417103,0.311625259886,-55.1010462593,-75.727683109,0,0.2313213327408648,-0.11292560257939441,20220120-122427
1642678251.4,7.400000095367432,2,370,1,1,0.1450397338772104,0.455307483673,-0.3866565756540192,-0.148083584741,-53.4495148299,-76.100514513,0,0.2313213327408648,-0.11292560257939441,20220120-122427
1642678251.42,7.420000076293945,2,371,1,1,0.1473096260304491,0.456807732582,-0.3953689530228272,-5.7495605952205,-46.7050284212,-70.7213699611,0,0.2313213327408648,-0.11292560257939441,20220120-122427
1642678251.44,7.440000057220459,2,372,1,1,0.1509270993471186,0.458158418536,-0.4068376385697981,-11.66599007625,-39.89489430835,-64.92952919695,0,0.2313213327408648,-0.11292560257939441,20220120-122427
1642678251.46,7.460000038146973,2,373,1,1,0.1548963672057422,0.45777708292,-0.4136902571220742,-11.0894543282,-37.5044540796,-63.6286878997,0,0.2313213327408648,-0.11292560257939441,20220120-122427
1642678251.48,7.480000019073486,2,374,1,1,0.1563222264714646,0.456988811493,-0.417392808980708,-9.54587301317,-34.5604601117,-62.1649163492,0,0.2313213327408648,-0.11292560257939441,20220120-122427
1642678251.5,7.5,2,375,1,1,0.1550978211169848,0.457783073187,-0.4222661001325303,-10.8218436165,-31.9304860853,-57.8032841054,0,0.2313213327408648,-0.11292560257939441,20220120-122427
1642678251.52,7.519999980926514,2,376,1,1,0.1540875935777155,0.458503469825,-0.4279510285701703,-9.2416744345,-20.3334440832,-48.77872911465,0,0.2313213327408648,-0.11292560257939441,20220120-122427
1642678251.54,7.539999961853027,2,377,1,1,0.1523357796244906,0.457930326462,-0.4322433086200752,-10.257742816395,-17.85843644695,-48.6009012465,0,0.2313213327408648,-0.11292560257939441,20220120-122427
1642678251.56,7.559999942779541,2,378,1,1,0.1494901582954454,0.456424891949,-0.4372352080919814,-10.3649022195,-17.1193128014,-53.3337720759,0,0.2313213327408648,-0.11292560257939441,20220120-122427
1642678251.58,7.579999923706055,2,379,1,1,0.1474351200068107,0.456782579422,-0.4406541225384087,-8.804414445,-15.7245857621,-55.5603027077,0,0.2313213327408648,-0.11292560257939441,20220120-122427
1642678251.6,7.599999904632568,2,380,1,1,0.1423510009631809,0.458476930857,-0.4446469245638973,-10.4018864902,-10.8631861848,-57.039075113,0,0.2313213327408648,-0.11292560257939441,20220120-122427
1642678251.62,7.619999885559082,2,381,1,1,0.1330575213553388,0.459490656853,-0.4515924107145003,-13.4405958954,-0.4398453680899998,-59.0316430199,0,0.2313213327408648,-0.11292560257939441,20220120-122427
1642678251.64,7.640000104904175,2,382,1,1,0.1284987285595017,0.4591537714005,-0.4556859839277617,-12.9834769486,2.196181410125,-60.66287298635,0,0.2313213327408648,-0.11292560257939441,20220120-122427
1642678251.66,7.6600000858306885,2,383,1,1,0.1227579814165746,0.458337754011,-0.4604715916815703,-10.7609625117,0.59717874615,-64.2404979372,0,0.2313213327408648,-0.11292560257939441,20220120-122427
1642678251.68,7.680000066757202,2,384,1,1,0.1195504713816035,0.458616197109,-0.4625680032912748,-10.4567934088,1.33125187299,-63.6583743399,0,0.2313213327408648,-0.11292560257939441,20220120-122427
1642678251.7,7.700000047683716,2,385,1,1,0.1171657177261237,0.458813756704,-0.4665940031163461,-8.75751659514,5.05727982351,-56.8149948811,0,0.2313213327408648,-0.11292560257939441,20220120-122427
1642678251.72,7.7200000286102295,2,386,1,1,0.1136813834446938,0.4608202278615,-0.4730679617385375,-5.25520998007,7.545516018365,-48.3233650188,0,0.2313213327408648,-0.11292560257939441,20220120-122427
1642678251.74,7.740000009536743,2,387,1,1,0.1116369738225259,0.461152076721,-0.4771926179715585,-4.015285799645,8.343660932635,-46.14768966495,0,0.2313213327408648,-0.11292560257939441,20220120-122427
1642678251.76,7.759999990463257,2,388,1,1,0.1088264628725995,0.460115224123,-0.482481773427387,-5.39638936977,9.34284040344,-47.2643842652,0,0.2313213327408648,-0.11292560257939441,20220120-122427
1642678251.78,7.7799999713897705,2,389,1,1,0.1068625343365773,0.45995336771,-0.4850976823309363,-5.63290355733,9.78436083542,-47.7657142442,0,0.2313213327408648,-0.11292560257939441,20220120-122427
1642678251.8,7.799999952316284,2,390,1,1,0.1034291167806881,0.460852891207,-0.4871613507803519,-7.06569591679,14.4856280661,-46.263316302,0,0.2313213327408648,-0.11292560257939441,20220120-122427
1642678251.82,7.819999933242798,2,391,1,1,0.0917267996534053,0.4624980539084999,-0.4883651075282714,-14.2214643717,22.62798220045,-49.8761206132,0,0.2313213327408648,-0.11292560257939441,20220120-122427
1642678251.84,7.8399999141693115,2,392,1,1,0.0865576788696414,0.460918933153,-0.4897584823482035,-15.88929552375,26.07442413355,-54.68084310655,0,0.2313213327408648,-0.11292560257939441,20220120-122427
1642678251.86,7.859999895095825,2,393,1,1,0.0813729649508328,0.458224773407,-0.4901184784421458,-16.9262228997,26.2343974804,-65.0327987767,0,0.2313213327408648,-0.11292560257939441,20220120-122427
1642678251.88,7.880000114440918,2,394,1,1,0.078983803526866,0.458909362555,-0.4903071970283543,-16.2172546872,26.35060093,-66.9701646202,0,0.2313213327408648,-0.11292560257939441,20220120-122427
1642678251.9,7.900000095367432,2,395,1,1,0.0754443647258699,0.461269110441,-0.4913374351658744,-16.3593580482,29.6076754436,-62.679676801,0,0.2313213327408648,-0.11292560257939441,20220120-122427
1642678251.92,7.920000076293945,2,396,1,1,0.069351047235116,0.463338047266,-0.4929590419015571,-19.5697555503,33.6881520844,-58.38440003735,0,0.2313213327408648,-0.11292560257939441,20220120-122427
1642678251.94,7.940000057220459,2,397,1,1,0.0669519314088811,0.4630564302205,-0.4933746317778919,-20.26042994005,33.5137828361,-59.53702763205,0,0.2313213327408648,-0.11292560257939441,20220120-122427
1642678251.96,7.960000038146973,2,398,1,1,0.0653759819865651,0.461368948221,-0.4942951079367407,-18.8625619915,32.8397416713,-60.4494192921,0,0.2313213327408648,-0.11292560257939441,20220120-122427
1642678251.98,7.980000019073486,2,399,1,1,0.0636757277193951,0.462403416634,-0.4951694543279678,-18.5898898835,33.2906973747,-55.8637893833,0,0.2313213327408648,-0.11292560257939441,20220120-122427
1642678252.0,8.0,2,400,1,1,0.0609487274942758,0.463771522045,-0.4961551011951702,-19.1994057988,35.841293699,-49.5331389072,0,0.2313213327408648,-0.11292560257939441,20220120-122427
1642678252.02,8.019999980926514,2,401,1,1,0.0578969623060669,0.463867351413,-0.4966886649456256,-21.01830922285,37.56535900125,-48.2860541372,0,0.2313213327408648,-0.11292560257939441,20220120-122427
1642678252.04,8.039999961853027,2,402,1,1,0.0562871800307229,0.464432001114,-0.4974837678081729,-20.806356225,37.41444660715,-49.6570081651,0,0.2313213327408648,-0.11292560257939441,20220120-122427
1642678252.06,8.059999942779541,2,403,1,1,0.0554080585145459,0.464213222265,-0.4982828850762463,-19.0150295532,35.8463850205,-54.3197499848,0,0.2313213327408648,-0.11292560257939441,20220120-122427
1642678252.08,8.079999923706055,2,404,1,1,0.0578746311752189,0.462741702795,-0.500584808684867,-14.4740366282,30.2632566385,-57.4245221491,0,0.2313213327408648,-0.11292560257939441,20220120-122427
1642678252.1,8.099999904632568,2,405,1,1,0.0612510416840182,0.461635202169,-0.503512751983249,-10.2949678897,24.0463608364,-59.6096047836,0,0.2313213327408648,-0.11292560257939441,20220120-122427
1642678252.12,8.119999885559082,2,406,1,1,0.0645126415975634,0.460525766015,-0.5059219435772127,-8.117227206745,23.84463434955,-60.47906083505,0,0.2313213327408648,-0.11292560257939441,20220120-122427
1642678252.14,8.140000104904175,2,407,1,1,0.0655853400098064,0.460105404258,-0.5060398621989002,-7.26701962061,22.44964048625,-63.2318018405,0,0.2313213327408648,-0.11292560257939441,20220120-122427
1642678252.16,8.160000085830688,2,408,1,1,0.0650479655843576,0.460857748985,-0.5054543001917409,-8.70511141175,23.1150673775,-64.6424027641,0,0.2313213327408648,-0.11292560257939441,20220120-122427
1642678252.18,8.180000066757202,2,409,1,1,0.0713690454646828,0.46206510067,-0.4988356849556321,-4.69697096076,27.9414530091,-74.5745417949,0,0.2313213327408648,-0.11292560257939441,20220120-122427
1642678252.2,8.200000047683716,2,410,1,1,0.058293972242996,0.46451574564,-0.5014866476329971,-16.0224251077,32.8875962056,-63.5659506574,0,0.2313213327408648,-0.11292560257939441,20220120-122427
1642678252.22,8.22000002861023,2,411,1,1,0.052939915562028,0.464736059308,-0.4965038357243079,-20.0044151557,39.91582152315,-67.35597504,0,0.2313213327408648,-0.11292560257939441,20220120-122427
1642678252.24,8.240000009536743,2,412,1,1,0.0498171645069508,0.4635288119315,-0.4940456253044571,-20.24508629105,42.75910958245,-69.51268395484999,0,0.2313213327408648,-0.11292560257939441,20220120-122427
1642678252.26,8.259999990463257,2,413,1,1,0.0467628030096671,0.461617827415,-0.4922120802745516,-17.4993550411,44.8054446321,-71.8306049317,0,0.2313213327408648,-0.11292560257939441,20220120-122427
1642678252.28,8.27999997138977,2,414,1,1,0.0443064197918896,0.461580187082,-0.4904215377664356,-16.9970425585,46.2478761838,-72.428255678,0,0.2313213327408648,-0.11292560257939441,20220120-122427
1642678252.3,8.299999952316284,2,415,1,1,0.041250293953488,0.4622656703,-0.4866476208806548,-18.3066907171,49.5831415208,-74.8067668954,0,0.2313213327408648,-0.11292560257939441,20220120-122427
1642678252.32,8.319999933242798,2,416,1,1,0.0373988564083585,0.4615744799375,-0.481065271698394,-20.31409422795,55.60593584035,-78.6077774754,0,0.2313213327408648,-0.11292560257939441,20220120-122427
1642678252.34,8.339999914169312,2,417,1,1,0.0362512328783433,0.4614764004945,-0.4790085476478627,-19.55664221885,55.44137680525,-82.35630791415,0,0.2313213327408648,-0.11292560257939441,20220120-122427
1642678252.36,8.359999895095825,2,418,1,1,0.0344949339634506,0.460365265608,-0.4798574363454224,-16.8968516874,54.0047126594,-81.9513458819,0,0.2313213327408648,-0.11292560257939441,20220120-122427
1642678252.38,8.380000114440918,2,419,1,1,0.0336535843607104,0.461210221052,-0.4810669533529373,-15.2641975053,55.0310666355,-79.851137783,0,0.2313213327408648,-0.11292560257939441,20220120-122427
1642678252.4,8.400000095367432,2,420,1,1,0.0303081205355131,0.462703347206,-0.4821744057491562,-15.2891893757,54.7773783018,-76.2932133971,0,0.2313213327408648,-0.11292560257939441,20220120-122427
1642678252.42,8.420000076293945,2,421,1,1,0.0276557334846297,0.4624111056325,-0.4824631756209178,-14.7067019463,52.2306428725,-77.66633859215,0,0.2313213327408648,-0.11292560257939441,20220120-122427
1642678252.44,8.440000057220459,2,422,1,1,0.0269994558778212,0.4617704749105,-0.4827989977531284,-13.5652250445,51.112321009,-79.42593959445,0,0.2313213327408648,-0.11292560257939441,20220120-122427
1642678252.46,8.460000038146973,2,423,1,1,0.0265191883724336,0.462733983994,-0.4844252266689743,-11.5908875617,52.5802734878,-77.3541729189,0,0.2313213327408648,-0.11292560257939441,20220120-122427
1642678252.48,8.480000019073486,2,424,1,1,0.0233674744107524,0.464256852865,-0.4851884262060823,-12.3287128225,51.6992593791,-74.0958722488,0,0.2313213327408648,-0.11292560257939441,20220120-122427
1642678252.5,8.5,2,425,1,1,0.0224529232303091,0.463517963886,-0.4871281093735524,-10.5893014716,52.7975069653,-72.5133481762,0,0.2313213327408648,-0.11292560257939441,20220120-122427
1642678252.52,8.519999980926514,2,426,1,1,0.0207837353578364,0.4632689356805,-0.4873662795705226,-10.36276309626,47.9499679075,-76.8397733884,0,0.2313213327408648,-0.11292560257939441,20220120-122427
1642678252.54,8.539999961853027,2,427,1,1,0.020322405489432,0.462684005499,-0.4891469194617863,-8.89685683032,46.776654495200006,-76.13512370180001,0,0.2313213327408648,-0.11292560257939441,20220120-122427
1642678252.56,8.559999942779541,2,428,1,1,0.0193725814002175,0.46271827817,-0.4928166204000814,-6.37480388702,45.4046877483,-72.3346306419,0,0.2313213327408648,-0.11292560257939441,20220120-122427
1642678252.58,8.579999923706055,2,429,1,1,0.0187525370055128,0.462682634592,-0.494961670437881,-4.60037712752,44.4956216175,-70.7863192013,0,0.2313213327408648,-0.11292560257939441,20220120-122427
1642678252.6,8.599999904632568,2,430,1,1,0.0197485780614663,0.462983965874,-0.4966983911775823,-1.53777539343,43.70719208,-72.2961708236,0,0.2313213327408648,-0.11292560257939441,20220120-122427
1642678252.62,8.619999885559082,2,431,1,1,0.0188967845533553,0.4627065062525,-0.4975500386182693,-1.2687761548755,42.99986943115,-73.23660347945,0,0.2313213327408648,-0.11292560257939441,20220120-122427
1642678252.64,8.640000104904175,2,432,1,1,0.0181460263953652,0.463628381491,-0.4971887809809904,-2.30454079787,44.22732826265,-72.5790437897,0,0.2313213327408648,-0.11292560257939441,20220120-122427
1642678252.66,8.660000085830688,2,433,1,1,0.015407465518745,0.465964585543,-0.4957157543014391,-4.92456417671,46.817676651,-69.3067676627,0,0.2313213327408648,-0.11292560257939441,20220120-122427
1642678252.68,8.680000066757202,2,434,1,1,0.0121127114823643,0.468005418777,-0.4949114782301406,-6.48661287513,47.4237245735,-65.19479228,0,0.2313213327408648,-0.11292560257939441,20220120-122427
1642678252.7,8.700000047683716,2,435,1,1,0.01083005127919,0.469311982393,-0.4946695635476541,-5.23188112993,47.5455562997,-63.1880026003,0,0.2313213327408648,-0.11292560257939441,20220120-122427
1642678252.72,8.72000002861023,2,436,1,1,0.0119560520747826,0.46878516674,-0.4937974627656832,-1.1224153878949998,49.97060830905,-64.7057556651,0,0.2313213327408648,-0.11292560257939441,20220120-122427
1642678252.74,8.740000009536743,2,437,1,1,0.0102561610738543,0.467797577381,-0.4912319812001774,-2.3127518848650004,52.72583164695,-67.0602406025,0,0.2313213327408648,-0.11292560257939441,20220120-122427
1642678252.76,8.759999990463257,2,438,1,1,0.0047998783042714,0.466990530491,-0.4855421105236702,-7.9439995153,52.9335831722,-71.2841436282,0,0.2313213327408648,-0.11292560257939441,20220120-122427
1642678252.78,8.77999997138977,2,439,1,1,0.0035820985975751,0.465556412935,-0.4851637591354829,-7.02002289316,53.351756999,-70.2908992645,0,0.2313213327408648,-0.11292560257939441,20220120-122427
1642678252.8,8.799999952316284,2,440,1,1,0.0038751089186306,0.46527376771,-0.4851087125913034,-5.73786885077,51.0581681425,-71.0408268824,0,0.2313213327408648,-0.11292560257939441,20220120-122427
1642678252.82,8.819999933242798,2,441,1,1,0.0071977653550852,0.465107381344,-0.4858435507292327,-2.2151169880345,46.7770440786,-71.56252339400001,0,0.2313213327408648,-0.11292560257939441,20220120-122427
1642678252.84,8.839999914169312,2,442,1,1,0.0104506650330403,0.465060129762,-0.4867655174356107,0.1720807701404999,42.37879828555,-71.03352515579999,0,0.2313213327408648,-0.11292560257939441,20220120-122427
1642678252.86,8.859999895095825,2,443,1,1,0.017752028560468,0.465076357126,-0.4896598363027429,5.13694462256,32.8261060861,-68.4422215885,0,0.2313213327408648,-0.11292560257939441,20220120-122427
1642678252.88,8.880000114440918,2,444,1,1,0.0211602406472548,0.465932428837,-0.4896182435550483,5.91146970451,28.2364588007,-68.4926083557,0,0.2313213327408648,-0.11292560257939441,20220120-122427
1642678252.9,8.900000095367432,2,445,1,1,0.0351457877566413,0.469430923462,-0.4905803243860177,6.964180653,16.8347525875,-67.155974986,0,0.2313213327408648,-0.11292560257939441,20220120-122427
1642678252.92,8.920000076293945,2,446,1,1,0.0507395263989462,0.4723624289035,-0.4936183612783808,6.85517407218,1.847482357665,-60.7966038501,0,0.2313213327408648,-0.11292560257939441,20220120-122427
1642678252.94,8.940000057220459,2,447,1,1,0.0629000762067461,0.475212007761,-0.4938869060974306,7.07569528775,-5.201015519659999,-57.45817982845,0,0.2313213327408648,-0.11292560257939441,20220120-122427
1642678252.96,8.960000038146973,2,448,1,1,0.0780033490323912,0.478502720594,-0.4950966014463122,2.99051524356,-12.2639358664,-54.119177383,0,0.2313213327408648,-0.11292560257939441,20220120-122427
1642678252.98,8.980000019073486,2,449,1,1,0.084371063784989,0.47904971242,-0.4968286843934388,-3.27713745051,-15.8659365597,-56.0249082747,0,0.2313213327408648,-0.11292560257939441,20220120-122427
1642678253.0,9.0,2,450,1,1,0.0939885434963558,0.477256000042,-0.4966267631792594,-3.38205098443,-16.4574393993,-58.5902933397,0,0.2313213327408648,-0.11292560257939441,20220120-122427
1642678253.02,9.019999980926514,2,451,1,1,0.1089647178741559,0.473144501448,-0.4978752372790325,0.4786832186699998,-28.80776849455,-63.6629582501,0,0.2313213327408648,-0.11292560257939441,20220120-122427
1642678253.04,9.039999961853027,2,452,1,1,0.1142041662711522,0.471157252789,-0.4977847012226898,2.10702766857,-31.7753966821,-65.7374558251,0,0.2313213327408648,-0.11292560257939441,20220120-122427
1642678253.06,9.059999942779541,2,453,1,1,0.1142041662711522,0.471157252789,-0.4977847012226898,2.10702766857,-31.7753966821,-65.7374558251,0,0.2313213327408648,-0.11292560257939441,20220120-122427
1642678253.08,9.079999923706055,2,454,1,1,0.1356498191339776,0.459042787552,-0.4978389044856871,11.1664942694,-39.0449523591,-76.7714109999,0,0.2313213327408648,-0.11292560257939441,20220120-122427
1642678253.1,9.099999904632568,2,455,1,1,0.1356498191339776,0.459042787552,-0.4978389044856871,11.1664942694,-39.0449523591,-76.7714109999,0,0.2313213327408648,-0.11292560257939441,20220120-122427
1642678253.12,9.119999885559082,2,456,1,1,0.139473143992856,0.45911642909,-0.5039646258447203,4.10113752913,-35.2044062325,-74.7659886582,0,0.2313213327408648,-0.11292560257939441,20220120-122427
1642678253.14,9.140000104904175,2,457,1,1,0.139473143992856,0.45911642909,-0.5039646258447203,4.10113752913,-35.2044062325,-74.7659886582,0,0.2313213327408648,-0.11292560257939441,20220120-122427
1642678253.16,9.160000085830688,2,458,1,1,0.139473143992856,0.45911642909,-0.5039646258447203,4.10113752913,-35.2044062325,-74.7659886582,0,0.2313213327408648,-0.11292560257939441,20220120-122427
1642678253.18,9.180000066757202,2,459,1,1,0.1548161156612683,0.453083723783,-0.5072948322034032,9.0941782402,-40.0672229378,-77.145693786,0,0.2313213327408648,-0.11292560257939441,20220120-122427
1642678253.2,9.200000047683716,2,460,1,1,0.1520053281358395,0.454894423485,-0.5104003221571056,0.192619105247,-35.2065055075,-76.5291309035,0,0.2313213327408648,-0.11292560257939441,20220120-122427
1642678253.22,9.22000002861023,2,461,1,1,0.1520053281358395,0.454894423485,-0.5104003221571056,0.192619105247,-35.2065055075,-76.5291309035,0,0.2313213327408648,-0.11292560257939441,20220120-122427
1642678253.24,9.240000009536743,2,462,1,1,0.158596730839423,0.4545693397525,-0.5106295830094696,5.2445437824735,-39.13038693925,-77.95196958945,0,0.2313213327408648,-0.11292560257939441,20220120-122427
1642678253.26,9.259999990463257,2,463,1,1,0.1651881335430066,0.45424425602,-0.5108588438618336,10.2964684597,-43.054268371,-79.3748082754,0,0.2313213327408648,-0.11292560257939441,20220120-122427
1642678253.28,9.27999997138977,2,464,1,1,0.1651881335430066,0.45424425602,-0.5108588438618336,10.2964684597,-43.054268371,-79.3748082754,0,0.2313213327408648,-0.11292560257939441,20220120-122427
1642678253.3,9.299999952316284,2,465,1,1,0.1651881335430066,0.45424425602,-0.5108588438618336,10.2964684597,-43.054268371,-79.3748082754,0,0.2313213327408648,-0.11292560257939441,20220120-122427
1642678253.32,9.319999933242798,2,466,1,1,0.1724157530100461,0.455635726452,-0.5154868284188474,1.36640979115,-37.5383600712,-78.4844591436,0,0.2313213327408648,-0.11292560257939441,20220120-122427
1642678253.34,9.339999914169312,2,467,1,1,0.1724157530100461,0.455635726452,-0.5154868284188474,1.36640979115,-37.5383600712,-78.4844591436,0,0.2313213327408648,-0.11292560257939441,20220120-122427
1642678253.36,9.359999895095825,2,468,1,1,0.1724157530100461,0.455635726452,-0.5154868284188474,1.36640979115,-37.5383600712,-78.4844591436,0,0.2313213327408648,-0.11292560257939441,20220120-122427
1642678253.38,9.380000114440918,2,469,1,1,0.1724157530100461,0.455635726452,-0.5154868284188474,1.36640979115,-37.5383600712,-78.4844591436,0,0.2313213327408648,-0.11292560257939441,20220120-122427
1642678253.4,9.400000095367432,2,470,1,1,0.1724157530100461,0.455635726452,-0.5154868284188474,1.36640979115,-37.5383600712,-78.4844591436,0,0.2313213327408648,-0.11292560257939441,20220120-122427
1642678253.42,9.420000076293945,2,471,1,1,0.1836771548107587,0.457437604666,-0.5460648896506746,-3.3202584122650007,-26.9481548209,-69.2572220654,0,0.2313213327408648,-0.11292560257939441,20220120-122427
1642678253.44,9.440000057220459,2,472,1,1,0.1814734126844372,0.459273457527,-0.5527566568458288,-6.9539288233250005,-19.6686510393,-68.11195500415,0,0.2313213327408648,-0.11292560257939441,20220120-122427
1642678253.46,9.460000038146973,2,473,1,1,0.1816587622217776,0.458708226681,-0.5554952499776566,-4.89729465642,-18.3261775844,-70.9317455819,0,0.2313213327408648,-0.11292560257939441,20220120-122427
1642678253.48,9.480000019073486,2,474,1,1,0.1786727301824264,0.459658682346,-0.5633118711961977,-7.23230884357,-12.9378365138,-69.0028720901,0,0.2313213327408648,-0.11292560257939441,20220120-122427
1642678253.5,9.5,2,475,1,1,0.1739154545980601,0.461132228374,-0.5680199649683142,-11.7249442474,-3.10308878225,-66.6484469736,0,0.2313213327408648,-0.11292560257939441,20220120-122427
1642678253.52,9.519999980926514,2,476,1,1,0.165960716408871,0.4610078781845,-0.5742303732937618,-14.33405058785,6.868080877975,-67.27013708,0,0.2313213327408648,-0.11292560257939441,20220120-122427
1642678253.54,9.539999961853027,2,477,1,1,0.161285271677304,0.4605571925639999,-0.5773900859566846,-13.49783057045,6.203397886985,-71.59769373284999,0,0.2313213327408648,-0.11292560257939441,20220120-122427
1642678253.56,9.559999942779541,2,478,1,1,0.154953480809292,0.460545629263,-0.5811725857920063,-12.7424437586,6.50227800996,-76.365128847,0,0.2313213327408648,-0.11292560257939441,20220120-122427
1642678253.58,9.579999923706055,2,479,1,1,0.1508054471428488,0.461031615734,-0.5858868415429908,-11.9158066645,8.65932665223,-73.5854244383,0,0.2313213327408648,-0.11292560257939441,20220120-122427
1642678253.6,9.599999904632568,2,480,1,1,0.1467347929434488,0.461859762669,-0.5905157581646381,-11.628792684,11.335511423,-71.5726979785,0,0.2313213327408648,-0.11292560257939441,20220120-122427
1642678253.62,9.619999885559082,2,481,1,1,0.1418176071823379,0.461775034666,-0.5972914692929351,-10.99025054115,13.2128482076,-71.07305369459999,0,0.2313213327408648,-0.11292560257939441,20220120-122427
1642678253.64,9.640000104904175,2,482,1,1,0.1387593124209982,0.4608287811279999,-0.6008083479309133,-11.7203595052,14.13870368405,-72.37673394059999,0,0.2313213327408648,-0.11292560257939441,20220120-122427
1642678253.66,9.660000085830688,2,483,1,1,0.1362300175134549,0.45994669199,-0.6063619233689017,-10.7826696325,13.94220912,-72.3276605249,0,0.2313213327408648,-0.11292560257939441,20220120-122427
1642678253.68,9.680000066757202,2,484,1,1,0.1373898452990123,0.460249900818,-0.612429622448861,-6.35626696773,11.8826119974,-67.4825089355,0,0.2313213327408648,-0.11292560257939441,20220120-122427
1642678253.7,9.700000047683716,2,485,1,1,0.1380800151064794,0.462060153484,-0.617907011556761,-4.22647292205,8.46404960295,-63.3655963575,0,0.2313213327408648,-0.11292560257939441,20220120-122427
1642678253.72,9.72000002861023,2,486,1,1,0.1412048256918888,0.4622755497695,-0.6268041636823636,-1.7107498475499998,6.19634135499,-60.3644785241,0,0.2313213327408648,-0.11292560257939441,20220120-122427
1642678253.74,9.740000009536743,2,487,1,1,0.1432798449855772,0.4615552574395,-0.6312234454740703,-1.680006603645,6.146691776665,-60.86933656435,0,0.2313213327408648,-0.11292560257939441,20220120-122427
1642678253.76,9.759999990463257,2,488,1,1,0.1467648009711864,0.46148443222,-0.636071872675111,-1.74400155281,-0.614444680262,-63.8050973604,0,0.2313213327408648,-0.11292560257939441,20220120-122427
1642678253.78,9.77999997138977,2,489,1,1,0.1539846573812915,0.460622310638,-0.6387168807549773,3.937916115,-7.95599820299,-64.7671747358,0,0.2313213327408648,-0.11292560257939441,20220120-122427
1642678253.8,9.799999952316284,2,490,1,1,0.1539846573812915,0.460622310638,-0.6387168807549773,3.937916115,-7.95599820299,-64.7671747358,0,0.2313213327408648,-0.11292560257939441,20220120-122427
1642678253.82,9.819999933242798,2,491,1,1,0.1539846573812915,0.460622310638,-0.6387168807549773,3.937916115,-7.95599820299,-64.7671747358,0,0.2313213327408648,-0.11292560257939441,20220120-122427
1642678253.84,9.839999914169312,2,492,1,1,0.1539846573812915,0.460622310638,-0.6387168807549773,3.937916115,-7.95599820299,-64.7671747358,0,0.2313213327408648,-0.11292560257939441,20220120-122427
1642678253.86,9.859999895095825,2,493,1,1,0.1539846573812915,0.460622310638,-0.6387168807549773,3.937916115,-7.95599820299,-64.7671747358,0,0.2313213327408648,-0.11292560257939441,20220120-122427
1642678253.88,9.880000114440918,2,494,1,1,0.1539846573812915,0.460622310638,-0.6387168807549773,3.937916115,-7.95599820299,-64.7671747358,0,0.2313213327408648,-0.11292560257939441,20220120-122427
1642678253.9,9.900000095367432,2,495,1,1,0.1539846573812915,0.460622310638,-0.6387168807549773,3.937916115,-7.95599820299,-64.7671747358,0,0.2313213327408648,-0.11292560257939441,20220120-122427
1642678253.92,9.920000076293945,2,496,1,1,0.1539846573812915,0.460622310638,-0.6387168807549773,3.937916115,-7.95599820299,-64.7671747358,0,0.2313213327408648,-0.11292560257939441,20220120-122427
1642678253.94,9.940000057220459,2,497,1,1,0.1539846573812915,0.460622310638,-0.6387168807549773,3.937916115,-7.95599820299,-64.7671747358,0,0.2313213327408648,-0.11292560257939441,20220120-122427
1642678253.96,9.960000038146973,2,498,1,1,0.1539846573812915,0.460622310638,-0.6387168807549773,3.937916115,-7.95599820299,-64.7671747358,0,0.2313213327408648,-0.11292560257939441,20220120-122427
1642678253.98,9.980000019073486,2,499,1,1,0.1539846573812915,0.460622310638,-0.6387168807549773,3.937916115,-7.95599820299,-64.7671747358,0,0.2313213327408648,-0.11292560257939441,20220120-122427
1642678254.0,10.0,2,500,1,1,0.1539846573812915,0.460622310638,-0.6387168807549773,3.937916115,-7.95599820299,-64.7671747358,0,0.2313213327408648,-0.11292560257939441,20220120-122427
1642678254.02,10.019999980926514,2,501,1,1,0.1539846573812915,0.460622310638,-0.6387168807549773,3.937916115,-7.95599820299,-64.7671747358,0,0.2313213327408648,-0.11292560257939441,20220120-122427
1642678254.04,10.039999961853027,2,502,1,1,0.1539846573812915,0.460622310638,-0.6387168807549773,3.937916115,-7.95599820299,-64.7671747358,0,0.2313213327408648,-0.11292560257939441,20220120-122427
1642678254.06,10.059999942779541,2,503,1,1,0.1539846573812915,0.460622310638,-0.6387168807549773,3.937916115,-7.95599820299,-64.7671747358,0,0.2313213327408648,-0.11292560257939441,20220120-122427
1642678254.08,10.079999923706055,2,504,1,1,0.1539846573812915,0.460622310638,-0.6387168807549773,3.937916115,-7.95599820299,-64.7671747358,0,0.2313213327408648,-0.11292560257939441,20220120-122427
1642678254.1,10.099999904632568,2,505,1,1,0.1539846573812915,0.460622310638,-0.6387168807549773,3.937916115,-7.95599820299,-64.7671747358,0,0.2313213327408648,-0.11292560257939441,20220120-122427
1642678254.12,10.119999885559082,2,506,1,1,0.1539846573812915,0.460622310638,-0.6387168807549773,3.937916115,-7.95599820299,-64.7671747358,0,0.2313213327408648,-0.11292560257939441,20220120-122427
1642678254.14,10.140000104904175,2,507,1,1,0.1539846573812915,0.460622310638,-0.6387168807549773,3.937916115,-7.95599820299,-64.7671747358,0,0.2313213327408648,-0.11292560257939441,20220120-122427
1642678254.16,10.160000085830688,2,508,1,1,0.1539846573812915,0.460622310638,-0.6387168807549773,3.937916115,-7.95599820299,-64.7671747358,0,0.2313213327408648,-0.11292560257939441,20220120-122427
1642678254.18,10.180000066757202,2,509,1,1,0.1539846573812915,0.460622310638,-0.6387168807549773,3.937916115,-7.95599820299,-64.7671747358,0,0.2313213327408648,-0.11292560257939441,20220120-122427
1642678254.2,10.200000047683716,2,510,1,1,0.1539846573812915,0.460622310638,-0.6387168807549773,3.937916115,-7.95599820299,-64.7671747358,0,0.2313213327408648,-0.11292560257939441,20220120-122427
1642678254.22,10.22000002861023,2,511,1,1,0.1877095426157333,0.4600726515055,-0.7017781175930502,-2.80500191133,-7.0200358436000005,-68.5759191182,0,0.2313213327408648,-0.11292560257939441,20220120-122427
1642678254.24,10.240000009536743,2,512,1,1,0.1857506624118899,0.460497021675,-0.702338855285011,-3.33682033178,-6.94024120456,-69.6793785185,0,0.2313213327408648,-0.11292560257939441,20220120-122427
1642678254.26,10.259999990463257,2,513,1,1,0.1794488068126651,0.461720883846,-0.7063910357128392,-6.99887449823,-0.0215505384834,-66.4869304944,0,0.2313213327408648,-0.11292560257939441,20220120-122427
1642678254.28,10.27999997138977,2,514,1,1,0.176593451673046,0.46217918396,-0.7122389993950221,-5.66980560837,1.18710187346,-64.3643445917,0,0.2313213327408648,-0.11292560257939441,20220120-122427
1642678254.3,10.299999952316284,2,515,1,1,0.1755985774538398,0.461903631687,-0.7159286292416135,-4.39544293376,1.58877235228,-64.655934565,0,0.2313213327408648,-0.11292560257939441,20220120-122427
1642678254.32,10.319999933242798,2,516,1,1,0.1761161842998276,0.4612523317335,-0.7215463997424184,-2.2374425249085,4.9768608903225005,-64.2746271858,0,0.2313213327408648,-0.11292560257939441,20220120-122427
1642678254.34,10.339999914169312,2,517,1,1,0.1778822796339396,0.461187273264,-0.7245779881067742,-0.1690808155265,1.976773348230001,-65.02069179,0,0.2313213327408648,-0.11292560257939441,20220120-122427
1642678254.36,10.359999895095825,2,518,1,1,0.1821186545495392,0.461111068726,-0.7312902755806535,3.20334737849,-7.71210181617,-64.5326050823,0,0.2313213327408648,-0.11292560257939441,20220120-122427
1642678254.38,10.380000114440918,2,519,1,1,0.1858942122777487,0.459566354752,-0.7369325512620649,6.74216345817,-12.5078311969,-63.965974415,0,0.2313213327408648,-0.11292560257939441,20220120-122427
1642678254.4,10.400000095367432,2,520,1,1,0.1879981090247633,0.458837896585,-0.7406143724664538,6.83004947322,-14.3868281802,-65.7060527394,0,0.2313213327408648,-0.11292560257939441,20220120-122427
1642678254.42,10.420000076293945,2,521,1,1,0.1897028296367307,0.458076313138,-0.7446978809549167,6.453599763,-14.0767487137,-67.44127499685,0,0.2313213327408648,-0.11292560257939441,20220120-122427
1642678254.44,10.440000057220459,2,522,1,1,0.1931088249266301,0.458829626441,-0.7473504274519929,8.02426100188,-16.3981354211,-66.03302353145,0,0.2313213327408648,-0.11292560257939441,20220120-122427
1642678254.46,10.460000038146973,2,523,1,1,0.1978417303811256,0.459902405739,-0.7509734543033488,9.35610449418,-22.3169491228,-63.2188560056,0,0.2313213327408648,-0.11292560257939441,20220120-122427
1642678254.48,10.480000019073486,2,524,1,1,0.2012563742849284,0.462435364723,-0.7519309649318692,8.51090584309,-21.2948512396,-62.2933469687,0,0.2313213327408648,-0.11292560257939441,20220120-122427
1642678254.5,10.5,2,525,1,1,0.2074984251252258,0.459936857224,-0.7553087233072181,9.85410606189,-29.720633662,-64.6244617123,0,0.2313213327408648,-0.11292560257939441,20220120-122427
1642678254.52,10.519999980926514,2,526,1,1,0.2119716856405956,0.4590461999175,-0.7533402344104989,10.8185486786,-33.63322579375,-68.19679008915,0,0.2313213327408648,-0.11292560257939441,20220120-122427
1642678254.54,10.539999961853027,2,527,1,1,0.2132270283276849,0.459200978279,-0.7529336097188851,11.0352102334,-34.3717273207,-68.285102657,0,0.2313213327408648,-0.11292560257939441,20220120-122427
1642678254.56,10.559999942779541,2,528,1,1,0.2132270283276849,0.459200978279,-0.7529336097188851,11.0352102334,-34.3717273207,-68.285102657,0,0.2313213327408648,-0.11292560257939441,20220120-122427
1642678254.58,10.579999923706055,2,529,1,1,0.2132270283276849,0.459200978279,-0.7529336097188851,11.0352102334,-34.3717273207,-68.285102657,0,0.2313213327408648,-0.11292560257939441,20220120-122427
1642678254.6,10.599999904632568,2,530,1,1,0.2132270283276849,0.459200978279,-0.7529336097188851,11.0352102334,-34.3717273207,-68.285102657,0,0.2313213327408648,-0.11292560257939441,20220120-122427
1642678254.62,10.619999885559082,2,531,1,1,0.2132270283276849,0.459200978279,-0.7529336097188851,11.0352102334,-34.3717273207,-68.285102657,0,0.2313213327408648,-0.11292560257939441,20220120-122427
1642678254.64,10.640000104904175,2,532,1,1,0.2293850778285257,0.460113823414,-0.7504128305810978,10.28359560777,-42.5081268718,-70.0542342272,0,0.2313213327408648,-0.11292560257939441,20220120-122427
1642678254.66,10.660000085830688,2,533,1,1,0.2498507365582703,0.46064183116,-0.7481710657847412,10.4132639767,-52.8054816453,-69.8256467575,0,0.2313213327408648,-0.11292560257939441,20220120-122427
1642678254.68,10.680000066757202,2,534,1,1,0.2514109821595384,0.459385722876,-0.7478569487987928,10.6157279378,-52.9401068721,-71.1873767775,0,0.2313213327408648,-0.11292560257939441,20220120-122427
1642678254.7,10.700000047683716,2,535,1,1,0.2516255226709264,0.458855926991,-0.7485343156565498,9.80341188718,-52.2785301378,-71.2226814085,0,0.2313213327408648,-0.11292560257939441,20220120-122427
1642678254.72,10.72000002861023,2,536,1,1,0.2489451749514329,0.4601856321099999,-0.7519617355758755,5.1796515284405,-44.25806813255,-67.07509626935,0,0.2313213327408648,-0.11292560257939441,20220120-122427
1642678254.74,10.740000009536743,2,537,1,1,0.243145110808708,0.4628464281559999,-0.7569859690852884,-0.0209689354859999,-29.38480977085,-58.18314088695,0,0.2313213327408648,-0.11292560257939441,20220120-122427
1642678254.76,10.759999990463257,2,538,1,1,0.2340503421220668,0.463188111782,-0.7599810495217845,-3.19379324672,-18.8171631364,-52.3700423334,0,0.2313213327408648,-0.11292560257939441,20220120-122427
1642678254.78,10.77999997138977,2,539,1,1,0.2275148472055483,0.463734596968,-0.7617921635221587,-5.70450748394,-20.0975887109,-52.7578840415,0,0.2313213327408648,-0.11292560257939441,20220120-122427
1642678254.8,10.799999952316284,2,540,1,1,0.2236390174922062,0.464204788208,-0.7617899396795677,-2.19990236146,-15.6200708959,-51.3235974713,0,0.2313213327408648,-0.11292560257939441,20220120-122427
1642678254.82,10.819999933242798,2,541,1,1,0.2109397478264058,0.466681331396,-0.7626917492412993,-2.977285652975,-5.09123424545,-54.32507305725,0,0.2313213327408648,-0.11292560257939441,20220120-122427
1642678254.84,10.839999914169312,2,542,1,1,0.1991478164035167,0.4683985710145,-0.7636118029479819,-7.03595509314,5.448011746285,-56.61522379985,0,0.2313213327408648,-0.11292560257939441,20220120-122427
1642678254.86,10.859999895095825,2,543,1,1,0.1789868321152206,0.469659209251,-0.7617569326666315,-15.6963402436,18.1544269333,-63.4609767854,0,0.2313213327408648,-0.11292560257939441,20220120-122427
1642678254.88,10.880000114440918,2,544,1,1,0.1696127008975223,0.468547284603,-0.7601545626967569,-15.3686549314,25.613174812,-67.3301469147,0,0.2313213327408648,-0.11292560257939441,20220120-122427
1642678254.9,10.900000095367432,2,545,1,1,0.1612336932295844,0.467841029167,-0.7596400482327494,-12.9191952893,27.916331699,-69.9202216606,0,0.2313213327408648,-0.11292560257939441,20220120-122427
1642678254.92,10.920000076293945,2,546,1,1,0.1513744463112777,0.4668827354904999,-0.7593580089789014,-7.9154387982,29.195567662,-73.55757429650001,0,0.2313213327408648,-0.11292560257939441,20220120-122427
1642678254.94,10.940000057220459,2,547,1,1,0.1432120558235668,0.466333284974,-0.758184602196287,-7.491657626484999,33.21338927985,-74.0759316078,0,0.2313213327408648,-0.11292560257939441,20220120-122427
1642678254.96,10.960000038146973,2,548,1,1,0.12851671553807,0.464612722397,-0.7551797685106225,-9.13773787115,42.2699471939,-73.2096809393,0,0.2313213327408648,-0.11292560257939441,20220120-122427
1642678254.98,10.980000019073486,2,549,1,1,0.1209309155954602,0.463526427746,-0.7532095079235581,-8.67299584632,45.8310356769,-75.8941965571,0,0.2313213327408648,-0.11292560257939441,20220120-122427
1642678255.0,11.0,2,550,1,1,0.1160346147833989,0.462842583656,-0.7525859092097543,-7.83696481215,44.679378261,-79.7449782008,0,0.2313213327408648,-0.11292560257939441,20220120-122427
1642678255.02,11.019999980926514,2,551,1,1,0.1100841055698281,0.4627749323845,-0.7530505203209574,-7.4054270581,42.91091941095,-81.98092201009999,0,0.2313213327408648,-0.11292560257939441,20220120-122427
1642678255.04,11.039999961853027,2,552,1,1,0.1048228858801677,0.4635076373815,-0.7529461692788018,-8.123032041695,46.68560418045,-79.0272196027,0,0.2313213327408648,-0.11292560257939441,20220120-122427
1642678255.06,11.059999942779541,2,553,1,1,0.0958173490395267,0.46540927887,-0.7520543010390234,-9.94347094023,53.8340551196,-71.9693278452,0,0.2313213327408648,-0.11292560257939441,20220120-122427
1642678255.08,11.079999923706055,2,554,1,1,0.0915232158430425,0.465181559324,-0.7529115544290911,-8.3700760033,53.0136668819,-69.0954164014,0,0.2313213327408648,-0.11292560257939441,20220120-122427
1642678255.1,11.099999904632568,2,555,1,1,0.090676957030472,0.463020592928,-0.7547266018532585,-4.13838350932,53.5679561176,-68.3815574451,0,0.2313213327408648,-0.11292560257939441,20220120-122427
1642678255.12,11.119999885559082,2,556,1,1,0.0882653145148647,0.462694197893,-0.7556878347923094,-1.2832197487365,52.81971966775,-64.73190197225,0,0.2313213327408648,-0.11292560257939441,20220120-122427
1642678255.14,11.140000104904175,2,557,1,1,0.0866724758638523,0.4640120863915,-0.7561501183439774,0.8117022459535,50.566457015400005,-60.2389220253,0,0.2313213327408648,-0.11292560257939441,20220120-122427
1642678255.16,11.160000085830688,2,558,1,1,0.085321755745631,0.46528878808,-0.757953635865558,5.14875883891,48.3492356639,-54.8341156611,0,0.2313213327408648,-0.11292560257939441,20220120-122427
1642678255.18,11.180000066757202,2,559,1,1,0.0838231673023654,0.465624511242,-0.759221069306627,6.70806750797,47.4693394805,-53.7128526994,0,0.2313213327408648,-0.11292560257939441,20220120-122427
1642678255.2,11.200000047683716,2,560,1,1,0.080136440880348,0.465178608894,-0.7590912216005734,5.89924458073,47.225700502,-53.1847564473,0,0.2313213327408648,-0.11292560257939441,20220120-122427
1642678255.22,11.22000002861023,2,561,1,1,0.0711206482203055,0.4662904590365,-0.7553723428137032,4.266563429905,54.5162490907,-53.6790773943,0,0.2313213327408648,-0.11292560257939441,20220120-122427
1642678255.24,11.240000009536743,2,562,1,1,0.0626703157996751,0.467531785369,-0.7500835183143837,1.397141919505,62.80738757595,-55.345785950700005,0,0.2313213327408648,-0.11292560257939441,20220120-122427
1642678255.26,11.259999990463257,2,563,1,1,0.0485946005472261,0.467250794172,-0.7411119265599938,-3.51961756903,73.7705792801,-60.8790315361,0,0.2313213327408648,-0.11292560257939441,20220120-122427
1642678255.28,11.27999997138977,2,564,1,1,0.0421377293879577,0.46584045887,-0.7380634295306666,-2.57093640456,76.3158455202,-67.2190209526,0,0.2313213327408648,-0.11292560257939441,20220120-122427
1642678255.3,11.299999952316284,2,565,1,1,0.0370777826774828,0.463499724865,-0.7368445375849708,0.0141478792921,76.6908195368,-71.6350160789,0,0.2313213327408648,-0.11292560257939441,20220120-122427
1642678255.32,11.319999933242798,2,566,1,1,0.0278459228765439,0.464042276144,-0.7325954941005018,-1.2441836972755,79.17962332479999,-70.51627172970001,0,0.2313213327408648,-0.11292560257939441,20220120-122427
1642678255.34,11.339999914169312,2,567,1,1,0.0206327324884598,0.4645632207394999,-0.7296040536591197,-3.90043637031,83.0916901479,-68.17320236435,0,0.2313213327408648,-0.11292560257939441,20220120-122427
1642678255.36,11.359999895095825,2,568,1,1,0.0111835467079054,0.46319052577,-0.7268865530456959,-6.50528171464,86.2559816376,-69.9822719003,0,0.2313213327408648,-0.11292560257939441,20220120-122427
1642678255.38,11.380000114440918,2,569,1,1,0.0080841856649676,0.462961763144,-0.7248328476829808,-8.14163975655,85.2354224235,-77.1647419068,0,0.2313213327408648,-0.11292560257939441,20220120-122427
1642678255.4,11.400000095367432,2,570,1,1,0.0031293326483195,0.463760495186,-0.7235374804050667,-8.70999173497,81.4504475533,-78.9485588076,0,0.2313213327408648,-0.11292560257939441,20220120-122427
1642678255.42,11.420000076293945,2,571,1,1,-0.0066025122236233,0.4664555490015,-0.7247539077747585,-7.498684086984999,82.6970123405,-72.1233085087,0,0.2313213327408648,-0.11292560257939441,20220120-122427
1642678255.44,11.440000057220459,2,572,1,1,-0.0140384013464636,0.4671527594325,-0.7240510025354366,-8.285614295725,82.72769775309999,-68.33531704815,0,0.2313213327408648,-0.11292560257939441,20220120-122427
1642678255.46,11.460000038146973,2,573,1,1,-0.0213321370289671,0.465152710676,-0.7247839624592296,-5.90184800615,83.1127408699,-70.140288249,0,0.2313213327408648,-0.11292560257939441,20220120-122427
1642678255.48,11.480000019073486,2,574,1,1,-0.0235143161367633,0.463185667992,-0.7273943951297654,-1.45780375678,82.5865951972,-73.63987898,0,0.2313213327408648,-0.11292560257939441,20220120-122427
1642678255.5,11.5,2,575,1,1,-0.0292709264552861,0.463431656361,-0.7258548289597309,-3.06542980225,82.5190567064,-69.3454187988,0,0.2313213327408648,-0.11292560257939441,20220120-122427
1642678255.52,11.519999980926514,2,576,1,1,-0.0378831789097823,0.466685205698,-0.7243800502840665,-4.6525990287550005,81.6477730919,-59.97634723475,0,0.2313213327408648,-0.11292560257939441,20220120-122427
1642678255.54,11.539999961853027,2,577,1,1,-0.0430543701518291,0.4670674502849999,-0.7262606396776417,-2.233256946549,81.40697108135001,-54.68581946305,0,0.2313213327408648,-0.11292560257939441,20220120-122427
1642678255.56,11.559999942779541,2,578,1,1,-0.0488429902258014,0.465624153614,-0.7296982743167602,1.4034985284,77.8504839843,-54.6029465991,0,0.2313213327408648,-0.11292560257939441,20220120-122427
1642678255.58,11.579999923706055,2,579,1,1,-0.0516493748003535,0.46421405673,-0.7317547288971296,2.64574641038,77.106070414,-57.4571717833,0,0.2313213327408648,-0.11292560257939441,20220120-122427
1642678255.6,11.599999904632568,2,580,1,1,-0.0549663120216975,0.465003252029,-0.7341412719953196,3.49190575943,75.6598817514,-56.9016251446,0,0.2313213327408648,-0.11292560257939441,20220120-122427
1642678255.62,11.619999885559082,2,581,1,1,-0.0604798237365663,0.4670637995005,-0.7368260236050999,4.84104312121,74.90809023885001,-52.05980076,0,0.2313213327408648,-0.11292560257939441,20220120-122427
1642678255.64,11.640000104904175,2,582,1,1,-0.0638851113317385,0.4677479118105,-0.7374305532839458,6.62981309908,76.37792122715,-49.1277043537,0,0.2313213327408648,-0.11292560257939441,20220120-122427
1642678255.66,11.660000085830688,2,583,1,1,-0.0685436871112839,0.468158632517,-0.7356962325934063,6.68479452248,75.6192028206,-46.5430520994,0,0.2313213327408648,-0.11292560257939441,20220120-122427
1642678255.68,11.680000066757202,2,584,1,1,-0.0702527344219934,0.467477619648,-0.7348259564197708,8.07181326907,77.1878324262,-46.3531348472,0,0.2313213327408648,-0.11292560257939441,20220120-122427
1642678255.7,11.700000047683716,2,585,1,1,-0.0736954291824175,0.467271029949,-0.7295269750813944,5.34389953542,84.0286401355,-45.9127474023,0,0.2313213327408648,-0.11292560257939441,20220120-122427
1642678255.72,11.72000002861023,2,586,1,1,-0.0796693461989842,0.468047171831,-0.7152729911516176,-0.1731764282650001,97.94670797645,-46.50957234975,0,0.2313213327408648,-0.11292560257939441,20220120-122427
1642678255.74,11.740000009536743,2,587,1,1,-0.083010257202685,0.468725308776,-0.7056616992771974,-2.832197308575,104.922041186,-51.2143522581,0,0.2313213327408648,-0.11292560257939441,20220120-122427
1642678255.76,11.759999990463257,2,588,1,1,-0.0855028158782554,0.467933833599,-0.6945611362320189,-6.19636696628,107.172974086,-65.947921931,0,0.2313213327408648,-0.11292560257939441,20220120-122427
1642678255.78,11.77999997138977,2,589,1,1,-0.0871872023165784,0.466901004314,-0.6896939886402277,-6.26906016361,106.785943109,-71.7872466791,0,0.2313213327408648,-0.11292560257939441,20220120-122427
1642678255.8,11.799999952316284,2,590,1,1,-0.0893431841491042,0.46628922224,-0.6876269552536398,-4.76267063283,107.622290742,-74.0013274683,0,0.2313213327408648,-0.11292560257939441,20220120-122427
1642678255.82,11.819999933242798,2,591,1,1,-0.0956219433003731,0.467533394694,-0.682322874890206,-5.625924278725,108.9875845555,-71.2188047743,0,0.2313213327408648,-0.11292560257939441,20220120-122427
1642678255.84,11.839999914169312,2,592,1,1,-0.0999580677955525,0.4675640314815,-0.6779069501477955,-6.941693148285,110.8393069545,-70.1806264466,0,0.2313213327408648,-0.11292560257939441,20220120-122427
1642678255.86,11.859999895095825,2,593,1,1,-0.1051135070357668,0.46564373374,-0.673977069317101,-6.41433933318,112.761128172,-72.7630710487,0,0.2313213327408648,-0.11292560257939441,20220120-122427
1642678255.88,11.880000114440918,2,594,1,1,-0.1083060738307012,0.46474146843,-0.6719984073756348,-5.96354941623,113.180751768,-74.308335746,0,0.2313213327408648,-0.11292560257939441,20220120-122427
1642678255.9,11.900000095367432,2,595,1,1,-0.1117497314712154,0.465590983629,-0.6697602597269366,-6.43397531503,111.51732848,-72.8511417007,0,0.2313213327408648,-0.11292560257939441,20220120-122427
1642678255.92,11.920000076293945,2,596,1,1,-0.1187169514350649,0.4684538096189999,-0.6675533873118553,-5.644319178585,108.980689577,-68.02015342544999,0,0.2313213327408648,-0.11292560257939441,20220120-122427
1642678255.94,11.940000057220459,2,597,1,1,-0.1238761385144447,0.46894235909,-0.6664713054679415,-4.564145486655,108.020697056,-66.14740495385,0,0.2313213327408648,-0.11292560257939441,20220120-122427
1642678255.96,11.960000038146973,2,598,1,1,-0.129206864170237,0.467628896236,-0.6663173076205896,-2.92807576357,106.851814151,-70.8125350614,0,0.2313213327408648,-0.11292560257939441,20220120-122427
1642678255.98,11.980000019073486,2,599,1,1,-0.1328351830197128,0.466776013374,-0.6657186895532591,-3.98426522095,105.668855945,-71.9793109015,0,0.2313213327408648,-0.11292560257939441,20220120-122427
1642678256.0,12.0,2,600,1,1,-0.1371589430325365,0.467758774757,-0.6662114618197996,-2.52770156859,104.853878943,-70.0899378069,0,0.2313213327408648,-0.11292560257939441,20220120-122427
1642678256.02,12.019999980926514,2,601,1,1,-0.1458202816117929,0.4680633246894999,-0.6652555974997504,-0.41563828068115,106.546888989,-63.8830034826,0,0.2313213327408648,-0.11292560257939441,20220120-122427
1642678256.04,12.039999961853027,2,602,1,1,-0.1504078125774368,0.4683715105054999,-0.663374943695808,-0.35726515656915,106.3720816825,-62.9278616535,0,0.2313213327408648,-0.11292560257939441,20220120-122427
1642678256.06,12.059999942779541,2,603,1,1,-0.1577627765161286,0.467585772276,-0.66146916488596,-1.32637288298,104.377174132,-62.49171189,0,0.2313213327408648,-0.11292560257939441,20220120-122427
1642678256.08,12.079999923706055,2,604,1,1,-0.1627872205316857,0.467176645994,-0.6610543821698012,-0.984215829234,104.29547405,-60.953452954,0,0.2313213327408648,-0.11292560257939441,20220120-122427
1642678256.1,12.099999904632568,2,605,1,1,-0.167995389358615,0.468055844307,-0.6611499105297515,0.232252553824,103.582575376,-57.2839123482,0,0.2313213327408648,-0.11292560257939441,20220120-122427
1642678256.12,12.119999885559082,2,606,1,1,-0.1763575362958998,0.469680398703,-0.6641667329416393,5.23283880077,101.4613746305,-50.63775487345001,0,0.2313213327408648,-0.11292560257939441,20220120-122427
1642678256.14,12.140000104904175,2,607,1,1,-0.181062543261446,0.4701016694309999,-0.6649511886328822,6.609094781645,99.76814536865,-50.51395723715,0,0.2313213327408648,-0.11292560257939441,20220120-122427
1642678256.16,12.160000085830688,2,608,1,1,-0.187158607815067,0.468881845474,-0.6646558542985306,5.7161026314,98.8394063279,-55.19605416,0,0.2313213327408648,-0.11292560257939441,20220120-122427
1642678256.18,12.180000066757202,2,609,1,1,-0.1894077863183682,0.468341380358,-0.664950590619614,4.92204335176,98.7401175038,-59.3252082318,0,0.2313213327408648,-0.11292560257939441,20220120-122427
1642678256.2,12.200000047683716,2,610,1,1,-0.1913606804124395,0.468679010868,-0.6644467569313545,3.67772075541,99.8651574936,-59.0627051195,0,0.2313213327408648,-0.11292560257939441,20220120-122427
1642678256.22,12.22000002861023,2,611,1,1,-0.1943350509167916,0.469674125314,-0.6632289406476022,3.5718504997950005,101.7849211895,-55.25450448285,0,0.2313213327408648,-0.11292560257939441,20220120-122427
1642678256.24,12.240000009536743,2,612,1,1,-0.1963037394406931,0.4694560915235,-0.6624967196962289,4.278784919565,102.771383554,-54.17821580655,0,0.2313213327408648,-0.11292560257939441,20220120-122427
1642678256.26,12.259999990463257,2,613,1,1,-0.1980246810409809,0.46841943264,-0.6604807542428741,3.43663535411,103.978938399,-55.8948919304,0,0.2313213327408648,-0.11292560257939441,20220120-122427
1642678256.28,12.27999997138977,2,614,1,1,-0.19905238235991,0.468201726675,-0.6596177258671149,3.2886873058,104.485532391,-55.3280358807,0,0.2313213327408648,-0.11292560257939441,20220120-122427
1642678256.3,12.299999952316284,2,615,1,1,-0.1987920648436222,0.468557715416,-0.6599613837840554,4.95647140753,106.668640606,-53.9834077942,0,0.2313213327408648,-0.11292560257939441,20220120-122427
1642678256.32,12.319999933242798,2,616,1,1,-0.1996184511465479,0.470890343189,-0.6578214866311153,5.371121019365,106.979208719,-47.67066794175,0,0.2313213327408648,-0.11292560257939441,20220120-122427
1642678256.34,12.339999914169312,2,617,1,1,-0.1995603914521404,0.471638262272,-0.6566563968029472,6.13252676294,107.4097245675,-45.80170237725,0,0.2313213327408648,-0.11292560257939441,20220120-122427
1642678256.36,12.359999895095825,2,618,1,1,-0.1991724414341171,0.470923066139,-0.6554975189041137,7.58530900918,108.570279253,-45.1087026764,0,0.2313213327408648,-0.11292560257939441,20220120-122427
1642678256.38,12.380000114440918,2,619,1,1,-0.1988183763636962,0.469781666994,-0.6554053470150404,8.7071902936,108.780748537,-45.8773638097,0,0.2313213327408648,-0.11292560257939441,20220120-122427
1642678256.4,12.400000095367432,2,620,1,1,-0.1980120117152755,0.469887018204,-0.6534510245955754,7.1641664005,108.752760853,-46.3561693551,0,0.2313213327408648,-0.11292560257939441,20220120-122427
1642678256.42,12.420000076293945,2,621,1,1,-0.1967452706954734,0.4713431596755,-0.647788266951052,3.5680792471,115.271236912,-47.23776234985,0,0.2313213327408648,-0.11292560257939441,20220120-122427
1642678256.44,12.440000057220459,2,622,1,1,-0.195654758017924,0.4714772254229999,-0.642803158296135,0.725592379973,120.0612105985,-50.866883295250005,0,0.2313213327408648,-0.11292560257939441,20220120-122427
1642678256.46,12.460000038146973,2,623,1,1,-0.1941261460721369,0.470059484243,-0.6372034122398832,-0.791427633801,121.42473936,-60.056410128,0,0.2313213327408648,-0.11292560257939441,20220120-122427
1642678256.48,12.480000019073486,2,624,1,1,-0.1940143841377872,0.46943244338,-0.6334688847455261,-1.22610642568,120.622732886,-62.6377291335,0,0.2313213327408648,-0.11292560257939441,20220120-122427
1642678256.5,12.5,2,625,1,1,-0.1926789378819083,0.470026016235,-0.6288706662881928,-2.31354702059,122.368764913,-63.4410622602,0,0.2313213327408648,-0.11292560257939441,20220120-122427
1642678256.52,12.519999980926514,2,626,1,1,-0.1876118805103327,0.470347121358,-0.6209290038309311,-3.531087833565,133.58147849099998,-66.2535580164,0,0.2313213327408648,-0.11292560257939441,20220120-122427
1642678256.54,12.539999961853027,2,627,1,1,-0.183411304856627,0.469407632947,-0.6150530041762501,-5.266004528105,141.111644476,-69.5613671615,0,0.2313213327408648,-0.11292560257939441,20220120-122427
1642678256.56,12.559999942779541,2,628,1,1,-0.1796427197588638,0.466714352369,-0.6070167331938001,-6.33826865045,146.31807969,-73.3093566989,0,0.2313213327408648,-0.11292560257939441,20220120-122427
1642678256.58,12.579999923706055,2,629,1,1,-0.1774451089398047,0.465863704681,-0.6036788274711846,-6.19642988843,144.219118401,-78.7868912999,0,0.2313213327408648,-0.11292560257939441,20220120-122427
1642678256.6,12.599999904632568,2,630,1,1,-0.1763771779225455,0.465865761042,-0.601133862027566,-5.25363501411,142.407210205,-80.4742911662,0,0.2313213327408648,-0.11292560257939441,20220120-122427
1642678256.62,12.619999885559082,2,631,1,1,-0.1759341312213242,0.467498168349,-0.5945541062478684,-4.62617591266,146.072618486,-74.9499073131,0,0.2313213327408648,-0.11292560257939441,20220120-122427
1642678256.64,12.640000104904175,2,632,1,1,-0.1759403623240995,0.4667330533265,-0.5898682938258123,-4.482956914275,150.280573815,-72.11691803745,0,0.2313213327408648,-0.11292560257939441,20220120-122427
1642678256.66,12.660000085830688,2,633,1,1,-0.174609176524331,0.464961916208,-0.5851153582483517,-4.01040802447,150.8493893,-76.9095045986,0,0.2313213327408648,-0.11292560257939441,20220120-122427
1642678256.68,12.680000066757202,2,634,1,1,-0.1735962687602904,0.464847326279,-0.5805952051987304,-4.89479109673,148.626076189,-77.6440815955,0,0.2313213327408648,-0.11292560257939441,20220120-122427
1642678256.7,12.700000047683716,2,635,1,1,-0.1744369826798289,0.466213077307,-0.5773106709434858,-4.82865301593,150.039475003,-74.6978888019,0,0.2313213327408648,-0.11292560257939441,20220120-122427
1642678256.72,12.72000002861023,2,636,1,1,-0.177310067925253,0.468004047871,-0.5704540819388833,-3.817310210635,152.21245117249998,-63.2331453884,0,0.2313213327408648,-0.11292560257939441,20220120-122427
1642678256.74,12.740000009536743,2,637,1,1,-0.1781751447318675,0.468037977815,-0.5661853469235274,-2.993713262075,151.5402918065,-58.86627478425,0,0.2313213327408648,-0.11292560257939441,20220120-122427
1642678256.76,12.759999990463257,2,638,1,1,-0.1802231088571385,0.465942621231,-0.5622306349271117,0.816830901007,150.80693314,-59.1207956613,0,0.2313213327408648,-0.11292560257939441,20220120-122427
1642678256.78,12.77999997138977,2,639,1,1,-0.1814854872169529,0.464996963739,-0.5607585827731383,1.9995459686,153.086446601,-59.3455023118,0,0.2313213327408648,-0.11292560257939441,20220120-122427
1642678256.8,12.799999952316284,2,640,1,1,-0.1821035555788504,0.466903924942,-0.5566235556653689,1.12847329218,153.982148551,-52.9506624398,0,0.2313213327408648,-0.11292560257939441,20220120-122427
1642678256.82,12.819999933242798,2,641,1,1,-0.1824609772221445,0.4699675738815,-0.5505854437376358,0.8174625367614999,158.420670154,-46.03192561825,0,0.2313213327408648,-0.11292560257939441,20220120-122427
1642678256.84,12.839999914169312,2,642,1,1,-0.1822397595748276,0.4713636636735,-0.545673703200736,0.577738341136,160.43592809400002,-43.9600358728,0,0.2313213327408648,-0.11292560257939441,20220120-122427
1642678256.86,12.859999895095825,2,643,1,1,-0.1830581725954459,0.47375279665,-0.5373982203944063,2.06533531241,162.467591929,-40.8287819198,0,0.2313213327408648,-0.11292560257939441,20220120-122427
1642678256.88,12.880000114440918,2,644,1,1,-0.1838468543783738,0.477998256683,-0.5316107164636512,3.55182120638,162.900583983,-37.472950757,0,0.2313213327408648,-0.11292560257939441,20220120-122427
1642678256.9,12.900000095367432,2,645,1,1,-0.1847107827806914,0.484388768673,-0.5257438841963187,5.00550814958,162.879371807,-33.9299582144,0,0.2313213327408648,-0.11292560257939441,20220120-122427
1642678256.92,12.920000076293945,2,646,1,1,-0.186925184592482,0.4930576235055,-0.5141961774499415,6.674280215165,162.170430373,-28.8405870958,0,0.2313213327408648,-0.11292560257939441,20220120-122427
1642678256.94,12.940000057220459,2,647,1,1,-0.1894916889421489,0.4947243630885,-0.5057395287605366,7.2346773017,161.454046835,-28.78441032625,0,0.2313213327408648,-0.11292560257939441,20220120-122427
1642678256.96,12.960000038146973,2,648,1,1,-0.1941369565049904,0.494037121534,-0.4923047655572539,7.66021417828,160.006205221,-30.0051108546,0,0.2313213327408648,-0.11292560257939441,20220120-122427
1642678256.98,12.980000019073486,2,649,1,1,-0.1989455247000279,0.494839817286,-0.4842371915323868,8.29442068159,157.250091807,-30.8603028648,0,0.2313213327408648,-0.11292560257939441,20220120-122427
1642678257.0,13.0,2,650,1,1,-0.2035652173506583,0.497640401125,-0.4773106442460723,7.82213179086,155.773599617,-30.2635856839,0,0.2313213327408648,-0.11292560257939441,20220120-122427
1642678257.02,13.019999980926514,2,651,1,1,-0.2103417211694528,0.5051721930505,-0.4686677205483678,6.14015173676,153.91544274749998,-27.53870445675,0,0.2313213327408648,-0.11292560257939441,20220120-122427
1642678257.04,13.039999961853027,2,652,1,1,-0.2143146956396973,0.510697811842,-0.4630483765976045,5.31617187639,153.416614395,-26.142637668,0,0.2313213327408648,-0.11292560257939441,20220120-122427
1642678257.06,13.059999942779541,2,653,1,1,-0.2198790876759234,0.515725672245,-0.4546137234721062,4.25477286235,153.111210673,-28.8954269142,0,0.2313213327408648,-0.11292560257939441,20220120-122427
1642678257.08,13.079999923706055,2,654,1,1,-0.2244968814455155,0.514977216721,-0.4500796206352287,5.65388187434,153.19046687,-33.8842176865,0,0.2313213327408648,-0.11292560257939441,20220120-122427
1642678257.1,13.099999904632568,2,655,1,1,-0.226851513947249,0.513651609421,-0.4438478445169922,3.14645255475,153.334250466,-36.6019829071,0,0.2313213327408648,-0.11292560257939441,20220120-122427
1642678257.12,13.119999885559082,2,656,1,1,-0.2307669684412165,0.5080401301385,-0.435047521570755,1.0115449633455,154.731079969,-41.89353675835,0,0.2313213327408648,-0.11292560257939441,20220120-122427
1642678257.14,13.140000104904175,2,657,1,1,-0.2340525180739038,0.5044548213485001,-0.4287186628449598,1.4087135306105,155.2235523465,-44.79450189795,0,0.2313213327408648,-0.11292560257939441,20220120-122427
1642678257.16,13.160000085830688,2,658,1,1,-0.2374098132841954,0.500095188618,-0.419354051681305,1.53942272298,155.362289502,-47.6343826501,0,0.2313213327408648,-0.11292560257939441,20220120-122427
1642678257.18,13.180000066757202,2,659,1,1,-0.2383706520391696,0.497041642666,-0.4143789825408714,1.59738533587,155.801240976,-51.8826066402,0,0.2313213327408648,-0.11292560257939441,20220120-122427
1642678257.2,13.200000047683716,2,660,1,1,-0.2395399222700426,0.494217067957,-0.4090636744870549,1.67874380146,156.031201199,-52.4312439994,0,0.2313213327408648,-0.11292560257939441,20220120-122427
1642678257.22,13.22000002861023,2,661,1,1,-0.2417019707581036,0.491615012288,-0.4021767973680698,3.46759134209,157.16193530200002,-46.3408324187,0,0.2313213327408648,-0.11292560257939441,20220120-122427
1642678257.24,13.240000009536743,2,662,1,1,-0.2428165729479401,0.4897405207155,-0.3979411550097314,4.660127627765,156.860498591,-42.73273207885,0,0.2313213327408648,-0.11292560257939441,20220120-122427
1642678257.26,13.259999990463257,2,663,1,1,-0.2448297201991597,0.483748733997,-0.3915215819306191,5.52827906856,157.569782434,-45.2154327498,0,0.2313213327408648,-0.11292560257939441,20220120-122427
1642678257.28,13.27999997138977,2,664,1,1,-0.2465509842952337,0.478049069643,-0.387570510714942,4.9619029326,159.010708943,-53.7217310477,0,0.2313213327408648,-0.11292560257939441,20220120-122427
1642678257.3,13.299999952316284,2,665,1,1,-0.2474888773324619,0.471652954817,-0.3855074508616327,2.93284712546,159.278316998,-63.4213737659,0,0.2313213327408648,-0.11292560257939441,20220120-122427
1642678257.32,13.319999933242798,2,666,1,1,-0.2474649424527768,0.4670717865229999,-0.3812853152634415,2.18820181035,163.727686062,-71.51803003435,0,0.2313213327408648,-0.11292560257939441,20220120-122427
1642678257.34,13.339999914169312,2,667,1,1,-0.2445415804645782,0.465856477618,-0.3776715666155676,0.0722519469049998,169.2286259975,-72.98849153005,0,0.2313213327408648,-0.11292560257939441,20220120-122427
1642678257.36,13.359999895095825,2,668,1,1,-0.2374707859947031,0.464362800121,-0.3709155543473721,-4.47730634614,-179.39675052,-72.4331116773,0,0.2313213327408648,-0.11292560257939441,20220120-122427
1642678257.38,13.380000114440918,2,669,1,1,-0.2336693274783795,0.462604045868,-0.3706363486223777,-6.47772101614,-175.961310906,-79.4024470834,0,0.2313213327408648,-0.11292560257939441,20220120-122427
1642678257.4,13.400000095367432,2,670,1,1,-0.2306288809445706,0.461429983377,-0.3688409137507724,-7.00930571042,-176.724067382,-84.2048085656,0,0.2313213327408648,-0.11292560257939441,20220120-122427
1642678257.42,13.420000076293945,2,671,1,1,-0.2285805031313168,0.463017761707,-0.3646539101978245,-4.89862037519,-176.88669277550002,-81.25197507885,0,0.2313213327408648,-0.11292560257939441,20220120-122427
1642678257.44,13.440000057220459,2,672,1,1,-0.2253243014645045,0.4677887558935,-0.3574891793569187,-5.2673262503650005,-176.885717219,-67.99115936679999,0,0.2313213327408648,-0.11292560257939441,20220120-122427
1642678257.46,13.460000038146973,2,673,1,1,-0.2215320563466596,0.477894842625,-0.3480380548515412,-3.16467506775,-174.624461352,-43.9808145333,0,0.2313213327408648,-0.11292560257939441,20220120-122427
1642678257.48,13.480000019073486,2,674,1,1,-0.2203592457634281,0.482920527458,-0.3439138070853854,1.56640488545,-174.861423262,-35.8994060547,0,0.2313213327408648,-0.11292560257939441,20220120-122427
1642678257.5,13.5,2,675,1,1,-0.2178756781682798,0.486973822117,-0.3379503154759407,4.2764120951,-175.15920668,-30.9285345825,0,0.2313213327408648,-0.11292560257939441,20220120-122427
1642678257.52,13.519999980926514,2,676,1,1,-0.2163849477412275,0.4933090955015,-0.328583993803221,6.11410114988,-174.86556328,-25.86560455225,0,0.2313213327408648,-0.11292560257939441,20220120-122427
1642678257.54,13.539999961853027,2,677,1,1,-0.2148010233775214,0.498942956328,-0.3221558511706597,5.020122489349999,-175.130296589,-22.41008073165,0,0.2313213327408648,-0.11292560257939441,20220120-122427
1642678257.56,13.559999942779541,2,678,1,1,-0.2104873083350923,0.506704449654,-0.311349112731749,5.52860293435,-174.428024871,-19.4143256868,0,0.2313213327408648,-0.11292560257939441,20220120-122427
1642678257.58,13.579999923706055,2,679,1,1,-0.2097354232364545,0.506311774254,-0.3027168154230768,12.3117308345,-172.472543033,-22.3399790722,0,0.2313213327408648,-0.11292560257939441,20220120-122427
1642678257.6,13.599999904632568,2,680,1,1,-0.2048037300690579,0.505927145481,-0.2941135532480087,7.88779794796,-169.985434964,-22.5753968783,0,0.2313213327408648,-0.11292560257939441,20220120-122427
1642678257.62,13.619999885559082,2,681,1,1,-0.1988003537754478,0.5058265924455001,-0.2822422438422434,3.929171823545,-162.5454594875,-24.62507066945,0,0.2313213327408648,-0.11292560257939441,20220120-122427
1642678257.64,13.640000104904175,2,682,1,1,-0.1935220906200552,0.50699955225,-0.2739294100603515,3.520843881795,-157.3755019325,-24.38405140255,0,0.2313213327408648,-0.11292560257939441,20220120-122427
1642678257.66,13.660000085830688,2,683,1,1,-0.183391177182932,0.511015534401,-0.262875040239293,4.85849918571,-151.551953189,-24.1452762504,0,0.2313213327408648,-0.11292560257939441,20220120-122427
1642678257.68,13.680000066757202,2,684,1,1,-0.1760938509938454,0.514649868011,-0.2569515098275907,4.33253744878,-151.843266312,-25.306426965,0,0.2313213327408648,-0.11292560257939441,20220120-122427
1642678257.7,13.700000047683716,2,685,1,1,-0.1712445194196867,0.5187677145,-0.2503894112162342,8.04378193577,-150.464338463,-25.6648261918,0,0.2313213327408648,-0.11292560257939441,20220120-122427
1642678257.72,13.72000002861023,2,686,1,1,-0.1620471339543879,0.5234176814555,-0.2405943125535617,8.57534206461,-149.1064314255,-26.93428886185,0,0.2313213327408648,-0.11292560257939441,20220120-122427
1642678257.74,13.740000009536743,2,687,1,1,-0.155207809093718,0.5241464674475,-0.2340959312604726,7.87412471487,-147.7278164915,-27.64089309715,0,0.2313213327408648,-0.11292560257939441,20220120-122427
1642678257.76,13.759999990463257,2,688,1,1,-0.1445037557538131,0.52210432291,-0.2239214748758067,7.38424078943,-143.019442718,-25.9751193165,0,0.2313213327408648,-0.11292560257939441,20220120-122427
1642678257.78,13.77999997138977,2,689,1,1,-0.1383603635847823,0.518907368183,-0.2186659916939057,5.4461855561,-139.570671816,-27.764451049,0,0.2313213327408648,-0.11292560257939441,20220120-122427
1642678257.8,13.799999952316284,2,690,1,1,-0.1321469262941163,0.517777323723,-0.2124372650660404,5.04942534241,-136.319188728,-27.93712893,0,0.2313213327408648,-0.11292560257939441,20220120-122427
1642678257.82,13.819999933242798,2,691,1,1,-0.1227519914287114,0.5229930281640001,-0.2052330019300859,6.513494806855,-133.6061958345,-22.5241391258,0,0.2313213327408648,-0.11292560257939441,20220120-122427
1642678257.84,13.839999914169312,2,692,1,1,-0.1157131215151028,0.528581112623,-0.2018626678919823,5.768657801615,-131.993946548,-19.8009472602,0,0.2313213327408648,-0.11292560257939441,20220120-122427
1642678257.86,13.859999895095825,2,693,1,1,-0.1045324630120435,0.535852015018,-0.196613084948894,4.63825092742,-129.155865239,-20.9122830749,0,0.2313213327408648,-0.11292560257939441,20220120-122427
1642678257.88,13.880000114440918,2,694,1,1,-0.0965330485912381,0.538517773151,-0.192275915773299,3.4518355911,-128.078223206,-23.8302349954,0,0.2313213327408648,-0.11292560257939441,20220120-122427
1642678257.9,13.900000095367432,2,695,1,1,-0.0888262423577374,0.538695216179,-0.187329514336284,3.70003508268,-126.392389932,-26.8672100439,0,0.2313213327408648,-0.11292560257939441,20220120-122427
1642678257.92,13.920000076293945,2,696,1,1,-0.0761187717523881,0.5366974472999999,-0.1797797231001318,2.31285915295,-125.244337289,-26.70582898645,0,0.2313213327408648,-0.11292560257939441,20220120-122427
1642678257.94,13.940000057220459,2,697,1,1,-0.0685500757052871,0.5332079529764999,-0.1747070959243921,2.695664130905,-124.8103647105,-27.68398553775,0,0.2313213327408648,-0.11292560257939441,20220120-122427
1642678257.96,13.960000038146973,2,698,1,1,-0.0566199259200701,0.524843215942,-0.1686625433657572,0.621979973457,-125.024947652,-30.433102805,0,0.2313213327408648,-0.11292560257939441,20220120-122427
1642678257.98,13.980000019073486,2,699,1,1,-0.0498243103652744,0.519284307957,-0.1646073833784836,1.86355364063,-124.128484722,-35.0047903245,0,0.2313213327408648,-0.11292560257939441,20220120-122427
1642678258.0,14.0,2,700,1,1,-0.0413516006646213,0.516329348087,-0.1604108353289773,1.49951623391,-123.522719175,-35.3860597891,0,0.2313213327408648,-0.11292560257939441,20220120-122427
1642678258.02,14.019999980926514,2,701,1,1,-0.0298043783119704,0.513590306044,-0.1517774942239205,2.13802208779,-124.119272546,-35.79884710735,0,0.2313213327408648,-0.11292560257939441,20220120-122427
1642678258.04,14.039999961853027,2,702,1,1,-0.0225683831296226,0.511722892523,-0.1454809730177502,2.52881234985,-124.724490379,-36.35599920055,0,0.2313213327408648,-0.11292560257939441,20220120-122427
1642678258.06,14.059999942779541,2,703,1,1,-0.0126848646547646,0.508462131023,-0.1350960598700576,5.26767651029,-125.492762384,-35.4226321247,0,0.2313213327408648,-0.11292560257939441,20220120-122427
1642678258.08,14.079999923706055,2,704,1,1,-0.0052990456342885,0.506790935993,-0.1302266176129726,6.14915229408,-126.121131652,-30.221698855,0,0.2313213327408648,-0.11292560257939441,20220120-122427
1642678258.1,14.099999904632568,2,705,1,1,-0.0002255621589563,0.503802001476,-0.1258966084662001,9.56192675454,-126.087131353,-25.948121027,0,0.2313213327408648,-0.11292560257939441,20220120-122427
1642678258.12,14.119999885559082,2,706,1,1,0.0080483601917932,0.4975487589835,-0.1180768056561415,12.9657380972,-126.479170913,-20.76292113805,0,0.2313213327408648,-0.11292560257939441,20220120-122427
1642678258.14,14.140000104904175,2,707,1,1,0.0145234919264996,0.495431676507,-0.1116737023224149,15.18468102245,-127.9562339055,-18.5704083205,1,0.2313213327408648,-0.11292560257939441,20220120-122427
1642678258.16,14.160000085830688,2,708,1,1,0.0247582594293258,0.495737463236,-0.1017551244130509,17.5325153909,-128.057387558,-17.3861605519,1,0.2313213327408648,-0.11292560257939441,20220120-122427
1642678258.18,14.180000066757202,2,709,1,1,0.0337858352144641,0.499141722918,-0.0972323601265644,12.1634638942,-126.62194043,-16.4433309153,1,0.2313213327408648,-0.11292560257939441,20220120-122427
1642678258.2,14.200000047683716,2,710,1,1,0.0419985589199682,0.503056883812,-0.0919785901469246,9.41151553072,-124.438556071,-15.8137182291,1,0.2313213327408648,-0.11292560257939441,20220120-122427
1642678258.22,14.22000002861023,2,711,1,1,0.0543002678091069,0.509431809187,-0.0845575413263039,8.642396139315,-122.540853632,-17.1971194186,1,0.2313213327408648,-0.11292560257939441,20220120-122427
1642678258.24,14.240000009536743,2,712,1,1,0.0632385186411783,0.5104537904265001,-0.0799448590914635,7.061018275044999,-121.777849817,-21.58136427485,1,0.2313213327408648,-0.11292560257939441,20220120-122427
1642678258.26,14.259999990463257,2,713,1,1,0.0765764087074879,0.507732152939,-0.0715433488968413,5.40937738487,-120.410058914,-26.7981587916,1,0.2313213327408648,-0.11292560257939441,20220120-122427
1642678258.28,14.27999997138977,2,714,1,1,0.0861794288035973,0.504616260529,-0.0671309751247907,1.82869677736,-119.767102364,-28.597524459,1,0.2313213327408648,-0.11292560257939441,20220120-122427
1642678258.3,14.299999952316284,2,715,1,1,0.0944567072650553,0.501103937626,-0.0619190536204142,1.62374681968,-119.301603841,-31.6830864708,1,0.2313213327408648,-0.11292560257939441,20220120-122427
1642678258.32,14.319999933242798,2,716,1,1,0.1059395483469223,0.50003837049,-0.055588894238608,1.73776749516,-119.94435353,-32.27319130665,1,0.2313213327408648,-0.11292560257939441,20220120-122427
1642678258.34,14.339999914169312,2,717,1,1,0.1121622053062757,0.5013734996320001,-0.0514584986461453,2.5743584910650004,-120.6702331095,-29.9544564489,1,0.2313213327408648,-0.11292560257939441,20220120-122427
1642678258.36,14.359999895095825,2,718,1,1,0.1201152928369237,0.50624114275,-0.0454759106312391,4.33163848934,-121.017474514,-23.9987384473,1,0.2313213327408648,-0.11292560257939441,20220120-122427
1642678258.38,14.380000114440918,2,719,1,1,0.124704022267475,0.510100066662,-0.0418157049681798,6.34377137592,-120.936422916,-20.1739291656,1,0.2313213327408648,-0.11292560257939441,20220120-122427
1642678258.4,14.400000095367432,2,720,1,1,0.1296590744506057,0.513923048973,-0.0378977015052471,8.05293426372,-121.249392703,-17.4974233793,1,0.2313213327408648,-0.11292560257939441,20220120-122427
1642678258.42,14.420000076293945,2,721,1,1,0.1385836930104318,0.516729325056,-0.0318951816379411,8.937878660239999,-121.5158111975,-15.46090373025,1,0.2313213327408648,-0.11292560257939441,20220120-122427
1642678258.44,14.440000057220459,2,722,1,1,0.1447593490582088,0.5161110162735001,-0.0272287555630353,9.00984342946,-120.951987046,-14.5617453067,1,0.2313213327408648,-0.11292560257939441,20220120-122427
1642678258.46,14.460000038146973,2,723,1,1,0.154711741143373,0.513194799423,-0.0205274937989543,7.1425745447,-119.280264028,-13.9392912428,1,0.2313213327408648,-0.11292560257939441,20220120-122427
1642678258.48,14.480000019073486,2,724,1,1,0.1603655411019478,0.511897623539,-0.0156271614643265,6.98350465362,-119.874883076,-15.4449753882,1,0.2313213327408648,-0.11292560257939441,20220120-122427
1642678258.5,14.5,2,725,1,1,0.1654897484660172,0.513482868671,-0.0110559077041355,7.48930722227,-120.310614741,-13.6265249903,1,0.2313213327408648,-0.11292560257939441,20220120-122427
1642678258.52,14.519999980926514,2,726,1,1,0.1737732895574808,0.5185371935365,-0.0064430653557859,5.630262470275,-119.130590663,-9.588806717425,1,0.2313213327408648,-0.11292560257939441,20220120-122427
1642678258.54,14.539999961853027,2,727,1,1,0.1791004034861085,0.5214971899984999,-0.0036504990397374,4.589510063965,-117.5410794885,-8.43821035331,1,0.2313213327408648,-0.11292560257939441,20220120-122427
1642678258.56,14.559999942779541,2,728,1,1,0.187252722811633,0.526040196419,5.888217422199416e-05,2.50384340202,-115.640882552,-7.05350201166,1,0.2313213327408648,-0.11292560257939441,20220120-122427
1642678258.58,14.579999923706055,2,729,1,1,0.1924337251312494,0.528615355492,0.0024167367726073,2.1646680044,-114.624669463,-6.74274865438,1,0.2313213327408648,-0.11292560257939441,20220120-122427
1642678258.6,14.599999904632568,2,730,1,1,0.1978944440613801,0.530146062374,0.0042599277354346,0.71605393849,-114.220945407,-6.72191730449,1,0.2313213327408648,-0.11292560257939441,20220120-122427
1642678258.62,14.619999885559082,2,731,1,1,0.206230110650689,0.5302593410015,0.0084609633914663,2.8352473113850003,-114.4550712855,-7.51185293252,1,0.2313213327408648,-0.11292560257939441,20220120-122427
1642678258.64,14.640000104904175,2,732,1,1,0.2112004992748753,0.5297581255435,0.0107877803221255,3.791630744065,-114.4533197195,-8.313092345585,1,0.2313213327408648,-0.11292560257939441,20220120-122427
1642678258.66,14.660000085830688,2,733,1,1,0.2171159196648853,0.53048402071,0.0130582129020388,4.36914204971,-113.611095472,-7.78422692516,1,0.2313213327408648,-0.11292560257939441,20220120-122427
1642678258.68,14.680000066757202,2,734,1,1,0.2201642394368751,0.532333910465,0.011442485661943,3.93005280967,-111.250567024,-6.48003347746,1,0.2313213327408648,-0.11292560257939441,20220120-122427
1642678258.7,14.700000047683716,2,735,1,1,0.2221826829484197,0.535275816917,0.0101591781433803,6.04864576029,-109.313243696,-3.68449219018,1,0.2313213327408648,-0.11292560257939441,20220120-122427
1642678258.72,14.72000002861023,2,736,1,1,0.2239923381846833,0.5405444800854999,0.0068347593738751,6.534466614865,-108.072119591,-1.980364052825,1,0.2313213327408648,-0.11292560257939441,20220120-122427
1642678258.74,14.740000009536743,2,737,1,1,0.224665394126912,0.5443292558195,0.0049866989072708,7.369556589315,-107.6826539465,-0.9938779024625,1,0.2313213327408648,-0.11292560257939441,20220120-122427
1642678258.76,14.759999990463257,2,738,1,1,0.2253703729267074,0.550420999527,0.001919426326928,7.32055247516,-107.837083841,1.15160065102,1,0.2313213327408648,-0.11292560257939441,20220120-122427
1642678258.78,14.77999997138977,2,739,1,1,0.2250314519136592,0.554320991039,-1.0051954983061884e-05,7.19835440551,-107.715810267,3.52766196056,1,0.2313213327408648,-0.11292560257939441,20220120-122427
1642678258.8,14.799999952316284,2,740,1,1,0.2240627337405999,0.558182120323,-0.0015715948963493,7.62961765333,-107.275166664,5.63266335069,1,0.2313213327408648,-0.11292560257939441,20220120-122427
1642678258.82,14.819999933242798,2,741,1,1,0.221076847122349,0.5646169483665,-0.0054931274909557,6.23264846429,-104.8325937005,8.72515848679,1,0.2313213327408648,-0.11292560257939441,20220120-122427
1642678258.84,14.839999914169312,2,742,1,1,0.2188634751544135,0.569653093815,-0.0080316638708801,5.47080393255,-103.389055051,11.1154161758,1,0.2313213327408648,-0.11292560257939441,20220120-122427
1642678258.86,14.859999895095825,2,743,1,1,0.2173696740049543,0.577592372894,-0.010822382829022,5.91567544968,-101.425035314,13.0773087856,1,0.2313213327408648,-0.11292560257939441,20220120-122427
1642678258.88,14.880000114440918,2,744,1,1,0.2168492016070406,0.583079576492,-0.0126428301996097,6.88177926655,-98.9738310081,12.0609909109,1,0.2313213327408648,-0.11292560257939441,20220120-122427
1642678258.9,14.900000095367432,2,745,1,1,0.2160736187061911,0.589177846909,-0.0144336162096371,6.90744086124,-97.1460678142,10.8313991082,1,0.2313213327408648,-0.11292560257939441,20220120-122427
1642678258.92,14.920000076293945,2,746,1,1,0.2139787037592721,0.5985870063305,-0.0189925145929705,6.97061926834,-92.80009136175,10.04790947394,1,0.2313213327408648,-0.11292560257939441,20220120-122427
1642678258.94,14.940000057220459,2,747,1,1,0.2112583913210653,0.6052829027175,-0.022339274857284,7.39307869499,-89.79733369934999,10.91442015195,1,0.2313213327408648,-0.11292560257939441,20220120-122427
1642678258.96,14.960000038146973,2,748,1,1,0.2063701364898519,0.615998029709,-0.0267109982787632,8.2596144454,-87.4384720935,13.4665467371,1,0.2313213327408648,-0.11292560257939441,20220120-122427
1642678258.98,14.980000019073486,2,749,1,1,0.2027719068824018,0.622923076153,-0.0289096588775739,8.23446877197,-87.6172580436,14.5490261622,1,0.2313213327408648,-0.11292560257939441,20220120-122427
1642678259.0,15.0,2,750,1,1,0.1996617929297872,0.630123257637,-0.0307995780836186,7.84717993057,-87.6058171011,16.0194895527,1,0.2313213327408648,-0.11292560257939441,20220120-122427
1642678259.02,15.019999980926514,2,751,1,1,0.1963068650657483,0.6394852697844999,-0.0329219539124567,7.49064933137,-86.3806260321,15.00771760405,1,0.2313213327408648,-0.11292560257939441,20220120-122427
1642678259.04,15.039999961853027,2,752,1,1,0.1947241830253805,0.6441541612145,-0.0343085284249472,6.513644572825,-85.6811677403,13.1142958079,1,0.2313213327408648,-0.11292560257939441,20220120-122427
1642678259.06,15.059999942779541,2,753,1,1,0.1922760074276393,0.650559186935,-0.0367202785493018,6.99315875406,-85.6386841334,12.8800583966,1,0.2313213327408648,-0.11292560257939441,20220120-122427
1642678259.08,15.079999923706055,2,754,1,1,0.1896423378082,0.654181063175,-0.0392494486378482,6.43310237311,-85.7272987198,13.2788239094,1,0.2313213327408648,-0.11292560257939441,20220120-122427
1642678259.1,15.099999904632568,2,755,1,1,0.1870012438761421,0.65765017271,-0.0418671432631676,6.80288791126,-86.0580209952,15.3136570704,1,0.2313213327408648,-0.11292560257939441,20220120-122427
1642678259.12,15.119999885559082,2,756,1,1,0.1828914110624376,0.661827504635,-0.0454953487730752,7.676062376715,-85.99849985590001,17.81937333415,1,0.2313213327408648,-0.11292560257939441,20220120-122427
1642678259.14,15.140000104904175,2,757,1,1,0.1805341032535878,0.6642833948135001,-0.047492859727079,7.971912039005,-86.5221420173,19.98677246365,1,0.2313213327408648,-0.11292560257939441,20220120-122427
1642678259.16,15.160000085830688,2,758,1,1,0.1770751270378159,0.666414141655,-0.0498686733825333,7.8599874655,-86.8978919339,19.9020912402,1,0.2313213327408648,-0.11292560257939441,20220120-122427
1642678259.18,15.180000066757202,2,759,1,1,0.1753838487552085,0.667649328709,-0.0512354203997602,7.62304566877,-87.0089019788,20.4447638952,1,0.2313213327408648,-0.11292560257939441,20220120-122427
1642678259.2,15.200000047683716,2,760,1,1,0.1741291575414431,0.66810965538,-0.0528221693259305,7.69086831688,-86.1519904445,19.7712539419,1,0.2313213327408648,-0.11292560257939441,20220120-122427
1642678259.22,15.22000002861023,2,761,1,1,0.1729283963383861,0.6666195094584999,-0.0563255111632127,9.30896181878,-82.2098208994,15.37121805125,1,0.2313213327408648,-0.11292560257939441,20220120-122427
1642678259.24,15.240000009536743,2,762,1,1,0.1721598780953357,0.664499491453,-0.0585578609848227,9.195358188335,-79.3560650599,11.74468094029,1,0.2313213327408648,-0.11292560257939441,20220120-122427
1642678259.26,15.259999990463257,2,763,1,1,0.1707653893582564,0.660072386265,-0.0606792547411826,9.65326266121,-76.3214012678,6.48344105601,1,0.2313213327408648,-0.11292560257939441,20220120-122427
1642678259.28,15.27999997138977,2,764,1,1,0.169956941213416,0.656432449818,-0.0629576495764151,8.25303352607,-74.1121333134,3.83306284046,1,0.2313213327408648,-0.11292560257939441,20220120-122427
1642678259.3,15.299999952316284,2,765,1,1,0.1689680952855051,0.651977002621,-0.0650006227462074,8.77025467437,-70.2478331858,1.11175479873,1,0.2313213327408648,-0.11292560257939441,20220120-122427
1642678259.32,15.319999933242798,2,766,1,1,0.1660985644335335,0.6445275247095,-0.0696977989961597,6.671609386785,-62.47688195124999,-1.634709905018,1,0.2313213327408648,-0.11292560257939441,20220120-122427
1642678259.34,15.339999914169312,2,767,1,1,0.1638693021991356,0.63916605711,-0.0729349400257799,4.699636848295,-58.5409413051,-3.590625868995,1,0.2313213327408648,-0.11292560257939441,20220120-122427
1642678259.36,15.359999895095825,2,768,1,1,0.1615307003469333,0.631756663322,-0.0784129120126243,4.86238827037,-55.8642730558,-4.5131938393,0,0.2313213327408648,-0.11292560257939441,20220120-122427
1642678259.38,15.380000114440918,2,769,1,1,0.1593094177748,0.62628442049,-0.0826834243805927,5.65387257824,-55.2109602354,-7.06607726201,0,0.2313213327408648,-0.11292560257939441,20220120-122427
1642678259.4,15.400000095367432,2,770,1,1,0.156836300570896,0.620492696762,-0.0875525850227305,6.81316520838,-53.7894683908,-8.97808057024,0,0.2313213327408648,-0.11292560257939441,20220120-122427
1642678259.42,15.420000076293945,2,771,1,1,0.1496197428837528,0.611860871315,-0.0949031046026151,6.01018891355,-49.1048206944,-14.533437565300002,0,0.2313213327408648,-0.11292560257939441,20220120-122427
1642678259.44,15.440000057220459,2,772,1,1,0.1442759737039101,0.6061684191225001,-0.0997644691892438,5.936189777605,-45.478645501,-17.41904557415,0,0.2313213327408648,-0.11292560257939441,20220120-122427
1642678259.46,15.460000038146973,2,773,1,1,0.1361628287714649,0.597181499004,-0.1072143207752937,7.25000431832,-39.2618102423,-20.9570906717,0,0.2313213327408648,-0.11292560257939441,20220120-122427
1642678259.48,15.480000019073486,2,774,1,1,0.1298696311019712,0.592375040054,-0.1133514031170497,8.76851209037,-32.430652553,-21.0951506469,0,0.2313213327408648,-0.11292560257939441,20220120-122427
1642678259.5,15.5,2,775,1,1,0.1217479394617431,0.587941348553,-0.1188580831402987,8.22925139929,-25.2389311368,-23.2390151827,0,0.2313213327408648,-0.11292560257939441,20220120-122427
1642678259.52,15.519999980926514,2,776,1,1,0.1087896586311694,0.5831701159480001,-0.1284112429689003,7.1166305021,-12.31073250496,-23.0489457738,0,0.2313213327408648,-0.11292560257939441,20220120-122427
1642678259.54,15.539999961853027,2,777,1,1,0.0996976887230765,0.5808216929435,-0.1333508219479223,6.331692429049999,-5.2522221708200005,-23.63036718315,0,0.2313213327408648,-0.11292560257939441,20220120-122427
1642678259.56,15.559999942779541,2,778,1,1,0.0853606747195691,0.580226659775,-0.1380973640034168,3.8040650597,1.00892767835,-22.878282618,0,0.2313213327408648,-0.11292560257939441,20220120-122427
1642678259.58,15.579999923706055,2,779,1,1,0.0783581463493995,0.582583606243,-0.1400604032031416,5.35794232367,2.8187091992,-18.6544248592,0,0.2313213327408648,-0.11292560257939441,20220120-122427
1642678259.6,15.599999904632568,2,780,1,1,0.0725391830759433,0.586119234562,-0.1395036589661092,6.64096283442,3.76503917006,-16.7892040517,0,0.2313213327408648,-0.11292560257939441,20220120-122427
1642678259.62,15.619999885559082,2,781,1,1,0.0657184461515662,0.5938105285165001,-0.1396018115494782,9.03569930974,4.46497482596,-11.55461751286,0,0.2313213327408648,-0.11292560257939441,20220120-122427
1642678259.64,15.640000104904175,2,782,1,1,0.0616792770876066,0.6002268493175,-0.13927035558181,10.1535224786,5.25737207771,-7.1780885131,0,0.2313213327408648,-0.11292560257939441,20220120-122427
1642678259.66,15.660000085830688,2,783,1,1,0.0562829993579629,0.609205782413,-0.1363378474252062,9.57261149758,6.58009490156,-5.4812687996,0,0.2313213327408648,-0.11292560257939441,20220120-122427
1642678259.68,15.680000066757202,2,784,1,1,0.0523854387469203,0.614603757858,-0.1340750550244187,7.85566178983,7.66416726738,-6.49223571496,0,0.2313213327408648,-0.11292560257939441,20220120-122427
1642678259.7,15.700000047683716,2,785,1,1,0.0499742838612602,0.620538055897,-0.1338988665947942,9.51592974952,7.58877812891,-4.23344674748,0,0.2313213327408648,-0.11292560257939441,20220120-122427
1642678259.72,15.72000002861023,2,786,1,1,0.0462435521976385,0.628186941147,-0.1335543066687535,10.11891111801,7.839658132229999,-3.87038174687,0,0.2313213327408648,-0.11292560257939441,20220120-122427
1642678259.74,15.740000009536743,2,787,1,1,0.0444726747252455,0.632392525673,-0.1333844951946229,9.83912488295,7.36184066498,-4.44402962162,0,0.2313213327408648,-0.11292560257939441,20220120-122427
1642678259.76,15.759999990463257,2,788,1,1,0.0431830261592784,0.6369997859,-0.1330157412878634,9.31175207403,5.81563220694,-6.68890722047,1,0.2313213327408648,-0.11292560257939441,20220120-122427
1642678259.78,15.77999997138977,2,789,1,1,0.0418177376713267,0.639957726002,-0.1313815703541209,7.55299130836,5.60972889425,-7.75277754783,1,0.2313213327408648,-0.11292560257939441,20220120-122427
1642678259.8,15.799999952316284,2,790,1,1,0.0414887330394239,0.64447593689,-0.1315793500030021,9.12814714491,4.48197312109,-2.08983344362,1,0.2313213327408648,-0.11292560257939441,20220120-122427
1642678259.82,15.819999933242798,2,791,1,1,0.0403328214322185,0.6485658288,-0.1285352294078849,8.594399684515,3.86296958442,-2.683246681605,1,0.2313213327408648,-0.11292560257939441,20220120-122427
1642678259.84,15.839999914169312,2,792,1,1,0.039776555513997,0.6515671908855001,-0.1275680523462418,9.011584881145,3.43767427391,-1.1644026384725,1,0.2313213327408648,-0.11292560257939441,20220120-122427
1642678259.86,15.859999895095825,2,793,1,1,0.0395605505537304,0.654674708843,-0.1258401185625952,9.31900682019,3.50771820241,-1.87796510558,1,0.2313213327408648,-0.11292560257939441,20220120-122427
1642678259.88,15.880000114440918,2,794,1,1,0.0398128591890268,0.656836569309,-0.1254300134380974,9.14153768174,3.64188373125,-1.73990232722,1,0.2313213327408648,-0.11292560257939441,20220120-122427
1642678259.9,15.900000095367432,2,795,1,1,0.0401463973428826,0.658570349216,-0.1249708325257188,8.78252832512,3.45470114798,-1.47252774788,1,0.2313213327408648,-0.11292560257939441,20220120-122427
1642678259.92,15.920000076293945,2,796,1,1,0.0407607728535633,0.6604891717435,-0.1231840456864799,8.21215271044,2.53702318719,-2.006531478275,1,0.2313213327408648,-0.11292560257939441,20220120-122427
1642678259.94,15.940000057220459,2,797,1,1,0.0411432942502281,0.6620217561725,-0.1218888929868074,8.544005900535,1.89566819493,-1.3652665067895,1,0.2313213327408648,-0.11292560257939441,20220120-122427
1642678259.96,15.960000038146973,2,798,1,1,0.0412148612692522,0.664103984833,-0.1188927951394843,8.34365148069,1.46673376664,-0.913451724023,1,0.2313213327408648,-0.11292560257939441,20220120-122427
1642678259.98,15.980000019073486,2,799,1,1,0.0410936287197752,0.666019201279,-0.1174932607953029,8.57492085204,0.95583008205,1.79771774161,1,0.2313213327408648,-0.11292560257939441,20220120-122427
1642678260.0,16.0,2,800,1,1,0.0411809460017942,0.667223572731,-0.1156371198280249,9.55937140385,1.1851990071,2.69046126207,1,0.2313213327408648,-0.11292560257939441,20220120-122427
1642678260.02,16.019999980926514,2,801,1,1,0.0413918842543715,0.668661922216,-0.1141713620061729,10.0651217135,1.2503026031050002,3.944718943235,1,0.2313213327408648,-0.11292560257939441,20220120-122427
1642678260.04,16.039999961853027,2,802,1,1,0.041723061025576,0.6687864065169999,-0.1134345031330912,9.72531859416,1.329250419665,3.1316332705,1,0.2313213327408648,-0.11292560257939441,20220120-122427
1642678260.06,16.05999994277954,2,803,1,1,0.0420489193754478,0.668076515198,-0.1129703215819738,7.96427747363,1.45851305097,0.713896631952,1,0.2313213327408648,-0.11292560257939441,20220120-122427
1642678260.08,16.079999923706055,2,804,1,1,0.0423933890031314,0.667440235615,-0.1129786174054978,7.67571435182,1.60807090836,-1.02267619213,1,0.2313213327408648,-0.11292560257939441,20220120-122427
1642678260.1,16.09999990463257,2,805,1,1,0.0429491743764482,0.666822075844,-0.1134175294448865,8.20112858794,1.46167629432,-1.37639914744,1,0.2313213327408648,-0.11292560257939441,20220120-122427
1642678260.12,16.119999885559082,2,806,1,1,0.0432342865065131,0.6653352081774999,-0.1134476560917081,7.716323463745001,1.79566089043,-3.487763995165,1,0.2313213327408648,-0.11292560257939441,20220120-122427
1642678260.14,16.140000104904175,2,807,1,1,0.0436347837481702,0.664581924677,-0.1136118707506275,7.98000173396,1.819094104865,-4.077474608925,1,0.2313213327408648,-0.11292560257939441,20220120-122427
1642678260.16,16.16000008583069,2,808,1,1,0.0442566995777488,0.663918614388,-0.1139280160022414,7.98360682512,1.68983241849,-4.36592723446,1,0.2313213327408648,-0.11292560257939441,20220120-122427
1642678260.18,16.180000066757202,2,809,1,1,0.0450662343510658,0.663678884506,-0.1143279838116921,8.70193241249,1.64955279045,-3.9722936531,1,0.2313213327408648,-0.11292560257939441,20220120-122427
1642678260.2,16.200000047683716,2,810,1,1,0.0454294917360366,0.663051605225,-0.1135761461525912,7.93320924936,1.48009157768,-5.34833615498,1,0.2313213327408648,-0.11292560257939441,20220120-122427
1642678260.22,16.22000002861023,2,811,1,1,0.0468086777228627,0.6637300550934999,-0.1135433010425231,8.21232114352,0.5458529620970001,-3.122750200135,1,0.2313213327408648,-0.11292560257939441,20220120-122427
1642678260.24,16.240000009536743,2,812,1,1,0.04785381975487,0.6640534996984999,-0.1127857598239208,7.933760388205,-0.4138861940514999,-2.48889264055,1,0.2313213327408648,-0.11292560257939441,20220120-122427
1642678260.26,16.259999990463257,2,813,1,1,0.0496727062359455,0.664493143559,-0.1111173241265729,8.01312745848,-2.13021971482,-2.36158773857,1,0.2313213327408648,-0.11292560257939441,20220120-122427
1642678260.28,16.27999997138977,2,814,1,1,0.0506629617787322,0.665341496468,-0.1103347559198049,8.06335927748,-2.98162479721,-0.966762785632,1,0.2313213327408648,-0.11292560257939441,20220120-122427
1642678260.3,16.299999952316284,2,815,1,1,0.0518297633519805,0.66702747345,-0.1089923549603694,7.5261178743,-4.46436511679,2.05970489832,1,0.2313213327408648,-0.11292560257939441,20220120-122427
1642678260.32,16.319999933242798,2,816,1,1,0.054012900743004,0.6704322099685001,-0.1055606898033066,6.993949814545,-8.0670498347,6.0208938807950005,1,0.2313213327408648,-0.11292560257939441,20220120-122427
1642678260.34,16.33999991416931,2,817,1,1,0.0554474443180407,0.672924429178,-0.1032289028241919,6.874160527805,-10.682960838445,7.714188482965,1,0.2313213327408648,-0.11292560257939441,20220120-122427
1642678260.36,16.359999895095825,2,818,1,1,0.0575400016030761,0.676617205143,-0.100405127777393,6.50536761122,-13.8330231795,9.04273636436,1,0.2313213327408648,-0.11292560257939441,20220120-122427
1642678260.38,16.380000114440918,2,819,1,1,0.0587279544273499,0.678904533386,-0.0988675287958592,5.6571682422,-14.8839206203,8.28380176279,1,0.2313213327408648,-0.11292560257939441,20220120-122427
1642678260.4,16.40000009536743,2,820,1,1,0.0602146911997213,0.681494057178,-0.097628421721447,5.85776518286,-16.3535440374,9.06374397207,1,0.2313213327408648,-0.11292560257939441,20220120-122427
1642678260.42,16.420000076293945,2,821,1,1,0.0614873669302985,0.6855725944040001,-0.0955970150594348,5.38818348656,-18.45543828005,10.179753081915,1,0.2313213327408648,-0.11292560257939441,20220120-122427
1642678260.44,16.44000005722046,2,822,1,1,0.061953673010884,0.6885687708855,-0.0940993765021134,5.49695530381,-19.6676244515,11.3415329368,1,0.2313213327408648,-0.11292560257939441,20220120-122427
1642678260.46,16.460000038146973,2,823,1,1,0.0618197714768158,0.693181276321,-0.0918075886692236,5.96458076068,-20.7254932805,13.7954372754,1,0.2313213327408648,-0.11292560257939441,20220120-122427
1642678260.48,16.480000019073486,2,824,1,1,0.0611307487621199,0.695869505405,-0.0905149694424958,6.95871829974,-20.8562987068,15.556499426,1,0.2313213327408648,-0.11292560257939441,20220120-122427
1642678260.5,16.5,2,825,1,1,0.0605231032659302,0.697403728962,-0.0895330339364413,7.79781768908,-20.5342573436,16.8041999346,1,0.2313213327408648,-0.11292560257939441,20220120-122427
1642678260.52,16.519999980926514,2,826,1,1,0.0614650495751513,0.6970142722129999,-0.0883116322188919,8.230976972274998,-20.4231184398,15.9681539642,1,0.2313213327408648,-0.11292560257939441,20220120-122427
1642678260.54,16.539999961853027,2,827,1,1,0.0633880448329573,0.6961781084534999,-0.0875942934395393,7.221695099214999,-21.2518369064,14.84788350095,1,0.2313213327408648,-0.11292560257939441,20220120-122427
1642678260.56,16.55999994277954,2,828,1,1,0.0669518566837271,0.694219470024,-0.0863946768031962,4.87651678312,-23.3276988652,12.8546811563,1,0.2313213327408648,-0.11292560257939441,20220120-122427
1642678260.58,16.579999923706055,2,829,1,1,0.0694549002400533,0.692516565323,-0.0855165712273517,4.52959001191,-24.6476224609,11.1409831045,1,0.2313213327408648,-0.11292560257939441,20220120-122427
1642678260.6,16.59999990463257,2,830,1,1,0.072344000014451,0.690973639488,-0.0842125494482836,3.97278703771,-26.5639435715,9.85630567435,1,0.2313213327408648,-0.11292560257939441,20220120-122427
1642678260.62,16.619999885559082,2,831,1,1,0.076417051582086,0.6896837949755,-0.0810366465153781,3.40027270619,-30.7760034071,10.220655246185,1,0.2313213327408648,-0.11292560257939441,20220120-122427
1642678260.64,16.640000104904175,2,832,1,1,0.0788801520923564,0.6895451545715,-0.0780983987299422,3.45138193802,-33.94947865715,11.2255862689,1,0.2313213327408648,-0.11292560257939441,20220120-122427
1642678260.66,16.66000008583069,2,833,1,1,0.0821449297562353,0.689320087433,-0.0729383700372461,1.87298730794,-38.2851928619,10.9013711179,1,0.2313213327408648,-0.11292560257939441,20220120-122427
1642678260.68,16.680000066757202,2,834,1,1,0.08513957655221,0.688524365425,-0.0690509648587177,0.297771896354,-42.154147403,9.52131184975,1,0.2313213327408648,-0.11292560257939441,20220120-122427
1642678260.7,16.700000047683716,2,835,1,1,0.0886508924298539,0.68724745512,-0.0647603746379561,-1.01384178114,-47.4964862594,7.51558061714,1,0.2313213327408648,-0.11292560257939441,20220120-122427
1642678260.72,16.72000002861023,2,836,1,1,0.0947278635169946,0.684543251991,-0.0579488042917113,-2.016368124795,-56.67833655925,4.153786912599999,1,0.2313213327408648,-0.11292560257939441,20220120-122427
1642678260.74,16.740000009536743,2,837,1,1,0.0987709591791764,0.682554721832,-0.0543391468407297,-2.84966563754,-61.05666546565,2.19768832503,1,0.2313213327408648,-0.11292560257939441,20220120-122427
1642678260.76,16.759999990463257,2,838,1,1,0.104741452916918,0.679248392582,-0.0510173604023462,-2.87432811077,-64.1953386067,0.0293351354886,1,0.2313213327408648,-0.11292560257939441,20220120-122427
1642678260.78,16.77999997138977,2,839,1,1,0.1075112068634587,0.676850616932,-0.0498979849412571,-3.42778899245,-65.0634530947,-1.31402337502,1,0.2313213327408648,-0.11292560257939441,20220120-122427
1642678260.8,16.799999952316284,2,840,1,1,0.1098642622363983,0.675487458706,-0.048832211192674,-2.41262619487,-66.1268324667,0.769383741364,1,0.2313213327408648,-0.11292560257939441,20220120-122427
1642678260.82,16.819999933242798,2,841,1,1,0.1107563206570173,0.6743787527085,-0.0475602293229021,-2.401512453605,-68.31152935930001,3.06828064592,1,0.2313213327408648,-0.11292560257939441,20220120-122427
1642678260.84,16.83999991416931,2,842,1,1,0.1108551049807335,0.673917680979,-0.0469501604629632,-2.06243672617,-69.3376219095,4.163474818775001,1,0.2313213327408648,-0.11292560257939441,20220120-122427
1642678260.86,16.859999895095825,2,843,1,1,0.1105615742982055,0.673312306404,-0.0457615585649203,-2.20613066854,-71.3653531634,3.77033372943,1,0.2313213327408648,-0.11292560257939441,20220120-122427
1642678260.88,16.880000114440918,2,844,1,1,0.1095566666462938,0.674154281616,-0.0442262533739585,-2.23655977853,-73.2551464795,5.33861828828,1,0.2313213327408648,-0.11292560257939441,20220120-122427
1642678260.9,16.90000009536743,2,845,1,1,0.1076090571616548,0.675957202911,-0.0422804016440703,-2.67056553164,-75.2591295075,7.32661092897,1,0.2313213327408648,-0.11292560257939441,20220120-122427
1642678260.92,16.920000076293945,2,846,1,1,0.1045246685411508,0.6798667311669999,-0.0400382485708082,-3.57104907978,-76.64939298855,10.524328443315,1,0.2313213327408648,-0.11292560257939441,20220120-122427
1642678260.94,16.94000005722046,2,847,1,1,0.102412264230808,0.6828733980655,-0.0388776027418856,-3.761109309495,-77.1641836381,12.3643872337,1,0.2313213327408648,-0.11292560257939441,20220120-122427
1642678260.96,16.960000038146973,2,848,1,1,0.0995877662794065,0.687402009964,-0.0370746734435288,-3.94472995811,-78.8015047873,13.8583260922,1,0.2313213327408648,-0.11292560257939441,20220120-122427
1642678260.98,16.980000019073486,2,849,1,1,0.0983163653992237,0.689889132977,-0.0356739107345962,-3.85796097131,-80.9950458956,13.4868079233,1,0.2313213327408648,-0.11292560257939441,20220120-122427
1642678261.0,17.0,2,850,1,1,0.0975708123075787,0.69188439846,-0.033661466053325,-3.1241156609,-83.9907695652,13.1882646033,1,0.2313213327408648,-0.11292560257939441,20220120-122427
1642678261.02,17.019999980926514,2,851,1,1,0.0959539812245331,0.6942424178119999,-0.0301814832712792,-2.907566264885,-88.0570690689,13.49886285745,1,0.2313213327408648,-0.11292560257939441,20220120-122427
1642678261.04,17.039999961853027,2,852,1,1,0.0938931864968297,0.696322530508,-0.0281386784592067,-3.31336280109,-89.34210277505,15.8152301272,1,0.2313213327408648,-0.11292560257939441,20220120-122427
1642678261.06,17.05999994277954,2,853,1,1,0.0893055514387222,0.699751794338,-0.0256210572911608,-4.18599335016,-89.7946830267,21.5561088413,1,0.2313213327408648,-0.11292560257939441,20220120-122427
1642678261.08,17.079999923706055,2,854,1,1,0.0864873165700571,0.701266169548,-0.0241365113457516,-5.75783617946,-89.2919984885,23.6694390119,1,0.2313213327408648,-0.11292560257939441,20220120-122427
1642678261.1,17.09999990463257,2,855,1,1,0.085083920892462,0.702234089375,-0.0230569708007888,-6.9765375358,-89.3368929114,23.9217143922,1,0.2313213327408648,-0.11292560257939441,20220120-122427
1642678261.12,17.119999885559082,2,856,1,1,0.0850981563258907,0.7022232711315,-0.0216113123578233,-5.448980349039999,-90.8060197346,22.49998610425,1,0.2313213327408648,-0.11292560257939441,20220120-122427
1642678261.14,17.140000104904175,2,857,1,1,0.085789131804203,0.7016094326969999,-0.0210371709986987,-4.474491329615,-91.45538391065,20.7178117314,1,0.2313213327408648,-0.11292560257939441,20220120-122427
1642678261.14,0.0,3,0,1,0,0.085789131804203,0.7016094326969999,-0.0210371709986987,-4.474491329615,-91.45538391065,20.7178117314,1,0.2313213327408648,-0.11292560257939441,20220120-122427
1642678261.16,0.019999980926513672,3,1,1,0,0.0873750992569882,0.699674427509,-0.0207795708594895,-3.53521846834,-91.4204958072,16.9114459777,1,0.2313213327408648,-0.11292560257939441,20220120-122427
1642678261.18,0.039999961853027344,3,2,1,0,0.0886592973711448,0.698143899441,-0.0209424435962738,-3.08803686463,-90.805774217,14.7186956471,1,0.2313213327408648,-0.11292560257939441,20220120-122427
1642678261.2,0.059999942779541016,3,3,1,0,0.0900292543678446,0.69605588913,-0.0209911564876471,-2.68356773916,-90.2525896895,12.4795925025,1,0.2313213327408648,-0.11292560257939441,20220120-122427
1642678261.22,0.07999992370605469,3,4,1,0,0.0921845463619198,0.691999137402,-0.0214854293711435,-2.70530792016,-89.34847410825,9.29918200245,1,0.2313213327408648,-0.11292560257939441,20220120-122427
1642678261.24,0.09999990463256836,3,5,1,0,0.0937129210341758,0.688700169325,-0.022102115758451,-2.636283556455,-88.4013445999,7.289088637455,1,0.2313213327408648,-0.11292560257939441,20220120-122427
1642678261.26,0.11999988555908203,3,6,1,0,0.096015628089526,0.682140827179,-0.0237782127765889,-1.16212150249,-85.3431487373,3.31650308224,1,0.2313213327408648,-0.11292560257939441,20220120-122427
1642678261.28,0.1399998664855957,3,7,1,0,0.0974571756227127,0.67785847187,-0.0256695259141649,-0.819340103108,-82.2643226833,1.54176401539,1,0.2313213327408648,-0.11292560257939441,20220120-122427
1642678261.3,0.15999984741210938,3,8,1,0,0.0985906131161743,0.673115849495,-0.0290281434134949,-1.38534504489,-78.6503103466,-0.0444622810474,1,0.2313213327408648,-0.11292560257939441,20220120-122427
1642678261.32,0.17999982833862305,3,9,1,0,0.1003560537873877,0.662528276443,-0.0354022629691043,1.17170458028,-70.77248369399999,-3.67202245135,1,0.2313213327408648,-0.11292560257939441,20220120-122427
1642678261.34,0.19999980926513672,3,10,1,0,0.1007791484761791,0.653170019388,-0.0408214800515897,1.822510756635,-64.56964416285,-8.193915625965,1,0.2313213327408648,-0.11292560257939441,20220120-122427
1642678261.36,0.2199997901916504,3,11,1,0,0.1014326278985223,0.637942194939,-0.0500057001640805,1.86682598312,-55.279010467,-13.8096070022,1,0.2313213327408648,-0.11292560257939441,20220120-122427
1642678261.38,0.24000000953674316,3,12,1,0,0.1023014311350835,0.627479314804,-0.0565672011290732,2.27667624671,-49.558987155,-16.436733654,1,0.2313213327408648,-0.11292560257939441,20220120-122427
1642678261.4,0.25999999046325684,3,13,1,0,0.1023159753220036,0.615081071854,-0.0630380402734094,1.16543917244,-45.9375370972,-21.3891449438,1,0.2313213327408648,-0.11292560257939441,20220120-122427
1642678261.42,0.2799999713897705,3,14,1,0,0.1036098844369342,0.5941291451455,-0.0722056947614977,2.083997175405,-40.3075983031,-30.19960259385,1,0.2313213327408648,-0.11292560257939441,20220120-122427
1642678261.44,0.2999999523162842,3,15,1,0,0.1037471666017672,0.5804125368595,-0.0784215102884964,1.605004138605,-37.8698874779,-36.8435792458,1,0.2313213327408648,-0.11292560257939441,20220120-122427
1642678261.46,0.31999993324279785,3,16,1,0,0.1029951785470462,0.561142265797,-0.0865872977813941,0.188160344555,-36.3578009843,-46.994234019,1,0.2313213327408648,-0.11292560257939441,20220120-122427
1642678261.48,0.3399999141693115,3,17,1,0,0.1041005885874825,0.549909830093,-0.0921958881658028,0.233452012522,-34.7061271686,-50.0588857831,1,0.2313213327408648,-0.11292560257939441,20220120-122427
1642678261.5,0.3599998950958252,3,18,1,0,0.1052270511407435,0.539612591267,-0.0974683251583196,-0.870843512572,-34.9733660408,-52.8287821702,1,0.2313213327408648,-0.11292560257939441,20220120-122427
1642678261.52,0.37999987602233887,3,19,1,0,0.1078479304221986,0.5255984961985001,-0.1043857635103752,-2.186072081805,-38.526282019,-59.03491884815,1,0.2313213327408648,-0.11292560257939441,20220120-122427
1642678261.54,0.39999985694885254,3,20,1,0,0.1106462915134009,0.5167083442210001,-0.1094032335915424,-2.5611631205,-40.64539877955,-61.7331120804,1,0.2313213327408648,-0.11292560257939441,20220120-122427
1642678261.56,0.4199998378753662,3,21,1,0,0.1164134501121771,0.504009008408,-0.1155370806763327,-1.86637388665,-42.3766892704,-64.0722418687,1,0.2313213327408648,-0.11292560257939441,20220120-122427
1642678261.58,0.4399998188018799,3,22,1,0,0.121506284378596,0.496535390615,-0.1192427062382068,-1.20071154269,-43.779658075,-64.2853777955,1,0.2313213327408648,-0.11292560257939441,20220120-122427
1642678261.6,0.45999979972839355,3,23,1,0,0.1279884742234018,0.489030838013,-0.1214541835831517,0.639652221646,-40.6651739872,-62.5453657422,1,0.2313213327408648,-0.11292560257939441,20220120-122427
1642678261.62,0.4799997806549072,3,24,1,0,0.1376155454917625,0.478443533182,-0.1277965837738935,-1.036120078083,-44.6914341179,-58.6723992987,1,0.2313213327408648,-0.11292560257939441,20220120-122427
1642678261.64,0.5,3,25,1,0,0.1456083384775321,0.4706334918735,-0.1286677192810534,1.124745970932,-46.8454991094,-55.6502391075,1,0.2313213327408648,-0.11292560257939441,20220120-122427
1642678261.66,0.5199999809265137,3,26,1,0,0.1577015599046566,0.462820678949,-0.1257269984125912,6.21348476658,-56.9758798742,-56.0056951874,1,0.2313213327408648,-0.11292560257939441,20220120-122427
1642678261.68,0.5399999618530273,3,27,1,0,0.1692024625657576,0.459811896086,-0.1239867767089522,7.10450578968,-62.2818932554,-49.3876630671,1,0.2313213327408648,-0.11292560257939441,20220120-122427
1642678261.7,0.559999942779541,3,28,1,0,0.177611603165275,0.458444148302,-0.1202252639429739,5.37167184945,-67.2783049263,-50.2718826027,1,0.2313213327408648,-0.11292560257939441,20220120-122427
1642678261.72,0.5799999237060547,3,29,1,0,0.1893676043705476,0.457875072956,-0.1119685657737077,2.4009930313085,-76.09916070279999,-52.91072210715,1,0.2313213327408648,-0.11292560257939441,20220120-122427
1642678261.74,0.5999999046325684,3,30,1,0,0.1957430590563057,0.4582073837515,-0.106353809426814,-0.0926922081634999,-80.6418292603,-55.9729891542,1,0.2313213327408648,-0.11292560257939441,20220120-122427
1642678261.76,0.619999885559082,3,31,1,0,0.2040556598215493,0.458630889654,-0.0960137967782907,0.061856347414,-87.2219453323,-59.4111616593,1,0.2313213327408648,-0.11292560257939441,20220120-122427
1642678261.78,0.6399998664855957,3,32,1,0,0.2101295221491788,0.459306955338,-0.0882594508695387,0.635528270745,-94.1839323603,-57.8890187889,1,0.2313213327408648,-0.11292560257939441,20220120-122427
1642678261.8,0.6599998474121094,3,33,1,0,0.2139577114286814,0.4584197402,-0.0824438184156808,-1.88898529839,-104.147897006,-61.8131410443,1,0.2313213327408648,-0.11292560257939441,20220120-122427
1642678261.82,0.679999828338623,3,34,1,0,0.2175280168879054,0.4555164426565,-0.0720341007658175,-3.690988494895001,-112.655036396,-64.1018394853,1,0.2313213327408648,-0.11292560257939441,20220120-122427
1642678261.84,0.6999998092651367,3,35,1,0,0.2198146243117501,0.4540114849805,-0.065313981047804,-5.35116245395,-116.2041978535,-64.87540920485,1,0.2313213327408648,-0.11292560257939441,20220120-122427
1642678261.86,0.7199997901916504,3,36,1,0,0.2207866170292765,0.45323202014,-0.0623032828200198,-6.07217792496,-117.23141818,-65.7629789815,1,0.2313213327408648,-0.11292560257939441,20220120-122427
1642678261.88,0.7400000095367432,3,37,1,0,0.2225959170728521,0.453214734793,-0.053088777699699,-6.58993800465,-119.631993594,-69.9675417195,1,0.2313213327408648,-0.11292560257939441,20220120-122427
1642678261.9,0.7599999904632568,3,38,1,0,0.2238093752746823,0.453764677048,-0.0495938439782155,-5.93018046833,-121.289780546,-68.1579161414,1,0.2313213327408648,-0.11292560257939441,20220120-122427
1642678261.92,0.7799999713897705,3,39,1,0,0.2238093752746823,0.453764677048,-0.0495938439782155,-5.93018046833,-121.289780546,-68.1579161414,1,0.2313213327408648,-0.11292560257939441,20220120-122427
1642678261.94,0.7999999523162842,3,40,1,0,0.2238093752746823,0.453764677048,-0.0495938439782155,-5.93018046833,-121.289780546,-68.1579161414,1,0.2313213327408648,-0.11292560257939441,20220120-122427
1642678261.96,0.8199999332427979,3,41,1,0,0.2238093752746823,0.453764677048,-0.0495938439782155,-5.93018046833,-121.289780546,-68.1579161414,1,0.2313213327408648,-0.11292560257939441,20220120-122427
1642678261.98,0.8399999141693115,3,42,1,0,0.2238093752746823,0.453764677048,-0.0495938439782155,-5.93018046833,-121.289780546,-68.1579161414,1,0.2313213327408648,-0.11292560257939441,20220120-122427
1642678262.0,0.8599998950958252,3,43,1,0,0.231284513039573,0.453751027584,-0.0258852352682762,1.06828263466,-119.475854658,-51.766088642,1,0.2313213327408648,-0.11292560257939441,20220120-122427
1642678262.02,0.8799998760223389,3,44,1,0,0.233455004237709,0.4533260315655,-0.0249870510357129,3.99395900111,-115.519130365,-43.90633503425,0,0.2313213327408648,-0.11292560257939441,20220120-122427
1642678262.04,0.8999998569488525,3,45,1,0,0.2358167564797393,0.4520850479605,-0.0231033877133472,4.428244140145001,-112.6290168705,-41.36660210045,0,0.2313213327408648,-0.11292560257939441,20220120-122427
1642678262.06,0.9199998378753662,3,46,1,0,0.2419003496003188,0.452467620373,-0.0187232341137403,3.30359164913,-111.781112276,-39.3490166337,0,0.2313213327408648,-0.11292560257939441,20220120-122427
1642678262.08,0.9399998188018799,3,47,1,0,0.2465515782045463,0.452111274004,-0.0158491269355896,2.60993613499,-110.850087794,-44.216498146,0,0.2313213327408648,-0.11292560257939441,20220120-122427
1642678262.1,0.9599997997283936,3,48,1,0,0.2520969788442493,0.452081739902,-0.0134742504815331,-0.879777162595,-111.511097694,-50.0576262921,0,0.2313213327408648,-0.11292560257939441,20220120-122427
1642678262.12,0.9799997806549072,3,49,1,0,0.2592857782179215,0.453291669488,-0.0087842228663505,-1.53933575348,-111.3019606585,-50.3005090017,0,0.2313213327408648,-0.11292560257939441,20220120-122427
1642678262.14,1.0,3,50,1,0,0.2629053795388826,0.4538883268835,-0.0056205671065508,-1.98778303715,-110.5111484545,-51.2024689802,0,0.2313213327408648,-0.11292560257939441,20220120-122427
1642678262.16,1.0199999809265137,3,51,1,0,0.2683910536756593,0.453469455242,-0.0018987752394814,-5.61116981529,-109.639869325,-55.8701497195,0,0.2313213327408648,-0.11292560257939441,20220120-122427
1642678262.18,1.0399999618530273,3,52,1,0,0.2713970157970728,0.453202873468,-0.0020293601601141,-9.5737547485,-115.374305994,-60.9016121957,0,0.2313213327408648,-0.11292560257939441,20220120-122427
1642678262.2,1.059999942779541,3,53,1,0,0.2715524507782171,0.451608926058,0.0009608898303026,-7.19102570361,-111.225174224,-58.4574772698,0,0.2313213327408648,-0.11292560257939441,20220120-122427
1642678262.22,1.0799999237060547,3,54,1,0,0.2731089801628127,0.451659500599,0.0013134379421173,-6.18617673596,-109.940743631,-53.818633833,0,0.2313213327408648,-0.11292560257939441,20220120-122427
1642678262.24,1.0999999046325684,3,55,1,0,0.2730873791291773,0.451716244221,0.0015578324363155,-5.713035814365,-108.514393229,-50.88292916415,0,0.2313213327408648,-0.11292560257939441,20220120-122427
1642678262.26,1.119999885559082,3,56,1,0,0.2738301694151188,0.452175348997,0.0022824708141836,-5.97705001939,-108.483522825,-47.7435174793,0,0.2313213327408648,-0.11292560257939441,20220120-122427
1642678262.28,1.1399998664855957,3,57,1,0,0.2734052020853289,0.452844798565,0.0022316389340603,-6.44079296493,-108.450877766,-48.9132917679,0,0.2313213327408648,-0.11292560257939441,20220120-122427
1642678262.3,1.1599998474121094,3,58,1,0,0.2719407421923795,0.452847599983,0.0023442620121662,-5.47423128228,-109.141418067,-51.1491743012,0,0.2313213327408648,-0.11292560257939441,20220120-122427
1642678262.32,1.179999828338623,3,59,1,0,0.2733821125226295,0.4531365931035,0.0024658923362056,-6.490156387640001,-107.9174263475,-48.1637680729,0,0.2313213327408648,-0.11292560257939441,20220120-122427
1642678262.34,1.1999998092651367,3,60,1,0,0.2727328744447075,0.4531586766245,0.0020898636693271,-6.92713155125,-108.5334602465,-49.76663772445,0,0.2313213327408648,-0.11292560257939441,20220120-122427
1642678262.36,1.2199997901916504,3,61,1,0,0.2720952488873873,0.453096210957,0.0017264407339551,-7.2803164928,-109.158431626,-51.4423508493,0,0.2313213327408648,-0.11292560257939441,20220120-122427
1642678262.38,1.2400000095367432,3,62,1,0,0.2719959564632311,0.453105211258,0.0018082333224977,-7.59722978975,-109.225588887,-51.5306112832,0,0.2313213327408648,-0.11292560257939441,20220120-122427
1642678262.4,1.2599999904632568,3,63,1,0,0.2720106615615609,0.453271776438,0.0018962151480416,-7.74233294088,-109.247641937,-51.5449382006,0,0.2313213327408648,-0.11292560257939441,20220120-122427
1642678262.42,1.2799999713897705,3,64,1,0,0.2730382762348406,0.4532352536915,0.0018939419446092,-8.103751102815,-108.534636316,-50.38591367205,0,0.2313213327408648,-0.11292560257939441,20220120-122427
1642678262.44,1.2999999523162842,3,65,1,0,0.273322141110046,0.453052252531,0.0020099739738579,-7.834693302335,-108.1652207375,-50.39817839895,0,0.2313213327408648,-0.11292560257939441,20220120-122427
1642678262.46,1.3199999332427979,3,66,1,0,0.2735728816157488,0.452751457691,0.0020334666105952,-7.59449724621,-107.627273727,-50.5577724226,0,0.2313213327408648,-0.11292560257939441,20220120-122427
1642678262.48,1.3399999141693115,3,67,1,0,0.2735316039816364,0.452574878931,0.0021352465135338,-7.36725941617,-107.255936494,-50.540739078,0,0.2313213327408648,-0.11292560257939441,20220120-122427
1642678262.5,1.3599998950958252,3,68,1,0,0.2733822917551683,0.452711582184,0.0020895208163936,-7.27859457936,-107.614828037,-50.9380226027,0,0.2313213327408648,-0.11292560257939441,20220120-122427
1642678262.52,1.3799998760223389,3,69,1,0,0.2737410809045236,0.452674522996,0.0015283721885223,-8.75708473267,-108.264256178,-51.0037672787,0,0.2313213327408648,-0.11292560257939441,20220120-122427
1642678262.54,1.3999998569488525,3,70,1,0,0.2736847186381658,0.4527070522305,0.00143182735175,-9.01743116214,-108.2629046585,-51.3809024036,0,0.2313213327408648,-0.11292560257939441,20220120-122427
1642678262.56,1.4199998378753662,3,71,1,0,0.2735936038042775,0.452457785606,0.0014207112144252,-8.96446427219,-108.344771712,-51.6270940414,0,0.2313213327408648,-0.11292560257939441,20220120-122427
1642678262.58,1.4399998188018799,3,72,1,0,0.2735632515686074,0.452374786139,0.0013346660013564,-9.07220146746,-108.286171167,-51.7626907883,0,0.2313213327408648,-0.11292560257939441,20220120-122427
1642678262.6,1.4599997997283936,3,73,1,0,0.2735819556463177,0.45232719183,0.0012135467662751,-9.20907059801,-108.304556034,-51.8709303781,0,0.2313213327408648,-0.11292560257939441,20220120-122427
1642678262.62,1.4799997806549072,3,74,1,0,0.2737103249280445,0.452375456691,0.0010172554369029,-9.243583125045,-108.3398150845,-52.02485167595,0,0.2313213327408648,-0.11292560257939441,20220120-122427
1642678262.64,1.5,3,75,1,0,0.2736643041809491,0.4523194730284999,0.0009536366802471,-9.141838759035,-108.0974544985,-52.11549386165,0,0.2313213327408648,-0.11292560257939441,20220120-122427
1642678262.66,1.5199999809265137,3,76,1,0,0.2731989768370487,0.45241561532,0.0005944197584148,-9.21960424417,-108.383771073,-53.1637123899,0,0.2313213327408648,-0.11292560257939441,20220120-122427
1642678262.68,1.5399999618530273,3,77,1,0,0.2735579132624438,0.452182352543,0.0009089488747639,-8.88222315006,-108.185906331,-52.4981357881,0,0.2313213327408648,-0.11292560257939441,20220120-122427
1642678262.7,1.559999942779541,3,78,1,0,0.273739456474682,0.45215639472,0.0010078669521796,-8.89022020183,-108.240638178,-52.2197825171,0,0.2313213327408648,-0.11292560257939441,20220120-122427
1642678262.72,1.5799999237060547,3,79,1,0,0.2723834461325909,0.4527939110994999,0.004503246725481,-6.506352353975,-112.0712248,-49.04793568765,0,0.2313213327408648,-0.11292560257939441,20220120-122427
1642678262.74,1.5999999046325684,3,80,1,0,0.2721353721457279,0.453020915389,0.0080456610590013,-4.45371314978,-114.8652433085,-47.33901738975,0,0.2313213327408648,-0.11292560257939441,20220120-122427
1642678262.76,1.619999885559082,3,81,1,0,0.2732223346827865,0.451740175486,0.01128291482648,-1.73124780859,-113.605434953,-48.8311346127,0,0.2313213327408648,-0.11292560257939441,20220120-122427
1642678262.78,1.6399998664855957,3,82,1,0,0.2741053502678582,0.45164757967,0.0113774365699215,-2.53598607632,-112.421597032,-46.6858880062,0,0.2313213327408648,-0.11292560257939441,20220120-122427
1642678262.8,1.6599998474121094,3,83,1,0,0.2749425929754096,0.452985614538,0.0108870743833871,-4.31348757578,-112.214137138,-44.4688481823,0,0.2313213327408648,-0.11292560257939441,20220120-122427
1642678262.82,1.679999828338623,3,84,1,0,0.2752188170556521,0.452860683203,0.0108182340687741,-3.894414521245,-111.6044889975,-44.5807146103,0,0.2313213327408648,-0.11292560257939441,20220120-122427
1642678262.84,1.6999998092651367,3,85,1,0,0.2753690324478985,0.452761501074,0.0105024708448351,-2.758033249915,-110.834471765,-45.49359874335,0,0.2313213327408648,-0.11292560257939441,20220120-122427
1642678262.86,1.7199997901916504,3,86,1,0,0.2741149844430405,0.452925264835,0.0089284836041674,-3.68642767502,-112.718060938,-50.186725108,0,0.2313213327408648,-0.11292560257939441,20220120-122427
1642678262.88,1.7400000095367432,3,87,1,0,0.2755742004115712,0.452832043171,0.010753288950779,-2.45914892418,-111.3244679,-46.6410915799,0,0.2313213327408648,-0.11292560257939441,20220120-122427
1642678262.9,1.7599999904632568,3,88,1,0,0.2746515116045254,0.452936857939,0.0103247889142798,-3.48317489357,-111.989351111,-47.9098071756,0,0.2313213327408648,-0.11292560257939441,20220120-122427
1642678262.92,1.7799999713897705,3,89,1,0,0.2745315917120846,0.453166306019,0.0100638833877689,-4.60308696583,-111.9923604895,-48.00383137555,0,0.2313213327408648,-0.11292560257939441,20220120-122427
1642678262.94,1.7999999523162842,3,90,1,0,0.2744303325841358,0.4531101435425,0.0099974793280192,-4.288920804615,-111.611711376,-48.145744500700005,0,0.2313213327408648,-0.11292560257939441,20220120-122427
1642678262.96,1.8199999332427979,3,91,1,0,0.2744584071453393,0.453043580055,0.0100534874043647,-3.55609386894,-111.269279118,-48.2517882926,0,0.2313213327408648,-0.11292560257939441,20220120-122427
1642678262.98,1.8399999141693115,3,92,1,0,0.2741718539899003,0.452936559916,0.0102519557486488,-2.53873139352,-111.50362092,-48.9024026785,0,0.2313213327408648,-0.11292560257939441,20220120-122427
1642678263.0,1.8599998950958252,3,93,1,0,0.2747089125526061,0.453095704317,0.0088908959390331,-4.75715265287,-111.874359414,-49.1411211596,0,0.2313213327408648,-0.11292560257939441,20220120-122427
1642678263.02,1.8799998760223389,3,94,1,0,0.274193718614996,0.453049853444,0.0093594750684508,-4.38184058538,-112.40689087,-49.96783149705,0,0.2313213327408648,-0.11292560257939441,20220120-122427
1642678263.04,1.8999998569488525,3,95,1,0,0.2741526247492799,0.4529333114625,0.0097876521074719,-4.00904634954,-112.1549281545,-49.81184699455,0,0.2313213327408648,-0.11292560257939441,20220120-122427
1642678263.06,1.9199998378753662,3,96,1,0,0.2742875000598151,0.452899187803,0.0092868862630413,-4.87990578985,-112.265563392,-50.0442152581,0,0.2313213327408648,-0.11292560257939441,20220120-122427
1642678263.08,1.9399998188018799,3,97,1,0,0.2743096480991985,0.452572137117,0.0096122865145953,-5.20531724198,-112.169824964,-49.8459379352,0,0.2313213327408648,-0.11292560257939441,20220120-122427
1642678263.1,1.9599997997283936,3,98,1,0,0.2746293573199797,0.452478528023,0.0102119309862304,-4.50868579894,-111.501332965,-49.1958865483,0,0.2313213327408648,-0.11292560257939441,20220120-122427
1642678263.12,1.9799997806549072,3,99,1,0,0.2742264672114432,0.4524717628955,0.0104153010148699,-4.402606561884999,-112.606627703,-49.50075753395,0,0.2313213327408648,-0.11292560257939441,20220120-122427
1642678263.14,2.0,3,100,1,0,0.2719358019729103,0.4526586830615,0.0119034387993251,-2.6820786215365,-117.3109653765,-50.8420801095,0,0.2313213327408648,-0.11292560257939441,20220120-122427
1642678263.16,2.0199999809265137,3,101,1,0,0.2633208324925556,0.453429043293,0.0204139729618651,4.1500087045,-131.402135619,-53.9963508928,0,0.2313213327408648,-0.11292560257939441,20220120-122427
1642678263.18,2.0399999618530273,3,102,1,0,0.2574621989547777,0.453389525414,0.0281357397562574,4.80038538921,-140.137608517,-57.7841903603,0,0.2313213327408648,-0.11292560257939441,20220120-122427
1642678263.2,2.059999942779541,3,103,1,0,0.2505653014971115,0.45090636611,0.035247017057104,5.68156926832,-145.675380382,-65.0302023016,0,0.2313213327408648,-0.11292560257939441,20220120-122427
1642678263.22,2.0799999237060547,3,104,1,0,0.2462425060012852,0.4487840384245,0.0459793411142987,0.5427604106969999,-155.0343281875,-69.78073892809999,0,0.2313213327408648,-0.11292560257939441,20220120-122427
1642678263.24,2.0999999046325684,3,105,1,0,0.2449033149010029,0.447985053062,0.0495592979421113,-0.799429598446,-158.274744283,-70.9423305875,0,0.2313213327408648,-0.11292560257939441,20220120-122427
1642678263.26,2.119999885559082,3,106,1,0,0.2449033149010029,0.447985053062,0.0495592979421113,-0.799429598446,-158.274744283,-70.9423305875,0,0.2313213327408648,-0.11292560257939441,20220120-122427
1642678263.28,2.1399998664855957,3,107,1,0,0.2449033149010029,0.447985053062,0.0495592979421113,-0.799429598446,-158.274744283,-70.9423305875,0,0.2313213327408648,-0.11292560257939441,20220120-122427
1642678263.3,2.1599998474121094,3,108,1,0,0.2265008345342529,0.451080322266,0.0713544631104895,-1.35812585917,-165.973489017,-72.9095868771,0,0.2313213327408648,-0.11292560257939441,20220120-122427
1642678263.32,2.179999828338623,3,109,1,0,0.2231558624539855,0.4499797225,0.075288190770158,-1.06390994679,-168.201029555,-76.681612742,0,0.2313213327408648,-0.11292560257939441,20220120-122427
1642678263.34,2.1999998092651367,3,110,1,0,0.2220734576776866,0.449410259724,0.0771901107973052,-1.16320279476,-169.009546301,-78.6674738589,0,0.2313213327408648,-0.11292560257939441,20220120-122427
1642678263.36,2.2199997901916504,3,111,1,0,0.2220734576776866,0.449410259724,0.0771901107973052,-1.16320279476,-169.009546301,-78.6674738589,0,0.2313213327408648,-0.11292560257939441,20220120-122427
1642678263.38,2.240000009536743,3,112,1,0,0.2220734576776866,0.449410259724,0.0771901107973052,-1.16320279476,-169.009546301,-78.6674738589,0,0.2313213327408648,-0.11292560257939441,20220120-122427
1642678263.4,2.259999990463257,3,113,1,0,0.2193546728452712,0.451309770346,0.0980602312854974,-0.345667763391,-168.885633213,-74.9779412741,0,0.2313213327408648,-0.11292560257939441,20220120-122427
1642678263.42,2.2799999713897705,3,114,1,0,0.2193546728452712,0.451309770346,0.0980602312854974,-0.345667763391,-168.885633213,-74.9779412741,0,0.2313213327408648,-0.11292560257939441,20220120-122427
1642678263.44,2.299999952316284,3,115,1,0,0.2193546728452712,0.451309770346,0.0980602312854974,-0.345667763391,-168.885633213,-74.9779412741,0,0.2313213327408648,-0.11292560257939441,20220120-122427
1642678263.46,2.319999933242798,3,116,1,0,0.2193546728452712,0.451309770346,0.0980602312854974,-0.345667763391,-168.885633213,-74.9779412741,0,0.2313213327408648,-0.11292560257939441,20220120-122427
1642678263.48,2.3399999141693115,3,117,1,0,0.2193546728452712,0.451309770346,0.0980602312854974,-0.345667763391,-168.885633213,-74.9779412741,0,0.2313213327408648,-0.11292560257939441,20220120-122427
1642678263.5,2.359999895095825,3,118,1,0,0.2266047568991405,0.451281249523,0.1153858501197691,-7.05211826496,-165.358465529,-73.9061556321,0,0.2313213327408648,-0.11292560257939441,20220120-122427
1642678263.52,2.379999876022339,3,119,1,0,0.2279960549849482,0.451905578375,0.1181175119920496,-7.2839300028,-164.298519336,-71.960731539,0,0.2313213327408648,-0.11292560257939441,20220120-122427
1642678263.54,2.3999998569488525,3,120,1,0,0.2286387868252242,0.450833976269,0.1191643424041119,-5.427695869035,-164.2439128525,-74.29646973300001,0,0.2313213327408648,-0.11292560257939441,20220120-122427
1642678263.56,2.419999837875366,3,121,1,0,0.2292440798174369,0.450451642275,0.1192058632863224,-4.8553818059000005,-164.15726755449998,-75.65273118125,0,0.2313213327408648,-0.11292560257939441,20220120-122427
1642678263.58,2.43999981880188,3,122,1,0,0.2321438712008512,0.451349705458,0.1209094208843331,-5.18499504522,-163.511415069,-73.4687913099,0,0.2313213327408648,-0.11292560257939441,20220120-122427
1642678263.6,2.4599997997283936,3,123,1,0,0.2333419538374758,0.451845884323,0.1214688838092085,-5.11252247318,-164.119602203,-72.9217802216,0,0.2313213327408648,-0.11292560257939441,20220120-122427
1642678263.62,2.4799997806549072,3,124,1,0,0.2365130410638564,0.452761650085,0.1228846268704071,-5.83951938368,-160.700785104,-71.0283170794,0,0.2313213327408648,-0.11292560257939441,20220120-122427
1642678263.64,2.5,3,125,1,0,0.2391632329307005,0.4522098749875,0.1244868014037103,-6.02048147251,-159.68581923,-71.5428430818,0,0.2313213327408648,-0.11292560257939441,20220120-122427
1642678263.66,2.5199999809265137,3,126,1,0,0.239965435972424,0.451728582382,0.1251931862098006,-5.47502902038,-159.544573,-72.34331433455,0,0.2313213327408648,-0.11292560257939441,20220120-122427
1642678263.68,2.5399999618530273,3,127,1,0,0.2405225906891105,0.451348692179,0.1258857321271737,-5.87837866648,-161.235064109,-71.7933243534,0,0.2313213327408648,-0.11292560257939441,20220120-122427
1642678263.7,2.559999942779541,3,128,1,0,0.2391405707564496,0.45187920332,0.1249511822670272,-5.63213600338,-161.588481049,-70.4829699414,0,0.2313213327408648,-0.11292560257939441,20220120-122427
1642678263.72,2.5799999237060547,3,129,1,0,0.2369894581937485,0.451815664768,0.1250092635034745,-3.9762125794,-157.612043375,-67.0003192045,0,0.2313213327408648,-0.11292560257939441,20220120-122427
1642678263.74,2.5999999046325684,3,130,1,0,0.2411231863041434,0.4533386677505,0.1276040509082971,-6.247933151845,-157.345335503,-61.30343028135,0,0.2313213327408648,-0.11292560257939441,20220120-122427
1642678263.76,2.619999885559082,3,131,1,0,0.2435689832673705,0.4532925486565,0.1298385369739934,-5.72548605101,-156.410217144,-61.0488956601,0,0.2313213327408648,-0.11292560257939441,20220120-122427
1642678263.78,2.6399998664855957,3,132,1,0,0.2476569605949752,0.452381759882,0.1334428685581159,-4.01258975341,-155.178724775,-64.884800576,0,0.2313213327408648,-0.11292560257939441,20220120-122427
1642678263.8,2.6599998474121094,3,133,1,0,0.2507794537020476,0.451651275158,0.1357683917665316,-2.02205262192,-148.945281812,-66.4992237013,0,0.2313213327408648,-0.11292560257939441,20220120-122427
1642678263.82,2.679999828338623,3,134,1,0,0.261503118738931,0.453797698021,0.1337859082685889,-10.9055142489,-145.907383396,-70.101265051,0,0.2313213327408648,-0.11292560257939441,20220120-122427
1642678263.84,2.6999998092651367,3,135,1,0,0.2717984802106321,0.4538305103775,0.1323340429063899,-15.5554488157,-139.05558046049998,-73.89227020975,0,0.2313213327408648,-0.11292560257939441,20220120-122427
1642678263.86,2.7199997901916504,3,136,1,0,0.2767638379869845,0.452788725495,0.1327097758348033,-15.43290905745,-136.7093034775,-75.4776525094,0,0.2313213327408648,-0.11292560257939441,20220120-122427
1642678263.88,2.740000009536743,3,137,1,0,0.2791824781179774,0.452449828386,0.1328653781047,-15.6809261112,-136.469129795,-76.459083903,0,0.2313213327408648,-0.11292560257939441,20220120-122427
1642678263.9,2.759999990463257,3,138,1,0,0.2791824781179774,0.452449828386,0.1328653781047,-15.6809261112,-136.469129795,-76.459083903,0,0.2313213327408648,-0.11292560257939441,20220120-122427
1642678263.92,2.7799999713897705,3,139,1,0,0.2791824781179774,0.452449828386,0.1328653781047,-15.6809261112,-136.469129795,-76.459083903,0,0.2313213327408648,-0.11292560257939441,20220120-122427
1642678263.94,2.799999952316284,3,140,1,0,0.2883320024810361,0.452723607421,0.1346512530693063,-14.9573586679,-132.90851337499998,-76.56149262615,0,0.2313213327408648,-0.11292560257939441,20220120-122427
1642678263.96,2.819999933242798,3,141,1,0,0.2984643498816253,0.452943712473,0.1368023060333316,-13.9359753531,-128.216869762,-77.4026899457,0,0.2313213327408648,-0.11292560257939441,20220120-122427
1642678263.98,2.8399999141693115,3,142,1,0,0.3026050719477279,0.452020078897,0.1380937838630725,-13.1602815342,-129.050204631,-80.5016795643,0,0.2313213327408648,-0.11292560257939441,20220120-122427
1642678264.0,2.859999895095825,3,143,1,0,0.3049315317098267,0.452120780945,0.1401288002627343,-12.2570476434,-128.732778589,-79.8034741467,0,0.2313213327408648,-0.11292560257939441,20220120-122427
1642678264.02,2.879999876022339,3,144,1,0,0.3104903518123835,0.4524119496345,0.1433590389038468,-12.0918403141,-128.116521756,-76.56304799095,0,0.2313213327408648,-0.11292560257939441,20220120-122427
1642678264.04,2.8999998569488525,3,145,1,0,0.3132579128923741,0.452381387353,0.145444938661966,-12.3762079307,-127.503039463,-76.8532793476,0,0.2313213327408648,-0.11292560257939441,20220120-122427
1642678264.06,2.919999837875366,3,146,1,0,0.3153461387459265,0.4519125968215,0.1481197062545221,-12.1803015268,-128.220349877,-78.7629490288,0,0.2313213327408648,-0.11292560257939441,20220120-122427
1642678264.08,2.93999981880188,3,147,1,0,0.3142309377815515,0.45191693306,0.1542282702497861,-8.08356629033,-135.374527512,-83.00304102,0,0.2313213327408648,-0.11292560257939441,20220120-122427
1642678264.1,2.9599997997283936,3,148,1,0,0.3142309377815515,0.45191693306,0.1542282702497861,-8.08356629033,-135.374527512,-83.00304102,0,0.2313213327408648,-0.11292560257939441,20220120-122427
1642678264.12,2.9799997806549072,3,149,1,0,0.3142309377815515,0.45191693306,0.1542282702497861,-8.08356629033,-135.374527512,-83.00304102,0,0.2313213327408648,-0.11292560257939441,20220120-122427
1642678264.14,3.0,3,150,1,0,0.3142309377815515,0.45191693306,0.1542282702497861,-8.08356629033,-135.374527512,-83.00304102,0,0.2313213327408648,-0.11292560257939441,20220120-122427
1642678264.16,3.0199999809265137,3,151,1,0,0.3054382003690933,0.449254155159,0.1785345897058595,-3.66576534321,-154.540312672,-86.1811272225,0,0.2313213327408648,-0.11292560257939441,20220120-122427
1642678264.18,3.0399999618530273,3,152,1,0,0.3054955325657351,0.449074983597,0.1798596313997429,-4.13399233941,-154.5778582,-86.5025274917,0,0.2313213327408648,-0.11292560257939441,20220120-122427
1642678264.2,3.059999942779541,3,153,1,0,0.3054955325657351,0.449074983597,0.1798596313997429,-4.13399233941,-154.5778582,-86.5025274917,0,0.2313213327408648,-0.11292560257939441,20220120-122427
1642678264.22,3.0799999237060547,3,154,1,0,0.3054955325657351,0.449074983597,0.1798596313997429,-4.13399233941,-154.5778582,-86.5025274917,0,0.2313213327408648,-0.11292560257939441,20220120-122427
1642678264.24,3.0999999046325684,3,155,1,0,0.3054955325657351,0.449074983597,0.1798596313997429,-4.13399233941,-154.5778582,-86.5025274917,0,0.2313213327408648,-0.11292560257939441,20220120-122427
1642678264.26,3.119999885559082,3,156,1,0,0.3054955325657351,0.449074983597,0.1798596313997429,-4.13399233941,-154.5778582,-86.5025274917,0,0.2313213327408648,-0.11292560257939441,20220120-122427
1642678264.28,3.1399998664855957,3,157,1,0,0.3054955325657351,0.449074983597,0.1798596313997429,-4.13399233941,-154.5778582,-86.5025274917,0,0.2313213327408648,-0.11292560257939441,20220120-122427
1642678264.3,3.1599998474121094,3,158,1,0,0.3054955325657351,0.449074983597,0.1798596313997429,-4.13399233941,-154.5778582,-86.5025274917,0,0.2313213327408648,-0.11292560257939441,20220120-122427
1642678264.32,3.179999828338623,3,159,1,0,0.3054955325657351,0.449074983597,0.1798596313997429,-4.13399233941,-154.5778582,-86.5025274917,0,0.2313213327408648,-0.11292560257939441,20220120-122427
1642678264.34,3.1999998092651367,3,160,1,0,0.3054955325657351,0.449074983597,0.1798596313997429,-4.13399233941,-154.5778582,-86.5025274917,0,0.2313213327408648,-0.11292560257939441,20220120-122427
1642678264.36,3.2199997901916504,3,161,1,0,0.3171231019205751,0.44801980257,0.2177300795888285,-5.1517208361,-160.097938302,-85.9849285672,0,0.2313213327408648,-0.11292560257939441,20220120-122427
1642678264.38,3.240000009536743,3,162,1,0,0.3184142951495852,0.449499279261,0.2209005824902417,-8.18302765315,-156.696655682,-84.7511489199,0,0.2313213327408648,-0.11292560257939441,20220120-122427
1642678264.4,3.259999990463257,3,163,1,0,0.3184142951495852,0.449499279261,0.2209005824902417,-8.18302765315,-156.696655682,-84.7511489199,0,0.2313213327408648,-0.11292560257939441,20220120-122427
1642678264.42,3.2799999713897705,3,164,1,0,0.3224221356938498,0.45080691576,0.2280364460920479,-10.294967080025,-155.8811392715,-81.29989958335,0,0.2313213327408648,-0.11292560257939441,20220120-122427
1642678264.44,3.299999952316284,3,165,1,0,0.3264299762381144,0.452114552259,0.2351723096938541,-12.4069065069,-155.065622861,-77.8486502468,0,0.2313213327408648,-0.11292560257939441,20220120-122427
1642678264.46,3.319999933242798,3,166,1,0,0.3264299762381144,0.452114552259,0.2351723096938541,-12.4069065069,-155.065622861,-77.8486502468,0,0.2313213327408648,-0.11292560257939441,20220120-122427
1642678264.48,3.3399999141693115,3,167,1,0,0.3264299762381144,0.452114552259,0.2351723096938541,-12.4069065069,-155.065622861,-77.8486502468,0,0.2313213327408648,-0.11292560257939441,20220120-122427
1642678264.5,3.359999895095825,3,168,1,0,0.3264299762381144,0.452114552259,0.2351723096938541,-12.4069065069,-155.065622861,-77.8486502468,0,0.2313213327408648,-0.11292560257939441,20220120-122427
1642678264.52,3.379999876022339,3,169,1,0,0.3264299762381144,0.452114552259,0.2351723096938541,-12.4069065069,-155.065622861,-77.8486502468,0,0.2313213327408648,-0.11292560257939441,20220120-122427
1642678264.54,3.3999998569488525,3,170,1,0,0.3264299762381144,0.452114552259,0.2351723096938541,-12.4069065069,-155.065622861,-77.8486502468,0,0.2313213327408648,-0.11292560257939441,20220120-122427
1642678264.56,3.419999837875366,3,171,1,0,0.3264299762381144,0.452114552259,0.2351723096938541,-12.4069065069,-155.065622861,-77.8486502468,0,0.2313213327408648,-0.11292560257939441,20220120-122427
1642678264.58,3.43999981880188,3,172,1,0,0.3264299762381144,0.452114552259,0.2351723096938541,-12.4069065069,-155.065622861,-77.8486502468,0,0.2313213327408648,-0.11292560257939441,20220120-122427
1642678264.6,3.4599997997283936,3,173,1,0,0.3005639367012307,0.450979888439,0.25951719759215,1.60407676118,-174.709089964,-70.4671802525,0,0.2313213327408648,-0.11292560257939441,20220120-122427
1642678264.62,3.4799997806549072,3,174,1,0,0.2967509566876053,0.450831487775,0.2633956206608848,5.006637659385,-174.4092722135,-69.05970122795,0,0.2313213327408648,-0.11292560257939441,20220120-122427
1642678264.64,3.5,3,175,1,0,0.2973034634551867,0.450803682208,0.2659247760477903,3.966743738945,-176.05027149,-70.163424569,0,0.2313213327408648,-0.11292560257939441,20220120-122427
1642678264.66,3.5199999809265137,3,176,1,0,0.299882492044231,0.451377153397,0.2703200144786145,1.5331616619,-173.325029559,-71.2045814554,0,0.2313213327408648,-0.11292560257939441,20220120-122427
1642678264.68,3.5399999618530273,3,177,1,0,0.3037807408020612,0.453954100609,0.2727326494795477,-0.849487873799,-171.214247026,-72.3167869463,0,0.2313213327408648,-0.11292560257939441,20220120-122427
1642678264.7,3.559999942779541,3,178,1,0,0.305422969957804,0.454941511154,0.2745966599452548,-1.04410566901,-169.533947551,-71.699129287,0,0.2313213327408648,-0.11292560257939441,20220120-122427
1642678264.72,3.5799999237060547,3,179,1,0,0.3104049869264521,0.4569034576415,0.2847377021247587,0.0195704165325,-166.5727918055,-70.7110856287,0,0.2313213327408648,-0.11292560257939441,20220120-122427
1642678264.74,3.5999999046325684,3,180,1,0,0.3122279726438769,0.457441300154,0.2863738812182316,-0.812378487778,-168.521617852,-72.79334518,0,0.2313213327408648,-0.11292560257939441,20220120-122427
1642678264.76,3.619999885559082,3,181,1,0,0.3122279726438769,0.457441300154,0.2863738812182316,-0.812378487778,-168.521617852,-72.79334518,0,0.2313213327408648,-0.11292560257939441,20220120-122427
1642678264.78,3.6399998664855957,3,182,1,0,0.3173061065693366,0.453936517239,0.3034434483820822,-1.52356372996,-169.337387165,-73.4419650278,0,0.2313213327408648,-0.11292560257939441,20220120-122427
1642678264.8,3.6599998474121094,3,183,1,0,0.3190997310224646,0.454162180424,0.309834498427657,-2.40087194031,-166.350673161,-70.6061341253,0,0.2313213327408648,-0.11292560257939441,20220120-122427
1642678264.82,3.679999828338623,3,184,1,0,0.3228772516048742,0.4531877338885,0.3167860307433534,-5.0243779501,-164.95312278699998,-72.53194031219999,0,0.2313213327408648,-0.11292560257939441,20220120-122427
1642678264.84,3.6999998092651367,3,185,1,0,0.3257125525379402,0.4517543464894999,0.3221825724625408,-7.15350880989,-164.55463415449998,-76.93332892255,0,0.2313213327408648,-0.11292560257939441,20220120-122427
1642678264.86,3.7199997901916504,3,186,1,0,0.3263989073188166,0.451069951057,0.3239839123934594,-7.76098434554,-164.593367114,-78.7951805836,0,0.2313213327408648,-0.11292560257939441,20220120-122427
1642678264.88,3.740000009536743,3,187,1,0,0.3248013833601117,0.45202255249,0.332533837875122,-5.29019582837,-168.589165711,-78.3431694893,0,0.2313213327408648,-0.11292560257939441,20220120-122427
1642678264.9,3.759999990463257,3,188,1,0,0.3248013833601117,0.45202255249,0.332533837875122,-5.29019582837,-168.589165711,-78.3431694893,0,0.2313213327408648,-0.11292560257939441,20220120-122427
1642678264.92,3.7799999713897705,3,189,1,0,0.3213049260307735,0.4554310739045,0.3529105346814808,-4.650823690879999,-172.3568965045,-72.757139338,0,0.2313213327408648,-0.11292560257939441,20220120-122427
1642678264.94,3.799999952316284,3,190,1,0,0.3209263621226631,0.455099433661,0.3558922220451675,-4.79777253231,-172.763115987,-73.7040664476,0,0.2313213327408648,-0.11292560257939441,20220120-122427
1642678264.96,3.819999933242798,3,191,1,0,0.3209263621226631,0.455099433661,0.3558922220451675,-4.79777253231,-172.763115987,-73.7040664476,0,0.2313213327408648,-0.11292560257939441,20220120-122427
1642678264.98,3.8399999141693115,3,192,1,0,0.3209263621226631,0.455099433661,0.3558922220451675,-4.79777253231,-172.763115987,-73.7040664476,0,0.2313213327408648,-0.11292560257939441,20220120-122427
1642678265.0,3.859999895095825,3,193,1,0,0.3202859978495168,0.455039083958,0.3824012169448147,-5.35233672405,-176.77288835,-74.2046037439,0,0.2313213327408648,-0.11292560257939441,20220120-122427
1642678265.02,3.879999876022339,3,194,1,0,0.3202859978495168,0.455039083958,0.3824012169448147,-5.35233672405,-176.77288835,-74.2046037439,0,0.2313213327408648,-0.11292560257939441,20220120-122427
1642678265.04,3.8999998569488525,3,195,1,0,0.3202859978495168,0.455039083958,0.3824012169448147,-5.35233672405,-176.77288835,-74.2046037439,0,0.2313213327408648,-0.11292560257939441,20220120-122427
1642678265.06,3.919999837875366,3,196,1,0,0.3202859978495168,0.455039083958,0.3824012169448147,-5.35233672405,-176.77288835,-74.2046037439,0,0.2313213327408648,-0.11292560257939441,20220120-122427
1642678265.08,3.93999981880188,3,197,1,0,0.3202859978495168,0.455039083958,0.3824012169448147,-5.35233672405,-176.77288835,-74.2046037439,0,0.2313213327408648,-0.11292560257939441,20220120-122427
1642678265.1,3.9599997997283936,3,198,1,0,0.3202859978495168,0.455039083958,0.3824012169448147,-5.35233672405,-176.77288835,-74.2046037439,0,0.2313213327408648,-0.11292560257939441,20220120-122427
1642678265.12,3.9799997806549072,3,199,1,0,0.3217941837704244,0.4560405015945,0.4109312822442834,-5.75311505044,-174.246601122,-73.3424017582,0,0.2313213327408648,-0.11292560257939441,20220120-122427
1642678265.14,4.0,3,200,1,0,0.3233297919530284,0.4566776901479999,0.4409505452231955,-6.36133823056,-171.717820008,-73.6261871996,0,0.2313213327408648,-0.11292560257939441,20220120-122427
1642678265.16,4.019999980926514,3,201,1,0,0.3233572142147251,0.456313461065,0.4424397429026386,-6.56878308429,-171.715326122,-74.7721746267,0,0.2313213327408648,-0.11292560257939441,20220120-122427
1642678265.18,4.039999961853027,3,202,1,0,0.3254979135650258,0.454339921474,0.4539141387742126,-8.14753574293,-173.341159262,-79.3984129239,0,0.2313213327408648,-0.11292560257939441,20220120-122427
1642678265.2,4.059999942779541,3,203,1,0,0.3248538291443646,0.454832285643,0.4622178149639756,-6.45706294746,-172.635596732,-74.7357710261,0,0.2313213327408648,-0.11292560257939441,20220120-122427
1642678265.22,4.079999923706055,3,204,1,0,0.3249874002404107,0.455145984888,0.4791695577232762,-4.681061975445,-170.7993841085,-71.41578791375,0,0.2313213327408648,-0.11292560257939441,20220120-122427
1642678265.24,4.099999904632568,3,205,1,0,0.3255486280686463,0.454571485519,0.4832687645681035,-4.65796036474,-171.25684679,-72.8846098711,0,0.2313213327408648,-0.11292560257939441,20220120-122427
1642678265.26,4.119999885559082,3,206,1,0,0.3255486280686463,0.454571485519,0.4832687645681035,-4.65796036474,-171.25684679,-72.8846098711,0,0.2313213327408648,-0.11292560257939441,20220120-122427
1642678265.28,4.139999866485596,3,207,1,0,0.3246989240907528,0.457357466221,0.5038037234675626,-7.90164087788,-172.346924368,-71.58184554,0,0.2313213327408648,-0.11292560257939441,20220120-122427
1642678265.3,4.159999847412109,3,208,1,0,0.3236054371530562,0.460337728262,0.5109508183311816,-8.64335100425,-173.464935187,-69.0508735979,0,0.2313213327408648,-0.11292560257939441,20220120-122427
1642678265.32,4.179999828338623,3,209,1,0,0.3224962638387046,0.460709512234,0.5180521857241133,-7.36207550795,-174.94243963,-69.1961358351,0,0.2313213327408648,-0.11292560257939441,20220120-122427
1642678265.34,4.199999809265137,3,210,1,0,0.3225746459333724,0.460197031498,0.5213228702374978,-7.47312187232,-174.764874658,-70.0643810314,0,0.2313213327408648,-0.11292560257939441,20220120-122427
1642678265.36,4.21999979019165,3,211,1,0,0.3238434725380837,0.454157531261,0.5349121314387726,-6.82677894637,-177.539909141,-75.6563869381,0,0.2313213327408648,-0.11292560257939441,20220120-122427
1642678265.38,4.240000009536743,3,212,1,0,0.3237692299724138,0.454669058323,0.5380172938955757,-8.25578516257,-174.604849323,-71.1988262279,0,0.2313213327408648,-0.11292560257939441,20220120-122427
1642678265.4,4.259999990463257,3,213,1,0,0.3226456416233658,0.457578927279,0.5465441397997786,-9.03012305908,-173.270799129,-60.9101584542,0,0.2313213327408648,-0.11292560257939441,20220120-122427
1642678265.42,4.2799999713897705,3,214,1,0,0.3202082080423182,0.4575172364715,0.5563118447017817,-4.627338797265001,-171.61217949000002,-51.0782579008,0,0.2313213327408648,-0.11292560257939441,20220120-122427
1642678265.44,4.299999952316284,3,215,1,0,0.3201056272941032,0.4570027291774999,0.5616595860340204,-3.979290564605,-171.250371761,-49.2014933423,0,0.2313213327408648,-0.11292560257939441,20220120-122427
1642678265.46,4.319999933242798,3,216,1,0,0.3200138555839122,0.455926984549,0.5688940992249579,-3.79416944337,-170.096883594,-49.3088010088,0,0.2313213327408648,-0.11292560257939441,20220120-122427
1642678265.48,4.3399999141693115,3,217,1,0,0.3190628099244944,0.457353800535,0.5736030632522916,-2.76942730299,-170.539367618,-47.6936987254,0,0.2313213327408648,-0.11292560257939441,20220120-122427
1642678265.5,4.359999895095825,3,218,1,0,0.3177996305589676,0.458331108093,0.5776659790048426,-1.85048866333,-172.041290806,-46.5384737382,0,0.2313213327408648,-0.11292560257939441,20220120-122427
1642678265.52,4.379999876022339,3,219,1,0,0.3190296061452217,0.457155495882,0.581327231687939,-3.1452469238400003,-168.6291113945,-47.78588681385,0,0.2313213327408648,-0.11292560257939441,20220120-122427
1642678265.54,4.3999998569488525,3,220,1,0,0.3227296684291543,0.456654176116,0.5821185993995701,-6.172288650880001,-163.4232282655,-47.96354979365,0,0.2313213327408648,-0.11292560257939441,20220120-122427
1642678265.56,4.419999837875366,3,221,1,0,0.3263531211958878,0.456446766853,0.5827208930299475,-9.85011005573,-161.001483253,-49.9694878727,0,0.2313213327408648,-0.11292560257939441,20220120-122427
1642678265.58,4.43999981880188,3,222,1,0,0.3274440127616382,0.455865502357,0.5829683620862203,-11.1212320116,-161.154854143,-52.6283599543,0,0.2313213327408648,-0.11292560257939441,20220120-122427
1642678265.6,4.4599997997283936,3,223,1,0,0.3277549332729123,0.456001222134,0.5822299417386334,-9.2228442251,-159.122443354,-51.4893713735,0,0.2313213327408648,-0.11292560257939441,20220120-122427
1642678265.62,4.479999780654907,3,224,1,0,0.3319947318151467,0.4581989198925,0.5809615257870225,-12.9841345342,-157.80699837100002,-48.0454641794,0,0.2313213327408648,-0.11292560257939441,20220120-122427
1642678265.64,4.5,3,225,1,0,0.3336741101575979,0.457855716348,0.5806811416864442,-14.750259829,-156.8249769985,-47.3966017219,0,0.2313213327408648,-0.11292560257939441,20220120-122427
1642678265.66,4.519999980926514,3,226,1,0,0.3353739272424414,0.456620246172,0.5798604091869253,-16.2299628795,-155.592733382,-48.4859775021,0,0.2313213327408648,-0.11292560257939441,20220120-122427
1642678265.68,4.539999961853027,3,227,1,0,0.3350317767312024,0.456928640604,0.580228682896693,-15.3699126775,-155.443123514,-46.9748675012,0,0.2313213327408648,-0.11292560257939441,20220120-122427
1642678265.7,4.559999942779541,3,228,1,0,0.3348321742517054,0.45721617341,0.5792208867659102,-15.4914289916,-157.607848546,-48.0780493421,0,0.2313213327408648,-0.11292560257939441,20220120-122427
1642678265.72,4.579999923706055,3,229,1,0,0.3336742435707714,0.4574276804925,0.5786460354890589,-14.20565499355,-159.113032106,-47.0938711369,0,0.2313213327408648,-0.11292560257939441,20220120-122427
1642678265.74,4.599999904632568,3,230,1,0,0.3308676274042379,0.4573759436605,0.5780335994598879,-11.257640497505,-161.509400357,-45.691694053,0,0.2313213327408648,-0.11292560257939441,20220120-122427
1642678265.76,4.619999885559082,3,231,1,0,0.3226589823856736,0.458138465881,0.576832260946854,-2.62543482106,-170.108155838,-44.8784210491,0,0.2313213327408648,-0.11292560257939441,20220120-122427
1642678265.78,4.639999866485596,3,232,1,0,0.3147494239671779,0.45881664753,0.5780155615321114,1.96678820114,178.989207513,-42.1540862606,0,0.2313213327408648,-0.11292560257939441,20220120-122427
1642678265.8,4.659999847412109,3,233,1,0,0.3028241152896655,0.459563016891,0.5777417969522958,5.51886757561,168.585475925,-43.4034326291,0,0.2313213327408648,-0.11292560257939441,20220120-122427
1642678265.82,4.679999828338623,3,234,1,0,0.2869915028782362,0.4608727097514999,0.5768847013353356,1.6198638181449998,157.935365295,-50.05885723965,0,0.2313213327408648,-0.11292560257939441,20220120-122427
1642678265.84,4.699999809265137,3,235,1,0,0.2799861742787047,0.4610264450315,0.5779125361050685,-3.57815180215,154.54348944,-54.60023589645,0,0.2313213327408648,-0.11292560257939441,20220120-122427
1642678265.86,4.71999979019165,3,236,1,0,0.2714608087013231,0.461514294147,0.580815288659092,-6.82759471551,151.068695501,-58.3217026501,0,0.2313213327408648,-0.11292560257939441,20220120-122427
1642678265.88,4.740000009536743,3,237,1,0,0.2664022629799198,0.46103361249,0.5823536174368631,-5.34584765744,150.959064453,-61.3699218102,0,0.2313213327408648,-0.11292560257939441,20220120-122427
1642678265.9,4.759999990463257,3,238,1,0,0.2638092591718087,0.458918750286,0.5854809777727652,-7.87866907237,148.782476722,-65.9054089075,0,0.2313213327408648,-0.11292560257939441,20220120-122427
1642678265.92,4.7799999713897705,3,239,1,0,0.2616621053282909,0.4574510902165,0.5896244139526111,-10.42700139039,148.82520496,-68.54914049909999,0,0.2313213327408648,-0.11292560257939441,20220120-122427
1642678265.94,4.799999952316284,3,240,1,0,0.2601523374630287,0.4593190848825,0.5930956328978112,-12.1244636968,151.2890267755,-65.14569173545,0,0.2313213327408648,-0.11292560257939441,20220120-122427
1642678265.96,4.819999933242798,3,241,1,0,0.2563992372005997,0.461062043905,0.6009705672473111,-11.4872871856,154.026454112,-58.5042205511,0,0.2313213327408648,-0.11292560257939441,20220120-122427
1642678265.98,4.8399999141693115,3,242,1,0,0.2544568785223325,0.45982542634,0.6059438255029588,-10.0591439969,154.708693465,-60.1888063461,0,0.2313213327408648,-0.11292560257939441,20220120-122427
1642678266.0,4.859999895095825,3,243,1,0,0.2534626522221858,0.45814871788,0.6109863034041835,-10.9957076194,153.721985361,-63.360259021,0,0.2313213327408648,-0.11292560257939441,20220120-122427
1642678266.02,4.879999876022339,3,244,1,0,0.2498436725377411,0.457458719611,0.6164743723124324,-10.08923376924,152.8103192335,-63.91147779945,0,0.2313213327408648,-0.11292560257939441,20220120-122427
1642678266.04,4.8999998569488525,3,245,1,0,0.2465698829172331,0.4591998308895,0.6193811147224736,-10.011992125025,153.350208237,-61.1317876459,0,0.2313213327408648,-0.11292560257939441,20220120-122427
1642678266.06,4.919999837875366,3,246,1,0,0.2423282602190587,0.461338460445,0.6253601715727588,-10.5342047019,156.381146683,-57.5957800729,0,0.2313213327408648,-0.11292560257939441,20220120-122427
1642678266.08,4.93999981880188,3,247,1,0,0.2413574022186668,0.460762679577,0.6304613318505503,-12.4606815693,157.130189363,-59.9467353008,0,0.2313213327408648,-0.11292560257939441,20220120-122427
1642678266.1,4.9599997997283936,3,248,1,0,0.2395848995287973,0.459469884634,0.6333334050665514,-10.761755254,156.194887209,-63.3457684442,0,0.2313213327408648,-0.11292560257939441,20220120-122427
1642678266.12,4.979999780654907,3,249,1,0,0.2366513952852033,0.4598363786935,0.6356131447372707,-9.119174329315,155.28574069450002,-57.3875608733,0,0.2313213327408648,-0.11292560257939441,20220120-122427
1642678266.14,5.0,3,250,1,0,0.2339971945941563,0.4609671235085,0.6353551424679091,-6.13156110889,154.9899248105,-49.49204389729999,0,0.2313213327408648,-0.11292560257939441,20220120-122427
1642678266.16,5.019999980926514,3,251,1,0,0.2309029772487565,0.460725158453,0.6315667583435939,-2.1309873901,152.486700256,-44.0999375091,0,0.2313213327408648,-0.11292560257939441,20220120-122427
1642678266.18,5.039999961853027,3,252,1,0,0.2271616588122861,0.459603309631,0.6263679640542248,0.0672311953652,148.915384627,-45.0664106205,0,0.2313213327408648,-0.11292560257939441,20220120-122427
1642678266.2,5.059999942779541,3,253,1,0,0.2210516854906282,0.461140424013,0.6195167413440131,0.535492615614,143.515813436,-43.2716030476,0,0.2313213327408648,-0.11292560257939441,20220120-122427
1642678266.22,5.079999923706055,3,254,1,0,0.2064414535493726,0.464232325554,0.5989129926763067,4.06149796271,123.530469398,-44.0840908567,0,0.2313213327408648,-0.11292560257939441,20220120-122427
1642678266.24,5.099999904632568,3,255,1,0,0.1949928414548271,0.466134727001,0.5797797855658181,7.43427481248,106.49443781815,-47.56816124465,0,0.2313213327408648,-0.11292560257939441,20220120-122427
1642678266.26,5.119999885559082,3,256,1,0,0.1807695936943376,0.467364758253,0.5509545558316539,4.25292485229,87.2439748624,-59.1844690828,0,0.2313213327408648,-0.11292560257939441,20220120-122427
1642678266.28,5.139999866485596,3,257,1,0,0.172070894606476,0.467315137386,0.538926493438729,-4.32000515292,82.0208152896,-64.7941778967,0,0.2313213327408648,-0.11292560257939441,20220120-122427
1642678266.3,5.159999847412109,3,258,1,0,0.1667785351573784,0.46727219224,0.5285461273937104,-6.76285437764,77.8361112485,-70.3280535058,0,0.2313213327408648,-0.11292560257939441,20220120-122427
1642678266.32,5.179999828338623,3,259,1,0,0.1616765786774055,0.4665945917365,0.5091742022021692,-0.159682165515,71.8024520318,-73.71565295555,0,0.2313213327408648,-0.11292560257939441,20220120-122427
1642678266.34,5.199999809265137,3,260,1,0,0.1585923192268102,0.464579358697,0.4976845770636365,1.2778241298625,68.3440174935,-76.976141962,0,0.2313213327408648,-0.11292560257939441,20220120-122427
1642678266.36,5.21999979019165,3,261,1,0,0.152527337609,0.459834992886,0.4854893249299374,-4.09931728908,64.404542833,-83.0744084533,0,0.2313213327408648,-0.11292560257939441,20220120-122427
1642678266.38,5.240000009536743,3,262,1,0,0.1478747861370496,0.45623922348,0.4778425309449249,-6.04266428324,69.9907525762,-80.6603513455,0,0.2313213327408648,-0.11292560257939441,20220120-122427
1642678266.4,5.259999990463257,3,263,1,0,0.1409196568232114,0.456818163395,0.4717239004696609,-5.90259294961,71.3783706498,-75.9853635888,0,0.2313213327408648,-0.11292560257939441,20220120-122427
1642678266.42,5.2799999713897705,3,264,1,0,0.1306434618348696,0.4608964324,0.4661611691858655,-6.336749380595,65.30183547645,-75.51951307190001,0,0.2313213327408648,-0.11292560257939441,20220120-122427
1642678266.44,5.299999952316284,3,265,1,0,0.1262535760801623,0.459923237562,0.4619954594554052,-7.0957122073350005,65.05558792209999,-77.8982001853,0,0.2313213327408648,-0.11292560257939441,20220120-122427
1642678266.46,5.319999933242798,3,266,1,0,0.1214856963661094,0.456819236279,0.4584784428351288,-8.59127825528,64.8322824108,-85.726511388,0,0.2313213327408648,-0.11292560257939441,20220120-122427
1642678266.48,5.3399999141693115,3,267,1,0,0.1149639812931577,0.456490129232,0.4562867388113953,-9.11229830405,64.6766838817,-81.8846583932,0,0.2313213327408648,-0.11292560257939441,20220120-122427
1642678266.5,5.359999895095825,3,268,1,0,0.1088044626394705,0.45900028944,0.4520138633973765,-8.56527959407,66.9718542483,-75.1239775119,0,0.2313213327408648,-0.11292560257939441,20220120-122427
1642678266.52,5.379999876022339,3,269,1,0,0.0992781642301073,0.459045499563,0.4459050656286811,-8.473246579455001,65.4381911644,-71.148424856,0,0.2313213327408648,-0.11292560257939441,20220120-122427
1642678266.54,5.3999998569488525,3,270,1,0,0.0957933491448055,0.457870647311,0.4431634677380084,-8.735472935005,63.80014121945,-75.8145340156,0,0.2313213327408648,-0.11292560257939441,20220120-122427
1642678266.56,5.419999837875366,3,271,1,0,0.0944630042115045,0.4563882797955,0.4397419843974537,-8.31621775958,64.18814198235,-80.852076282,0,0.2313213327408648,-0.11292560257939441,20220120-122427
1642678266.58,5.43999981880188,3,272,1,0,0.0883807751615031,0.457484900951,0.4334035768810215,-8.16769642002,63.5935311241,-76.2215710444,0,0.2313213327408648,-0.11292560257939441,20220120-122427
1642678266.6,5.4599997997283936,3,273,1,0,0.0825687188020549,0.459291666746,0.4286940404854876,-6.76001852327,64.4505844339,-70.6661174848,0,0.2313213327408648,-0.11292560257939441,20220120-122427
1642678266.62,5.479999780654907,3,274,1,0,0.075089730739368,0.4592818915845,0.4244940369098026,-7.570663162344999,65.27659732654999,-69.5563890954,0,0.2313213327408648,-0.11292560257939441,20220120-122427
1642678266.64,5.5,3,275,1,0,0.0711231093585554,0.4579924792055,0.4233513461562388,-9.25245975001,66.13553740975,-71.22848726205001,0,0.2313213327408648,-0.11292560257939441,20220120-122427
1642678266.66,5.519999980926514,3,276,1,0,0.0644621541074049,0.457188606262,0.4220974571379118,-8.78852345341,72.3898393428,-66.0585137564,0,0.2313213327408648,-0.11292560257939441,20220120-122427
1642678266.68,5.539999961853027,3,277,1,0,0.0584691113820756,0.460340708494,0.423647764385713,-8.43595789577,74.6291241239,-56.9126329584,0,0.2313213327408648,-0.11292560257939441,20220120-122427
1642678266.7,5.559999942779541,3,278,1,0,0.0560855263072519,0.459884732962,0.4225794520763908,-4.87610247206,75.1521168042,-50.8810469103,0,0.2313213327408648,-0.11292560257939441,20220120-122427
1642678266.72,5.579999923706055,3,279,1,0,0.0554025049710916,0.457427456975,0.4182949040830369,-3.4754457503,72.46409318639999,-47.08073388055,0,0.2313213327408648,-0.11292560257939441,20220120-122427
1642678266.74,5.599999904632568,3,280,1,0,0.0552129671929476,0.4577298015359999,0.4144552019244293,-4.178637038295,71.10896590085,-43.6843805006,0,0.2313213327408648,-0.11292560257939441,20220120-122427
1642678266.76,5.619999885559082,3,281,1,0,0.0543352733078905,0.459540247917,0.4052501965131962,-5.01002475634,67.4945960438,-40.4426998785,0,0.2313213327408648,-0.11292560257939441,20220120-122427
1642678266.78,5.639999866485596,3,282,1,0,0.0566138472941935,0.459684580564,0.3945341949885027,-3.39290583603,58.317466709,-42.1557578913,0,0.2313213327408648,-0.11292560257939441,20220120-122427
1642678266.8,5.659999847412109,3,283,1,0,0.0626963959732138,0.459781944752,0.3817831544095722,0.36697425756,45.3402025811,-45.7017984021,0,0.2313213327408648,-0.11292560257939441,20220120-122427
1642678266.82,5.679999828338623,3,284,1,0,0.0751337516845297,0.4614221751689999,0.3645286146521056,4.188590951775,29.3487175343,-52.29715159755,0,0.2313213327408648,-0.11292560257939441,20220120-122427
1642678266.84,5.699999809265137,3,285,1,0,0.083502292689827,0.4623704403635,0.3555256223739667,3.92874337128,22.6038473296,-57.99468301745,0,0.2313213327408648,-0.11292560257939441,20220120-122427
1642678266.86,5.71999979019165,3,286,1,0,0.089981636295158,0.463725224137,0.3482719457849846,0.5464351648250001,18.3607666945,-63.92973814595,0,0.2313213327408648,-0.11292560257939441,20220120-122427
1642678266.88,5.740000009536743,3,287,1,0,0.0956014611515258,0.464574575424,0.3342509855811493,-4.56585037668,15.4056455622,-67.5779088035,0,0.2313213327408648,-0.11292560257939441,20220120-122427
1642678266.9,5.759999990463257,3,288,1,0,0.0982329871876387,0.465835571289,0.3259359839621471,-5.70380415591,12.9470416515,-70.7714788522,0,0.2313213327408648,-0.11292560257939441,20220120-122427
1642678266.92,5.7799999713897705,3,289,1,0,0.101749636074128,0.463344871998,0.3105455726451218,-4.684449185775,12.0313962809,-68.00760159955,0,0.2313213327408648,-0.11292560257939441,20220120-122427
1642678266.94,5.799999952316284,3,290,1,0,0.1030051281886209,0.46060487628,0.3020559387436394,-4.213340781445,10.889053698,-69.42860286314999,0,0.2313213327408648,-0.11292560257939441,20220120-122427
1642678266.96,5.819999933242798,3,291,1,0,0.1026559904130586,0.456735551357,0.2900713487045784,-5.54547191394,11.3063265274,-73.3856835771,0,0.2313213327408648,-0.11292560257939441,20220120-122427
1642678266.98,5.8399999141693115,3,292,1,0,0.1039769811714849,0.454841464758,0.2825016250853029,-4.93360889682,13.3142974639,-74.9688919417,0,0.2313213327408648,-0.11292560257939441,20220120-122427
1642678267.0,5.859999895095825,3,293,1,0,0.1045227124844025,0.456581294537,0.2739638585046624,-4.72137336242,12.7117293502,-72.561363697,0,0.2313213327408648,-0.11292560257939441,20220120-122427
1642678267.02,5.879999876022339,3,294,1,0,0.1070335974405435,0.458990931511,0.2602459192048756,-2.531574514175,13.9153124552,-65.96195706559999,0,0.2313213327408648,-0.11292560257939441,20220120-122427
1642678267.04,5.8999998569488525,3,295,1,0,0.1083054328027794,0.4609021395445,0.253493014279569,-2.76759495925,12.37401269215,-67.11623725474999,0,0.2313213327408648,-0.11292560257939441,20220120-122427
1642678267.06,5.919999837875366,3,296,1,0,0.1093853067690113,0.461236268282,0.2477097492459776,-3.430075644845,10.323297269225,-71.10721633225,0,0.2313213327408648,-0.11292560257939441,20220120-122427
1642678267.08,5.93999981880188,3,297,1,0,0.1102136280958368,0.461101859808,0.2380154520674471,-4.57149523179,11.4890422252,-74.2339597123,0,0.2313213327408648,-0.11292560257939441,20220120-122427
1642678267.1,5.9599997997283936,3,298,1,0,0.1083970701710868,0.461342513561,0.2297828371669028,-6.03110758963,10.7887559407,-73.0447597086,0,0.2313213327408648,-0.11292560257939441,20220120-122427
1642678267.12,5.979999780654907,3,299,1,0,0.1099066520120526,0.459219574928,0.2220156021696943,-2.86070660107,14.2445127482,-71.8033094987,0,0.2313213327408648,-0.11292560257939441,20220120-122427
1642678267.14,6.0,3,300,1,0,0.1092042310165319,0.456781595945,0.2068070899092526,-2.97877229771,15.2009451401,-67.3170328076,0,0.2313213327408648,-0.11292560257939441,20220120-122427
1642678267.16,6.019999980926514,3,301,1,0,0.1071197634612814,0.455469369888,0.1947603777145855,-5.82157446257,13.7912656873,-71.3997635691,0,0.2313213327408648,-0.11292560257939441,20220120-122427
1642678267.18,6.039999961853027,3,302,1,0,0.1065349171619633,0.454076439142,0.1884803932480706,-6.45683151772,13.2021340753,-75.3593075562,0,0.2313213327408648,-0.11292560257939441,20220120-122427
1642678267.2,6.059999942779541,3,303,1,0,0.1032138543670719,0.456729382277,0.1814626066318144,-8.71873238477,11.4863881117,-74.7481255885,0,0.2313213327408648,-0.11292560257939441,20220120-122427
1642678267.22,6.079999923706055,3,304,1,0,0.1007626851594525,0.4596401005985,0.1701536253571466,-9.02646481326,14.3300436961,-68.88783806845001,0,0.2313213327408648,-0.11292560257939441,20220120-122427
1642678267.24,6.099999904632568,3,305,1,0,0.0985760864698545,0.4599833488465,0.1626617688509805,-8.443112247275,15.08057420625,-67.5340712398,0,0.2313213327408648,-0.11292560257939441,20220120-122427
1642678267.26,6.119999885559082,3,306,1,0,0.0949789298777499,0.456785440445,0.1528509894420961,-6.32882315969,15.7495150205,-71.2726005084,0,0.2313213327408648,-0.11292560257939441,20220120-122427
1642678267.28,6.139999866485596,3,307,1,0,0.0928750576392615,0.454590857029,0.1494549291451391,-5.54974678397,15.2444676669,-78.2135675446,0,0.2313213327408648,-0.11292560257939441,20220120-122427
1642678267.3,6.159999847412109,3,308,1,0,0.0868177495560373,0.454100996256,0.1430233905949597,-8.22282742739,16.2152238437,-76.2502785499,0,0.2313213327408648,-0.11292560257939441,20220120-122427
1642678267.32,6.179999828338623,3,309,1,0,0.0847354232307281,0.454596817493,0.1365058539875546,-7.31516288892,19.243651432,-73.4174335885,0,0.2313213327408648,-0.11292560257939441,20220120-122427
1642678267.34,6.199999809265137,3,310,1,0,0.0798296321693845,0.4558186233044999,0.1276653792538365,-7.739675492234999,20.7489394,-71.9088784999,0,0.2313213327408648,-0.11292560257939441,20220120-122427
1642678267.36,6.21999979019165,3,311,1,0,0.0764189238538318,0.455603733659,0.1234112809204267,-8.024255405975,22.05977520725,-73.0878788169,0,0.2313213327408648,-0.11292560257939441,20220120-122427
1642678267.38,6.240000009536743,3,312,1,0,0.0720872005351251,0.454695165157,0.120637755524783,-7.04195497163,27.2580658113,-76.899942886,0,0.2313213327408648,-0.11292560257939441,20220120-122427
1642678267.4,6.259999990463257,3,313,1,0,0.0662134863903635,0.455561071634,0.121304149554616,-10.1927084711,33.4310415877,-77.9324546869,0,0.2313213327408648,-0.11292560257939441,20220120-122427
1642678267.42,6.2799999713897705,3,314,1,0,0.0529707245732239,0.4568371921774999,0.1232257510743848,-16.974622532,42.2663327931,-76.46314451005,0,0.2313213327408648,-0.11292560257939441,20220120-122427
1642678267.44,6.299999952316284,3,315,1,0,0.0475403483963138,0.4558691829444999,0.1236905487610665,-16.7579410416,43.0491526669,-78.54336089845,0,0.2313213327408648,-0.11292560257939441,20220120-122427
1642678267.46,6.319999933242798,3,316,1,0,0.0435895193618066,0.454218029976,0.1227610050424611,-12.2440220978,43.8458621877,-82.9463657853,0,0.2313213327408648,-0.11292560257939441,20220120-122427
1642678267.48,6.3399999141693115,3,317,1,0,0.0385645912326019,0.455211818218,0.1223067328483899,-11.889706983,46.8459339787,-82.3147245363,0,0.2313213327408648,-0.11292560257939441,20220120-122427
1642678267.5,6.359999895095825,3,318,1,0,0.0307393843992687,0.45734372735,0.1222557470988613,-14.6899040225,50.358450508,-78.7892248985,0,0.2313213327408648,-0.11292560257939441,20220120-122427
1642678267.52,6.379999876022339,3,319,1,0,0.0243185346840825,0.458078563213,0.1213857031135235,-16.1788187719,56.0999927621,-76.435781699,0,0.2313213327408648,-0.11292560257939441,20220120-122427
1642678267.54,6.3999998569488525,3,320,1,0,0.0170279689554323,0.455236002803,0.1203545622621487,-16.260302780700002,60.62578822415,-80.59620694,0,0.2313213327408648,-0.11292560257939441,20220120-122427
1642678267.56,6.419999837875366,3,321,1,0,0.0123682102109855,0.4542351216075,0.1192262365232371,-16.2360566817,60.9836956617,-83.00955018905,0,0.2313213327408648,-0.11292560257939441,20220120-122427
1642678267.58,6.43999981880188,3,322,1,0,0.0054900122716859,0.453593254089,0.1146824551330524,-11.8603991205,61.3637273585,-79.8746464051,0,0.2313213327408648,-0.11292560257939441,20220120-122427
1642678267.6,6.4599997997283936,3,323,1,0,-0.0028631375851728,0.457095324993,0.1122573835044517,-13.5528340067,56.9327077458,-74.9338762898,0,0.2313213327408648,-0.11292560257939441,20220120-122427
1642678267.62,6.479999780654907,3,324,1,0,-0.0055248549934349,0.456791132689,0.1091495294462301,-11.7422341784,58.3325402538,-75.2875523173,0,0.2313213327408648,-0.11292560257939441,20220120-122427
1642678267.64,6.5,3,325,1,0,-0.0113314272275849,0.455702677369,0.1064434703355637,-13.2942221614,55.9378237127,-78.08977051869999,0,0.2313213327408648,-0.11292560257939441,20220120-122427
1642678267.66,6.519999980926514,3,326,1,0,-0.0122049787549243,0.453943997622,0.1022597184659559,-11.0769904597,57.5411505936,-78.4699893973,0,0.2313213327408648,-0.11292560257939441,20220120-122427
1642678267.68,6.539999961853027,3,327,1,0,-0.0133128337547987,0.454897671938,0.0979009600979086,-6.90723854821,52.051848543,-75.6056756911,0,0.2313213327408648,-0.11292560257939441,20220120-122427
1642678267.7,6.559999942779541,3,328,1,0,-0.0157145491734313,0.456407517195,0.0917631102661945,-4.94401991534,46.3778959687,-69.5664509003,0,0.2313213327408648,-0.11292560257939441,20220120-122427
1642678267.72,6.579999923706055,3,329,1,0,-0.0157022140461001,0.4554516822095,0.085392756851632,-3.4316279853700005,44.0929332581,-69.80013615285,0,0.2313213327408648,-0.11292560257939441,20220120-122427
1642678267.74,6.599999904632568,3,330,1,0,-0.0167325967527166,0.4549586474895,0.0823681408161658,-5.435121256285001,42.55353302515,-72.19574012145,0,0.2313213327408648,-0.11292560257939441,20220120-122427
1642678267.76,6.619999885559082,3,331,1,0,-0.017838066722186,0.4553248733285,0.078432326413889,-6.42359139091,42.70615226625,-72.35743354575,0,0.2313213327408648,-0.11292560257939441,20220120-122427
1642678267.78,6.639999866485596,3,332,1,0,-0.0224671939930077,0.458236217499,0.0704149860480817,-6.97672945694,42.704742873,-67.0946760106,0,0.2313213327408648,-0.11292560257939441,20220120-122427
1642678267.8,6.659999847412109,3,333,1,0,-0.0257327256828261,0.458956837654,0.0652551656813013,-6.03873847057,45.7181558946,-65.2308510356,0,0.2313213327408648,-0.11292560257939441,20220120-122427
1642678267.82,6.679999828338623,3,334,1,0,-0.0298704002397024,0.459578037262,0.0633187855931583,-7.12411672173,44.2288417856,-69.9946923761,0,0.2313213327408648,-0.11292560257939441,20220120-122427
1642678267.84,6.699999809265137,3,335,1,0,-0.035594781118535,0.456121787429,0.0583923837084251,-5.108387117475,43.25243498985,-74.97381614625,0,0.2313213327408648,-0.11292560257939441,20220120-122427
1642678267.86,6.71999979019165,3,336,1,0,-0.0399139151314404,0.455791130662,0.0551110334560043,-5.3723365990800005,43.39411363945,-74.72248073770001,0,0.2313213327408648,-0.11292560257939441,20220120-122427
1642678267.88,6.740000009536743,3,337,1,0,-0.044714850666009,0.457385450602,0.046124982228398,-4.96797735497,41.9586177929,-68.9584264361,0,0.2313213327408648,-0.11292560257939441,20220120-122427
1642678267.9,6.759999990463257,3,338,1,0,-0.0463590907320859,0.458176463842,0.0395655672324253,-2.57967949956,38.3328192571,-66.7699225626,0,0.2313213327408648,-0.11292560257939441,20220120-122427
1642678267.92,6.7799999713897705,3,339,1,0,-0.0492937497535067,0.4565003365275,0.0313708427018062,-2.603694931865,41.19055304375,-66.285768961,0,0.2313213327408648,-0.11292560257939441,20220120-122427
1642678267.94,6.799999952316284,3,340,1,0,-0.0524751361941527,0.4560937583445,0.0271915132044429,-3.734274270675,41.60841851735,-66.7726476813,0,0.2313213327408648,-0.11292560257939441,20220120-122427
1642678267.96,6.819999933242798,3,341,1,0,-0.058177432474967,0.457361847162,0.0204465014607282,-3.980210735,43.0876731215,-63.2552604042,0,0.2313213327408648,-0.11292560257939441,20220120-122427
1642678267.98,6.8399999141693115,3,342,1,0,-0.0618519505109937,0.458332538605,0.0157443145224789,-3.94216906275,43.988879644,-60.8348099142,0,0.2313213327408648,-0.11292560257939441,20220120-122427
1642678268.0,6.859999895095825,3,343,1,0,-0.0658788751135849,0.458244383335,0.0110163411983748,-3.51645822915,46.7347469294,-57.7692615521,0,0.2313213327408648,-0.11292560257939441,20220120-122427
1642678268.02,6.879999876022339,3,344,1,0,-0.0703183665332222,0.458302289248,0.0069561929204831,-4.23748027206,46.9371802459,-55.4584717086,0,0.2313213327408648,-0.11292560257939441,20220120-122427
1642678268.04,6.8999998569488525,3,345,1,0,-0.0747360632719263,0.45773281157,0.0022977086222838,-3.253950805255,48.88472563855,-51.80729366495,0,0.2313213327408648,-0.11292560257939441,20220120-122427
1642678268.06,6.919999837875366,3,346,1,0,-0.0757772483469674,0.4578136503695,-0.0008764133818295,-1.1869932051215502,48.26732104255,-49.29486439985,0,0.2313213327408648,-0.11292560257939441,20220120-122427
1642678268.08,6.93999981880188,3,347,1,0,-0.0774661462776874,0.459292024374,-0.0078414708104865,2.38107902127,46.0693512652,-44.4526413256,0,0.2313213327408648,-0.11292560257939441,20220120-122427
1642678268.1,6.9599997997283936,3,348,1,0,-0.0804217335216008,0.459315240383,-0.013649317231022,1.77432765169,44.2053978074,-44.29732684,0,0.2313213327408648,-0.11292560257939441,20220120-122427
1642678268.12,6.979999780654907,3,349,1,0,-0.0842531667895893,0.458066135645,-0.0184874318558139,-1.0055166045,45.1456456237,-47.1276971248,0,0.2313213327408648,-0.11292560257939441,20220120-122427
1642678268.14,7.0,3,350,1,0,-0.089922353038827,0.4578762203455,-0.0236982779507686,-3.95854667521,45.88043900395,-52.7182027405,0,0.2313213327408648,-0.11292560257939441,20220120-122427
1642678268.16,7.019999980926514,3,351,1,0,-0.0951703003454546,0.459972143173,-0.027509336421123,-5.33447265765,49.1398241233,-53.6551048913,0,0.2313213327408648,-0.11292560257939441,20220120-122427
1642678268.18,7.039999961853027,3,352,1,0,-0.0995469244228765,0.462027698755,-0.0286122420857829,-8.54754302457,49.7851626759,-52.0233703681,0,0.2313213327408648,-0.11292560257939441,20220120-122427
1642678268.2,7.059999942779541,3,353,1,0,-0.104219834589711,0.463084816933,-0.0303072300026683,-10.1937342533,51.1981134863,-50.5824075848,0,0.2313213327408648,-0.11292560257939441,20220120-122427
1642678268.22,7.079999923706055,3,354,1,0,-0.1098762962695082,0.4615667015315,-0.0315437108507824,-9.7024889178,53.50933714825,-52.552211598,0,0.2313213327408648,-0.11292560257939441,20220120-122427
1642678268.24,7.099999904632568,3,355,1,0,-0.1128559582008164,0.4601557552815,-0.0319043833497541,-9.025038189305,53.8242346941,-54.31794877265,0,0.2313213327408648,-0.11292560257939441,20220120-122427
1642678268.26,7.119999885559082,3,356,1,0,-0.1154226129149264,0.4595692455765,-0.0323530986034441,-9.099446421735,52.7748997297,-55.3887605211,0,0.2313213327408648,-0.11292560257939441,20220120-122427
1642678268.28,7.139999866485596,3,357,1,0,-0.1191242717680014,0.459992527962,-0.0340566500664434,-9.65763687533,52.1465087808,-55.7137293517,0,0.2313213327408648,-0.11292560257939441,20220120-122427
1642678268.3,7.159999847412109,3,358,1,0,-0.1236616408397842,0.460759401321,-0.0344872238290025,-11.9820862828,55.5685144457,-55.332383222,0,0.2313213327408648,-0.11292560257939441,20220120-122427
1642678268.32,7.179999828338623,3,359,1,0,-0.127475787460234,0.460702359676,-0.0338356411897056,-13.6841355285,58.5797229037,-58.3335023575,0,0.2313213327408648,-0.11292560257939441,20220120-122427
1642678268.34,7.199999809265137,3,360,1,0,-0.1314943991824995,0.45941054821,-0.0331846649965109,-14.4556613535,58.0085320804,-63.81316982285,0,0.2313213327408648,-0.11292560257939441,20220120-122427
1642678268.36,7.21999979019165,3,361,1,0,-0.1326207414861355,0.4594449698925,-0.0341297645754992,-13.4158748155,57.71769342465,-61.8022450599,0,0.2313213327408648,-0.11292560257939441,20220120-122427
1642678268.38,7.240000009536743,3,362,1,0,-0.13457320676721,0.461007922888,-0.0339893477476038,-13.8227970552,58.7411407093,-54.4259876566,0,0.2313213327408648,-0.11292560257939441,20220120-122427
1642678268.4,7.259999990463257,3,363,1,0,-0.1357371671694775,0.461079001427,-0.0327279731394368,-14.2654415073,61.3858464593,-49.9966882273,0,0.2313213327408648,-0.11292560257939441,20220120-122427
1642678268.42,7.2799999713897705,3,364,1,0,-0.1354945538733161,0.4622944742445,-0.0306822224362084,-16.82039659255,64.1688951246,-44.8795017464,0,0.2313213327408648,-0.11292560257939441,20220120-122427
1642678268.44,7.299999952316284,3,365,1,0,-0.133111167099326,0.4623479098085,-0.0307188054261053,-17.517899229900003,63.6870137482,-44.24541797365,0,0.2313213327408648,-0.11292560257939441,20220120-122427
1642678268.46,7.319999933242798,3,366,1,0,-0.1241524503469004,0.461984574795,-0.03484993980808,-14.7110676952,54.6404811744,-47.2383242439,0,0.2313213327408648,-0.11292560257939441,20220120-122427
1642678268.48,7.3399999141693115,3,367,1,0,-0.1093985600434234,0.462585866451,-0.0421636120824883,-5.69176670853,38.7436182936,-51.2581819559,0,0.2313213327408648,-0.11292560257939441,20220120-122427
1642678268.5,7.359999895095825,3,368,1,0,-0.0865690615435992,0.465988129377,-0.0494870492067973,7.36190707999,18.3289114264,-52.8229541983,0,0.2313213327408648,-0.11292560257939441,20220120-122427
1642678268.52,7.379999876022339,3,369,1,0,-0.0623024705372529,0.471342265606,-0.0546197650930523,13.8400561155,-2.60880835869,-51.6415607265,0,0.2313213327408648,-0.11292560257939441,20220120-122427
1642678268.54,7.3999998569488525,3,370,1,0,-0.0363688264674854,0.4789413362745,-0.0610661273305438,5.364266794185,-17.4659114295,-50.69581891205,0,0.2313213327408648,-0.11292560257939441,20220120-122427
1642678268.56,7.419999837875366,3,371,1,0,-0.0246673189898048,0.4834479391575,-0.0672287809645067,-0.5870152700500002,-17.777078179,-50.2067281601,1,0.2313213327408648,-0.11292560257939441,20220120-122427
1642678268.58,7.43999981880188,3,372,1,0,-0.0119473043607354,0.487431645393,-0.0766907801346604,-4.67453840993,-16.43124375,-52.601014739,1,0.2313213327408648,-0.11292560257939441,20220120-122427
1642678268.6,7.4599997997283936,3,373,1,0,-0.0037887416557201,0.486749827862,-0.0811953847793281,-2.36890555392,-17.4464363022,-56.7795035101,1,0.2313213327408648,-0.11292560257939441,20220120-122427
1642678268.62,7.479999780654907,3,374,1,0,0.0038531056165207,0.484631001949,-0.0853152237974738,0.863655007346,-20.0912890442,-60.6672027501,1,0.2313213327408648,-0.11292560257939441,20220120-122427
1642678268.64,7.5,3,375,1,0,0.0153341425686233,0.479838490486,-0.0921885166467525,2.03167750117615,-20.9408916643,-63.2514016169,1,0.2313213327408648,-0.11292560257939441,20220120-122427
1642678268.66,7.519999980926514,3,376,1,0,0.0229308352182805,0.474021434784,-0.1004876479321122,-4.19132323183,-24.7736517569,-66.3613513409,1,0.2313213327408648,-0.11292560257939441,20220120-122427
1642678268.68,7.539999961853027,3,377,1,0,0.0301191934409021,0.470850974321,-0.1021443871885113,-1.91428716557,-24.4714386429,-68.8955000194,1,0.2313213327408648,-0.11292560257939441,20220120-122427
1642678268.7,7.559999942779541,3,378,1,0,0.0376153738276516,0.47236764431,-0.1066497662358154,0.336419192609,-27.5924856622,-63.1490169277,1,0.2313213327408648,-0.11292560257939441,20220120-122427
1642678268.72,7.579999923706055,3,379,1,0,0.0500671417385836,0.479051589966,-0.1085576521670775,6.13433074292,-34.42343641225,-51.81162196615,1,0.2313213327408648,-0.11292560257939441,20220120-122427
1642678268.74,7.599999904632568,3,380,1,0,0.0587952430155635,0.4859153926375,-0.1102504688633275,8.255278023875,-38.3260123544,-40.76208804995,1,0.2313213327408648,-0.11292560257939441,20220120-122427
1642678268.76,7.619999885559082,3,381,1,0,0.0671197585920876,0.492865115404,-0.1121961971544938,7.88791234062,-41.9912946487,-30.20644995585,1,0.2313213327408648,-0.11292560257939441,20220120-122427
1642678268.78,7.639999866485596,3,382,1,0,0.0791551654660511,0.50162768364,-0.1141295151672192,4.98762682578,-47.2459734952,-20.954051491,1,0.2313213327408648,-0.11292560257939441,20220120-122427
1642678268.8,7.659999847412109,3,383,1,0,0.0879488951481104,0.504945039749,-0.116978837418958,4.66273661227,-48.3508400243,-18.8149613604,1,0.2313213327408648,-0.11292560257939441,20220120-122427
1642678268.82,7.679999828338623,3,384,1,0,0.0960463521387322,0.504902243614,-0.1211223727612842,4.50012427811,-48.481801887,-21.4016644299,1,0.2313213327408648,-0.11292560257939441,20220120-122427
1642678268.84,7.699999809265137,3,385,1,0,0.108123843161318,0.50612193346,-0.1262243924417327,4.635717014585,-51.3128400784,-22.85701755775,1,0.2313213327408648,-0.11292560257939441,20220120-122427
1642678268.86,7.71999979019165,3,386,1,0,0.1150802180779967,0.508986413479,-0.1294051206750021,4.254839937935,-53.44917961425,-21.345504467,1,0.2313213327408648,-0.11292560257939441,20220120-122427
1642678268.88,7.740000009536743,3,387,1,0,0.1225998234469939,0.516410946846,-0.1334236279730188,4.68550455885,-54.6133766209,-20.0468991707,1,0.2313213327408648,-0.11292560257939441,20220120-122427
1642678268.9,7.759999990463257,3,388,1,0,0.1267496745288013,0.523387074471,-0.1349129117236281,5.75577264892,-55.6045265037,-17.5682592471,1,0.2313213327408648,-0.11292560257939441,20220120-122427
1642678268.92,7.7799999713897705,3,389,1,0,0.1326893702048402,0.5325043201445,-0.1356434965127262,6.4567242167300005,-57.10461344275,-16.3286084966,1,0.2313213327408648,-0.11292560257939441,20220120-122427
1642678268.94,7.799999952316284,3,390,1,0,0.1364605834373974,0.5368228852745001,-0.1361656272457506,5.730595480235,-57.48846430805,-17.24536593655,1,0.2313213327408648,-0.11292560257939441,20220120-122427
1642678268.96,7.819999933242798,3,391,1,0,0.143154091904646,0.540958106518,-0.1356627408008512,5.93129958936,-59.5267795584,-18.246457899,1,0.2313213327408648,-0.11292560257939441,20220120-122427
1642678268.98,7.8399999141693115,3,392,1,0,0.147390077333312,0.541353940964,-0.1341358053608065,5.87913724183,-63.0418325767,-18.12078331,1,0.2313213327408648,-0.11292560257939441,20220120-122427
1642678269.0,7.859999895095825,3,393,1,0,0.1524938760487697,0.539719164371,-0.1319197441108602,7.61786969518,-65.8064132125,-16.9661592569,1,0.2313213327408648,-0.11292560257939441,20220120-122427
1642678269.02,7.879999876022339,3,394,1,0,0.157916688433176,0.536758303642,-0.1298621925056808,7.43621874598,-67.5729797564,-15.9522053315,1,0.2313213327408648,-0.11292560257939441,20220120-122427
1642678269.04,7.8999998569488525,3,395,1,0,0.1657149012923281,0.532944500446,-0.1244252046250933,3.989954749165,-72.5882228441,-17.60947981785,1,0.2313213327408648,-0.11292560257939441,20220120-122427
1642678269.06,7.919999837875366,3,396,1,0,0.1712132443535914,0.5332335829735,-0.1203626747396624,3.196440665755,-76.5573969964,-15.969964505699998,1,0.2313213327408648,-0.11292560257939441,20220120-122427
1642678269.08,7.93999981880188,3,397,1,0,0.1772138589753915,0.5348949134350001,-0.1163481247560125,2.25113698253,-78.9270166866,-14.6183247736,1,0.2313213327408648,-0.11292560257939441,20220120-122427
1642678269.1,7.9599997997283936,3,398,1,0,0.185745514246643,0.537714362144,-0.1114523463527069,0.802571857007,-78.9634382636,-13.4355620202,1,0.2313213327408648,-0.11292560257939441,20220120-122427
1642678269.12,7.979999780654907,3,399,1,0,0.190475331544702,0.539649307728,-0.1088703635972621,-0.0926979737651,-78.5185250548,-12.1912550931,1,0.2313213327408648,-0.11292560257939441,20220120-122427
1642678269.14,8.0,3,400,1,0,0.1941182965790905,0.542041122913,-0.1070282400145406,-1.39508911446,-78.3570893794,-11.0934967245,1,0.2313213327408648,-0.11292560257939441,20220120-122427
1642678269.16,8.019999980926514,3,401,1,0,0.1987508392977005,0.546229064465,-0.1048099594776211,-0.2991986802495,-78.74357305805,-8.049112429545,1,0.2313213327408648,-0.11292560257939441,20220120-122427
1642678269.18,8.039999961853027,3,402,1,0,0.200938171606221,0.5490512251855,-0.1040626166982215,0.1246853718838,-78.48971728519999,-5.995168043770001,1,0.2313213327408648,-0.11292560257939441,20220120-122427
1642678269.2,8.059999942779541,3,403,1,0,0.2028015082318844,0.552607953548,-0.1028519899355074,-0.00732823244827,-78.198608468,-4.1052231488,1,0.2313213327408648,-0.11292560257939441,20220120-122427
1642678269.22,8.079999923706055,3,404,1,0,0.2027825131125199,0.555565059185,-0.1017272256911265,0.07316688453,-79.6825981184,-3.50194906713,1,0.2313213327408648,-0.11292560257939441,20220120-122427
1642678269.24,8.099999904632568,3,405,1,0,0.2030592221321211,0.559128403664,-0.1004496254071294,2.62059340389,-80.7943211976,-3.33474493169,1,0.2313213327408648,-0.11292560257939441,20220120-122427
1642678269.26,8.119999885559082,3,406,1,0,0.2028063272204661,0.5659751296045,-0.0991343891730207,3.75869993565,-81.9318869471,-2.959477499655,1,0.2313213327408648,-0.11292560257939441,20220120-122427
1642678269.28,8.139999866485596,3,407,1,0,0.2021092553759518,0.571280360222,-0.0982814950304768,3.358015151495,-82.7376041422,-2.22959259312,1,0.2313213327408648,-0.11292560257939441,20220120-122427
1642678269.3,8.15999984741211,3,408,1,0,0.2004895581665656,0.580869436264,-0.0980211731312557,2.0449536526,-83.1047286624,-0.441745568179,1,0.2313213327408648,-0.11292560257939441,20220120-122427
1642678269.32,8.179999828338623,3,409,1,0,0.1997847318689239,0.588048100471,-0.0983776313895185,2.91320944077,-82.6752307528,0.637280679677,1,0.2313213327408648,-0.11292560257939441,20220120-122427
1642678269.34,8.199999809265137,3,410,1,0,0.1994187442798123,0.59486323595,-0.0990306745262557,2.85545615977,-81.9757822282,-0.260731375714,1,0.2313213327408648,-0.11292560257939441,20220120-122427
1642678269.36,8.21999979019165,3,411,1,0,0.1997138346079436,0.6030348539354999,-0.0995078851456351,3.470512634435,-81.66379252915,-0.211918981684,1,0.2313213327408648,-0.11292560257939441,20220120-122427
1642678269.38,8.240000009536743,3,412,1,0,0.199436450640045,0.6101027131079999,-0.0997619318362419,3.2304812218,-81.6146594896,-1.43978902055,1,0.2313213327408648,-0.11292560257939441,20220120-122427
1642678269.4,8.259999990463257,3,413,1,0,0.1978556346811837,0.61749881506,-0.1000669875782311,2.74051688263,-81.6378422281,-2.71027114246,1,0.2313213327408648,-0.11292560257939441,20220120-122427
1642678269.42,8.27999997138977,3,414,1,0,0.1960518051598508,0.622655212879,-0.0994335664411827,3.73758413707,-82.1923192689,-0.744620593092,1,0.2313213327408648,-0.11292560257939441,20220120-122427
1642678269.44,8.299999952316284,3,415,1,0,0.1934148463816712,0.628048300743,-0.0995244451651295,1.48620507604,-83.7339880929,1.06687248565,1,0.2313213327408648,-0.11292560257939441,20220120-122427
1642678269.46,8.319999933242798,3,416,1,0,0.190548194802342,0.6350384056564999,-0.0972823158162167,2.387080668,-86.76201105084999,4.470750444235,1,0.2313213327408648,-0.11292560257939441,20220120-122427
1642678269.48,8.339999914169312,3,417,1,0,0.1879304697317854,0.6402078568935,-0.0959985606722398,1.79296986671,-87.51536616135,7.282162935955,1,0.2313213327408648,-0.11292560257939441,20220120-122427
1642678269.5,8.359999895095825,3,418,1,0,0.1837735682653746,0.648068547249,-0.0938981497321531,0.995395613097,-86.855596178,10.7504001008,1,0.2313213327408648,-0.11292560257939441,20220120-122427
1642678269.52,8.379999876022339,3,419,1,0,0.1821268357573309,0.652276515961,-0.0929497161988345,-0.368238148186,-86.3449672643,9.77222947129,1,0.2313213327408648,-0.11292560257939441,20220120-122427
1642678269.54,8.399999856948853,3,420,1,0,0.1807828074168893,0.656132459641,-0.0916267346499516,-0.0799493933697,-86.704730631,9.72677356051,1,0.2313213327408648,-0.11292560257939441,20220120-122427
1642678269.56,8.419999837875366,3,421,1,0,0.1766150750608794,0.6623102128509999,-0.0894777242028789,0.4353104219797,-88.03221977185,11.87416219135,1,0.2313213327408648,-0.11292560257939441,20220120-122427
1642678269.58,8.43999981880188,3,422,1,0,0.1736044910033823,0.6666318476199999,-0.0884921437932832,0.0313148567862,-88.35132750394999,13.2872360905,1,0.2313213327408648,-0.11292560257939441,20220120-122427
1642678269.6,8.459999799728394,3,423,1,0,0.1709406248499675,0.670681774616,-0.087689282884416,-0.423216354478,-88.2929523871,13.8554765237,1,0.2313213327408648,-0.11292560257939441,20220120-122427
1642678269.62,8.479999780654907,3,424,1,0,0.1676618705116219,0.676384449005,-0.0866833345954314,0.184826549688,-88.0863260705,15.4992814039,1,0.2313213327408648,-0.11292560257939441,20220120-122427
1642678269.64,8.5,3,425,1,0,0.1660318573597053,0.679013729095,-0.0865538576588168,0.222383688035,-87.6083771257,15.6670336519,1,0.2313213327408648,-0.11292560257939441,20220120-122427
1642678269.66,8.519999980926514,3,426,1,0,0.1647501183858943,0.681384056807,-0.0861667709539541,0.820905330274,-87.72985132315,14.0617439981,1,0.2313213327408648,-0.11292560257939441,20220120-122427
1642678269.68,8.539999961853027,3,427,1,0,0.164279384223602,0.6824657619,-0.0860226169320089,1.1383903330890002,-87.69520694044999,13.2621390327,1,0.2313213327408648,-0.11292560257939441,20220120-122427
1642678269.7,8.559999942779541,3,428,1,0,0.1637431574471489,0.683408915997,-0.0861764935425011,0.971024247061,-87.3912861524,11.9036788035,1,0.2313213327408648,-0.11292560257939441,20220120-122427
1642678269.72,8.579999923706055,3,429,1,0,0.1636991739986376,0.683644235134,-0.0858331095703261,1.90178851516,-87.1625203606,11.059014844,1,0.2313213327408648,-0.11292560257939441,20220120-122427
1642678269.74,8.599999904632568,3,430,1,0,0.1636192953880711,0.683644115925,-0.0857541164038722,1.24135251363,-86.9277395137,9.72642015072,1,0.2313213327408648,-0.11292560257939441,20220120-122427
1642678269.76,8.619999885559082,3,431,1,0,0.1641346353275213,0.68308955431,-0.0853801250911097,0.650368983574,-86.67390349975,8.32192013554,1,0.2313213327408648,-0.11292560257939441,20220120-122427
1642678269.78,8.639999866485596,3,432,1,0,0.1645600019314562,0.6825966537,-0.085731425859926,0.1263823496145,-86.22381043875001,7.184130319545,1,0.2313213327408648,-0.11292560257939441,20220120-122427
1642678269.8,8.65999984741211,3,433,1,0,0.1653979660012917,0.681597173214,-0.0863115960421589,0.189526828175,-85.5566991149,6.18238024707,1,0.2313213327408648,-0.11292560257939441,20220120-122427
1642678269.82,8.679999828338623,3,434,1,0,0.1663374632833563,0.680196166039,-0.0859784617565422,0.645402638265,-85.9668626428,5.24078764238,1,0.2313213327408648,-0.11292560257939441,20220120-122427
1642678269.84,8.699999809265137,3,435,1,0,0.1669889142499905,0.678598761559,-0.0856308880284105,0.446600483683,-86.5383758952,3.3476601162,1,0.2313213327408648,-0.11292560257939441,20220120-122427
1642678269.86,8.71999979019165,3,436,1,0,0.1684950736608986,0.6761764287950001,-0.0850280618837237,-0.485515820181,-87.3826016528,0.643645751357,1,0.2313213327408648,-0.11292560257939441,20220120-122427
1642678269.88,8.740000009536743,3,437,1,0,0.1693928886465823,0.6747217476365,-0.0846759917240449,-0.475568414434,-87.39909618435,-0.696497523808,1,0.2313213327408648,-0.11292560257939441,20220120-122427
1642678269.9,8.759999990463257,3,438,1,0,0.1695424058689197,0.672847568989,-0.0850361944254541,-0.466269996565,-86.7610961108,-2.37815447529,1,0.2313213327408648,-0.11292560257939441,20220120-122427
1642678269.92,8.77999997138977,3,439,1,0,0.1690521064123465,0.672426402569,-0.0860199938441422,-0.209427771418,-85.7184891563,-1.73128167481,1,0.2313213327408648,-0.11292560257939441,20220120-122427
1642678297.04,0.0,4,0,1,1,0.192226251352671,0.6280024051665,-0.0790966926214886,14.96290354785,31.8625240576,-1.4546875588435002,1,0.2313213327408648,-0.11292560257939441,20220120-122427
1642678297.06,0.019999980926513672,4,1,1,1,0.1863800338365839,0.625887989998,-0.0761156834989314,13.1838855306,37.4455173438,-3.66263067684,1,0.2313213327408648,-0.11292560257939441,20220120-122427
1642678297.08,0.039999961853027344,4,2,1,1,0.1804235909031818,0.623868763447,-0.0725061863264101,12.8569016801,43.208111409,-5.82750916389,1,0.2313213327408648,-0.11292560257939441,20220120-122427
1642678297.1,0.059999942779541016,4,3,1,1,0.1679018445916255,0.6195512115955,-0.0645097649058675,13.60135036325,54.58095655619999,-8.68787806493,1,0.2313213327408648,-0.11292560257939441,20220120-122427
1642678297.12,0.07999992370605469,4,4,1,1,0.1603428253069014,0.6167029440405,-0.0585580947464941,13.712723403,61.6388352067,-10.17484454468,1,0.2313213327408648,-0.11292560257939441,20220120-122427
1642678297.14,0.10000014305114746,4,5,1,1,0.1516080156686229,0.612945199013,-0.050356632464626,13.0733171264,68.5548530108,-11.0356232368,1,0.2313213327408648,-0.11292560257939441,20220120-122427
1642678297.16,0.12000012397766113,4,6,1,1,0.1461086144673647,0.609931111336,-0.0444629900465624,12.948951197,71.468907999,-10.7260284188,1,0.2313213327408648,-0.11292560257939441,20220120-122427
1642678297.18,0.1400001049041748,4,7,1,1,0.1420368967310741,0.608482062817,-0.0384395875585343,13.4367384773,73.1479524411,-9.23930102347,1,0.2313213327408648,-0.11292560257939441,20220120-122427
1642678297.2,0.16000008583068848,4,8,1,1,0.1388505607375509,0.609592050314,-0.0310213183611577,15.2469010179,74.5293428455,-6.616925431545,1,0.2313213327408648,-0.11292560257939441,20220120-122427
1642678297.22,0.18000006675720215,4,9,1,1,0.1382127143141961,0.6115492284295,-0.0268831485441655,15.23072074275,74.92299312385,-5.2141379815,1,0.2313213327408648,-0.11292560257939441,20220120-122427
1642678297.24,0.20000004768371582,4,10,1,1,0.1394636083401194,0.616375029087,-0.0203332982502405,14.0183700911,77.0534274646,-2.28636964441,1,0.2313213327408648,-0.11292560257939441,20220120-122427
1642678297.26,0.2200000286102295,4,11,1,1,0.1412924731660577,0.620403289795,-0.0161474458773541,14.5215772716,78.9050603726,1.14282694413,1,0.2313213327408648,-0.11292560257939441,20220120-122427
1642678297.28,0.24000000953674316,4,12,1,1,0.1445075830662506,0.623944401741,-0.0118893326990905,16.2611605365,80.5275420876,3.63619266542,1,0.2313213327408648,-0.11292560257939441,20220120-122427
1642678297.3,0.25999999046325684,4,13,1,1,0.149479458051655,0.6284349262715,-0.0056129998497717,15.74692626385,82.45716027315,6.104628041675,1,0.2313213327408648,-0.11292560257939441,20220120-122427
1642678297.32,0.2799999713897705,4,14,1,1,0.15250688393549,0.630914777517,-0.0015526573055032,14.73786200705,83.79618961784999,6.356265846215,1,0.2313213327408648,-0.11292560257939441,20220120-122427
1642678297.34,0.2999999523162842,4,15,1,1,0.1539996399720629,0.632967233658,0.0020541282826491,15.9682578629,85.0248826295,7.3841203027,1,0.2313213327408648,-0.11292560257939441,20220120-122427
1642678297.36,0.31999993324279785,4,16,1,1,0.1544034016393418,0.6336171031,0.0078618468365539,13.7833629597,88.643952167,5.69313819542,1,0.2313213327408648,-0.11292560257939441,20220120-122427
1642678297.38,0.3400001525878906,4,17,1,1,0.154401286127568,0.633154511452,0.0142744272563895,15.8398338964,94.238473412,3.42868930412,1,0.2313213327408648,-0.11292560257939441,20220120-122427
1642678297.4,0.3600001335144043,4,18,1,1,0.1545375243847971,0.6329842209815,0.0243856632744988,16.25786688765,101.87074217775,2.832683058365,1,0.2313213327408648,-0.11292560257939441,20220120-122427
1642678297.42,0.38000011444091797,4,19,1,1,0.1552335174536227,0.6323391497135,0.030347838141142,16.1912918626,105.4144384945,2.057464953795,1,0.2313213327408648,-0.11292560257939441,20220120-122427
1642678297.44,0.40000009536743164,4,20,1,1,0.1566078894057404,0.631195306778,0.0391753560872718,14.2654227427,109.793495203,1.79080405208,1,0.2313213327408648,-0.11292560257939441,20220120-122427
1642678297.46,0.4200000762939453,4,21,1,1,0.1587235228248396,0.630172431469,0.0447745051045253,12.2613941346,112.858183797,-1.1081761584,1,0.2313213327408648,-0.11292560257939441,20220120-122427
1642678297.48,0.440000057220459,4,22,1,1,0.1588750703658181,0.631719827652,0.0510854051859364,11.8145753957,113.716671561,2.00153822143,1,0.2313213327408648,-0.11292560257939441,20220120-122427
1642678297.5,0.46000003814697266,4,23,1,1,0.1614822925701693,0.6361584067345001,0.0586900175689163,13.74890697815,114.4819630115,4.667444521495,1,0.2313213327408648,-0.11292560257939441,20220120-122427
1642678297.52,0.48000001907348633,4,24,1,1,0.163860415021742,0.640540599823,0.0627195091773859,14.60024891865,114.0118833875,6.360958887575,1,0.2313213327408648,-0.11292560257939441,20220120-122427
1642678297.54,0.5,4,25,1,1,0.165879374804914,0.6455479860305,0.0659833986818664,15.24446244435,112.822012756,7.97987601791,1,0.2313213327408648,-0.11292560257939441,20220120-122427
1642678297.56,0.5199999809265137,4,26,1,1,0.1679389487091263,0.653650343418,0.0697999314199154,15.8073784508,111.034454341,10.3127321092,1,0.2313213327408648,-0.11292560257939441,20220120-122427
1642678297.58,0.5399999618530273,4,27,1,1,0.1696536037520288,0.658387124538,0.0709820377920307,14.0232072717,110.697038571,9.465153997,1,0.2313213327408648,-0.11292560257939441,20220120-122427
1642678297.6,0.559999942779541,4,28,1,1,0.172904788529577,0.665293842554,0.0714502829776174,12.3430423628,109.7739534855,10.127302201285,1,0.2313213327408648,-0.11292560257939441,20220120-122427
1642678297.62,0.5799999237060547,4,29,1,1,0.1752279459666421,0.6682642400259999,0.0718978978381207,11.83358701055,109.465455757,11.1334171403,1,0.2313213327408648,-0.11292560257939441,20220120-122427
1642678297.64,0.6000001430511475,4,30,1,1,0.1823450602901257,0.675627231598,0.0725960701491059,11.9458100136,108.394944014,12.3635190393,1,0.2313213327408648,-0.11292560257939441,20220120-122427
1642678297.66,0.6200001239776611,4,31,1,1,0.1838619890621275,0.677164435387,0.0724132553653876,12.0673326177,107.584495128,12.5692426855,1,0.2313213327408648,-0.11292560257939441,20220120-122427
1642678297.68,0.6400001049041748,4,32,1,1,0.1868601001174096,0.681346952915,0.072118906712535,12.0171079507,107.296399038,13.6166588157,1,0.2313213327408648,-0.11292560257939441,20220120-122427
1642678297.7,0.6600000858306885,4,33,1,1,0.1910143577105569,0.68686324358,0.0719767281136161,12.0975591981,108.8381157075,13.8352840056,1,0.2313213327408648,-0.11292560257939441,20220120-122427
1642678297.72,0.6800000667572021,4,34,1,1,0.1931040686511841,0.690088182688,0.07161594868737,12.65822729865,109.1329828955,13.96079087495,1,0.2313213327408648,-0.11292560257939441,20220120-122427
1642678297.74,0.7000000476837158,4,35,1,1,0.1965960542479941,0.694797873497,0.0713794646816974,11.487516594,108.400866294,13.6821748668,1,0.2313213327408648,-0.11292560257939441,20220120-122427
1642678297.76,0.7200000286102295,4,36,1,1,0.1974342188768072,0.695598363876,0.0708238198154703,12.6607387591,108.289918487,13.9371749884,1,0.2313213327408648,-0.11292560257939441,20220120-122427
1642678297.78,0.7400000095367432,4,37,1,1,0.200050259947324,0.696415066719,0.0700803312029103,10.8344807901,107.283644705,12.7472327108,1,0.2313213327408648,-0.11292560257939441,20220120-122427
1642678297.8,0.7599999904632568,4,38,1,1,0.2033888581082241,0.6975650787355,0.0671412949446847,11.02999718731,102.7038732585,15.12453008825,1,0.2313213327408648,-0.11292560257939441,20220120-122427
1642678297.82,0.7799999713897705,4,39,1,1,0.2055836533488456,0.6977819502355,0.0645196932452958,11.81290336675,98.41538413685,17.2774719991,1,0.2313213327408648,-0.11292560257939441,20220120-122427
1642678297.84,0.7999999523162842,4,40,1,1,0.2091907544590075,0.698591828346,0.0618041925385566,7.56425842664,92.4020997928,19.1598808497,1,0.2313213327408648,-0.11292560257939441,20220120-122427
1642678297.86,0.8199999332427979,4,41,1,1,0.2108216390287359,0.698695838451,0.0599115957105025,5.93469229318,88.7073371947,19.9875517967,1,0.2313213327408648,-0.11292560257939441,20220120-122427
1642678297.88,0.8400001525878906,4,42,1,1,0.2120682506732975,0.699266791344,0.0571905582202948,5.90740348775,84.2493311331,20.9961075295,1,0.2313213327408648,-0.11292560257939441,20220120-122427
1642678297.9,0.8600001335144043,4,43,1,1,0.2126958398914163,0.69882902503,0.0551081155656155,5.45520577045,81.8418477923,19.918414287300003,1,0.2313213327408648,-0.11292560257939441,20220120-122427
1642678297.92,0.880000114440918,4,44,1,1,0.2129825619122143,0.6986975967885001,0.053250115853123,5.313047784895,80.17805190055,19.324846462,1,0.2313213327408648,-0.11292560257939441,20220120-122427
1642678297.94,0.9000000953674316,4,45,1,1,0.2134857505981394,0.698789358139,0.0510127098653765,5.93085147757,79.0751228628,19.1967255638,1,0.2313213327408648,-0.11292560257939441,20220120-122427
1642678297.96,0.9200000762939453,4,46,1,1,0.2141683424065631,0.698493361473,0.050394743010099,4.6341287339,79.1732100057,18.1585879038,1,0.2313213327408648,-0.11292560257939441,20220120-122427
1642678297.98,0.940000057220459,4,47,1,1,0.2145986478385984,0.69887059927,0.0492876320944605,6.62816108893,79.2127147218,19.659772196,1,0.2313213327408648,-0.11292560257939441,20220120-122427
1642678298.0,0.9600000381469727,4,48,1,1,0.2161306015993181,0.6987630724905001,0.0491678473282622,5.16717759515,80.4343960334,19.77774570685,1,0.2313213327408648,-0.11292560257939441,20220120-122427
1642678298.02,0.9800000190734863,4,49,1,1,0.2172946219378319,0.699200361967,0.0489946000521392,5.05737755491,80.95513520835,21.40801051,1,0.2313213327408648,-0.11292560257939441,20220120-122427
1642678298.04,1.0,4,50,1,1,0.2196899581259485,0.700132966042,0.0485754968319846,4.83148894406,80.6961213184,25.3489334761,1,0.2313213327408648,-0.11292560257939441,20220120-122427
1642678298.06,1.0199999809265137,4,51,1,1,0.2211872763670221,0.701943874359,0.0482130556085703,4.54949238324,80.0414481329,29.6459087536,1,0.2313213327408648,-0.11292560257939441,20220120-122427
1642678298.08,1.0399999618530273,4,52,1,1,0.2225913531740316,0.701678454876,0.0483303545663025,2.23883412491,79.9977427879,28.7683695987,1,0.2313213327408648,-0.11292560257939441,20220120-122427
1642678298.1,1.059999942779541,4,53,1,1,0.2230512034017055,0.7016468048094999,0.0475052752107757,2.586858399355,79.28059214730001,27.79079897665,1,0.2313213327408648,-0.11292560257939441,20220120-122427
1642678298.12,1.0799999237060547,4,54,1,1,0.2229707678268539,0.7013855278495,0.0470429872215108,3.173763906995,78.90626102255001,26.901248569000003,1,0.2313213327408648,-0.11292560257939441,20220120-122427
1642678298.14,1.1000001430511475,4,55,1,1,0.2227478106697899,0.70094025135,0.0464977843795669,3.92899453164,78.7227524025,26.0055131457,1,0.2313213327408648,-0.11292560257939441,20220120-122427
1642678298.16,1.1200001239776611,4,56,1,1,0.2225130420199592,0.700672566891,0.0464411101567879,3.75319249913,78.9979581748,25.4650801961,1,0.2313213327408648,-0.11292560257939441,20220120-122427
1642678298.18,1.1400001049041748,4,57,1,1,0.2220783008262273,0.700256884098,0.0460439000499931,4.11426209097,78.8454674187,25.0868577211,1,0.2313213327408648,-0.11292560257939441,20220120-122427
1642678298.2,1.1600000858306885,4,58,1,1,0.2219114790366954,0.6998698413375,0.0460126228820063,4.754423154095,79.00266738955,25.41991966,1,0.2313213327408648,-0.11292560257939441,20220120-122427
1642678298.22,1.1800000667572021,4,59,1,1,0.2223505580441397,0.6998427212239999,0.0461619414549103,5.269427300589999,79.2261203958,26.09482434205,1,0.2313213327408648,-0.11292560257939441,20220120-122427
1642678298.24,1.2000000476837158,4,60,1,1,0.2234549519535078,0.700491428375,0.0476105529106213,3.25478831909,80.7366320004,27.5449715986,1,0.2313213327408648,-0.11292560257939441,20220120-122427
1642678298.26,1.2200000286102295,4,61,1,1,0.2242311452914053,0.699703812599,0.0473505035676018,4.74841771744,79.5984368615,27.698325636,1,0.2313213327408648,-0.11292560257939441,20220120-122427
1642678298.28,1.2400000095367432,4,62,1,1,0.2245771111904595,0.699663460255,0.0474468390276032,4.9028362495,79.3549133871,27.585982713,1,0.2313213327408648,-0.11292560257939441,20220120-122427
1642678298.3,1.2599999904632568,4,63,1,1,0.2243674538605085,0.6999946534635,0.048173100987818,4.635967191505,80.0796975051,26.6912592226,1,0.2313213327408648,-0.11292560257939441,20220120-122427
1642678298.32,1.2799999713897705,4,64,1,1,0.2237457142358248,0.700081348419,0.0479303373326043,5.39831631926,79.74753660274999,27.13510453835,1,0.2313213327408648,-0.11292560257939441,20220120-122427
1642678298.34,1.2999999523162842,4,65,1,1,0.222819265132766,0.698844671249,0.0480565756941491,4.57121939654,80.4171831292,23.7323582439,1,0.2313213327408648,-0.11292560257939441,20220120-122427
1642678298.36,1.3199999332427979,4,66,1,1,0.2222620529331499,0.699057221413,0.0482096939876028,4.14573544972,80.4232453255,24.0795445466,1,0.2313213327408648,-0.11292560257939441,20220120-122427
1642678298.38,1.3400001525878906,4,67,1,1,0.221511377915788,0.697869420052,0.0482607907433427,4.76790742753,81.1928165246,22.5300314347,1,0.2313213327408648,-0.11292560257939441,20220120-122427
1642678298.4,1.3600001335144043,4,68,1,1,0.2175255541375705,0.6923643648625,0.049718186519061,8.11678713984,86.3572267879,16.5725916242,1,0.2313213327408648,-0.11292560257939441,20220120-122427
1642678298.42,1.380000114440918,4,69,1,1,0.2147802111492269,0.6885950267315,0.0499514322347102,10.628945600400002,88.187065213,13.21330305375,1,0.2313213327408648,-0.11292560257939441,20220120-122427
1642678298.44,1.4000000953674316,4,70,1,1,0.2085062849338865,0.679082453251,0.0517618479947527,10.0395636065,92.8613181079,2.71791223055,1,0.2313213327408648,-0.11292560257939441,20220120-122427
1642678298.46,1.4200000762939453,4,71,1,1,0.20198946669605,0.67006957531,0.0527945691544712,11.4590452182,97.5829478741,-5.94919049709,1,0.2313213327408648,-0.11292560257939441,20220120-122427
1642678298.48,1.440000057220459,4,72,1,1,0.1951865899520238,0.660943329334,0.0549386438133756,9.63491887075,102.686608418,-14.5061283601,1,0.2313213327408648,-0.11292560257939441,20220120-122427
1642678298.5,1.4600000381469727,4,73,1,1,0.1850162539855503,0.6462228894235,0.0580522651929777,6.598707177825,109.1938117525,-23.7581252274,1,0.2313213327408648,-0.11292560257939441,20220120-122427
1642678298.52,1.4800000190734863,4,74,1,1,0.1790436622638045,0.6360584795474999,0.0601076082905598,3.737485158775,111.6132410895,-29.09802009635,1,0.2313213327408648,-0.11292560257939441,20220120-122427
1642678298.54,1.5,4,75,1,1,0.1716638483412917,0.620091557503,0.0624937863209718,0.752682764855,113.521625211,-36.7266056131,1,0.2313213327408648,-0.11292560257939441,20220120-122427
1642678298.56,1.5199999809265137,4,76,1,1,0.1675365094369749,0.608881294727,0.0641343587144875,-0.769821469622,113.97273549,-41.5019502526,1,0.2313213327408648,-0.11292560257939441,20220120-122427
1642678298.58,1.5399999618530273,4,77,1,1,0.1637133572804073,0.597190737724,0.0659865078367014,-2.04781257289,115.16838442,-46.6732070482,1,0.2313213327408648,-0.11292560257939441,20220120-122427
1642678298.6,1.559999942779541,4,78,1,1,0.1585175472943339,0.5788524448875001,0.0693704959641697,-3.780154396035,117.253164994,-54.89368713725,1,0.2313213327408648,-0.11292560257939441,20220120-122427
1642678298.62,1.5799999237060547,4,79,1,1,0.1551874461483119,0.5660299062730001,0.0716884713086273,-5.095679004145,118.0181849515,-60.3916140741,1,0.2313213327408648,-0.11292560257939441,20220120-122427
1642678298.64,1.6000001430511475,4,80,1,1,0.1512456945700352,0.545561730862,0.0738883149718755,-6.05030927487,119.749009778,-69.0615317229,1,0.2313213327408648,-0.11292560257939441,20220120-122427
1642678298.66,1.6200001239776611,4,81,1,1,0.1480033482056649,0.533250749111,0.0773698213408018,-7.86120371424,119.644270463,-71.6173440766,1,0.2313213327408648,-0.11292560257939441,20220120-122427
1642678298.68,1.6400001049041748,4,82,1,1,0.1467568392785052,0.52045404911,0.0767549049424924,-6.79391936327,122.018408105,-76.6211346674,1,0.2313213327408648,-0.11292560257939441,20220120-122427
1642678298.7,1.6600000858306885,4,83,1,1,0.1456347706184718,0.5031230151655,0.0798946062525352,-9.51745460639,121.6027152845,-81.17663021995,1,0.2313213327408648,-0.11292560257939441,20220120-122427
1642678298.72,1.6800000667572021,4,84,1,1,0.1451323972169594,0.494481116533,0.0807820447021625,-9.212778482045,121.4895489985,-83.5247542382,1,0.2313213327408648,-0.11292560257939441,20220120-122427
1642678298.74,1.7000000476837158,4,85,1,1,0.1436326762089607,0.477986931801,0.0815947374880915,-16.7916967455,130.770443292,-84.283872446,1,0.2313213327408648,-0.11292560257939441,20220120-122427
1642678298.76,1.7200000286102295,4,86,1,1,0.1436326762089607,0.477986931801,0.0815947374880915,-16.7916967455,130.770443292,-84.283872446,1,0.2313213327408648,-0.11292560257939441,20220120-122427
1642678298.78,1.7400000095367432,4,87,1,1,0.1436326762089607,0.477986931801,0.0815947374880915,-16.7916967455,130.770443292,-84.283872446,1,0.2313213327408648,-0.11292560257939441,20220120-122427
1642678298.8,1.7599999904632568,4,88,1,1,0.1330605250716979,0.456111043692,0.085132904634267,-14.8663813594,126.1513936795,-81.1409035122,1,0.2313213327408648,-0.11292560257939441,20220120-122427
1642678298.82,1.7799999713897705,4,89,1,1,0.1281187915928663,0.4538372904065,0.0840651052986817,-12.09677210879,123.390331234,-79.1748444811,1,0.2313213327408648,-0.11292560257939441,20220120-122427
1642678298.84,1.7999999523162842,4,90,1,1,0.1250954557845192,0.455591022968,0.0841094504459321,-6.16508006704,114.727826523,-84.296478124,1,0.2313213327408648,-0.11292560257939441,20220120-122427
1642678298.86,1.8199999332427979,4,91,1,1,0.1242310743449715,0.456582725048,0.0755842450221916,0.01584175177,116.425793488,-93.5970843592,1,0.2313213327408648,-0.11292560257939441,20220120-122427
1642678298.88,1.8400001525878906,4,92,1,1,0.1242201255221159,0.457532137632,0.0756778775811512,-0.53855504637,115.726757635,-96.6031104709,1,0.2313213327408648,-0.11292560257939441,20220120-122427
1642678298.9,1.8600001335144043,4,93,1,1,0.115263938401539,0.454330816865,0.0845317880983142,-7.508942790684999,114.4548961145,-85.79530736390001,1,0.2313213327408648,-0.11292560257939441,20220120-122427
1642678298.92,1.880000114440918,4,94,1,1,0.11160427125397,0.455102771521,0.0853985088610907,-7.393821183135,113.180206331,-83.70797744424999,1,0.2313213327408648,-0.11292560257939441,20220120-122427
1642678298.94,1.9000000953674316,4,95,1,1,0.1038942528067093,0.45529165864,0.0866645686362833,-7.09131410915,110.355599317,-76.943823927,1,0.2313213327408648,-0.11292560257939441,20220120-122427
1642678298.96,1.9200000762939453,4,96,1,1,0.10189389127736,0.456008642912,0.0861320583415023,-6.03265450546,109.473448012,-78.5701805503,1,0.2313213327408648,-0.11292560257939441,20220120-122427
1642678298.98,1.940000057220459,4,97,1,1,0.0984771405477318,0.455226033926,0.0863409324290708,-5.8214622444,109.747059486,-78.3213993132,1,0.2313213327408648,-0.11292560257939441,20220120-122427
1642678299.0,1.9600000381469727,4,98,1,1,0.0936261266195087,0.455027982593,0.0861667055915392,-6.4083230499,111.0848781145,-80.82169593500001,1,0.2313213327408648,-0.11292560257939441,20220120-122427
1642678299.02,1.9800000190734863,4,99,1,1,0.0909284983361754,0.455329731107,0.0860701390554694,-6.079278099095,109.8310175915,-80.42672442465,1,0.2313213327408648,-0.11292560257939441,20220120-122427
1642678299.04,2.0,4,100,1,1,0.0838619751889802,0.456970572472,0.0855181196220471,-5.46834730167,106.788611472,-76.3936491084,1,0.2313213327408648,-0.11292560257939441,20220120-122427
1642678299.06,2.0199999809265137,4,101,1,1,0.0750478153715818,0.458359599113,0.0850186134562988,-4.52689642241,103.308110522,-71.9723105699,1,0.2313213327408648,-0.11292560257939441,20220120-122427
1642678299.08,2.0399999618530273,4,102,1,1,0.0722139122269694,0.45918622613,0.0860526294265594,-5.91688289514,101.29396457,-71.3248860494,1,0.2313213327408648,-0.11292560257939441,20220120-122427
1642678299.1,2.059999942779541,4,103,1,1,0.0659061141919159,0.4579698443409999,0.0837219960693603,-3.36300952894,104.407562607,-74.88438253410001,1,0.2313213327408648,-0.11292560257939441,20220120-122427
1642678299.12,2.0799999237060547,4,104,1,1,0.0637401571734705,0.457444876432,0.0840772673764623,-3.14157736455,103.598588061,-76.8726391831,1,0.2313213327408648,-0.11292560257939441,20220120-122427
1642678299.14,2.1000001430511475,4,105,1,1,0.052883276413921,0.455516517162,0.0871776607433128,-3.21023111321,104.330569637,-74.7517714551,1,0.2313213327408648,-0.11292560257939441,20220120-122427
1642678299.16,2.120000123977661,4,106,1,1,0.0481160420384163,0.455433249474,0.0876896731380876,-3.22507013695,104.367185835,-73.3834600377,0,0.2313213327408648,-0.11292560257939441,20220120-122427
1642678299.18,2.140000104904175,4,107,1,1,0.0424761878754378,0.456339389086,0.0895091811964862,-4.53070695373,101.986821011,-70.3952515188,0,0.2313213327408648,-0.11292560257939441,20220120-122427
1642678299.2,2.1600000858306885,4,108,1,1,0.0370924179901056,0.456127420068,0.0899325130971525,-3.227954483965,104.4925787645,-69.9169931599,0,0.2313213327408648,-0.11292560257939441,20220120-122427
1642678299.22,2.180000066757202,4,109,1,1,0.0355180498671816,0.4560108184815,0.090276320148914,-2.962416463485,104.1076835565,-69.24977008825,0,0.2313213327408648,-0.11292560257939441,20220120-122427
1642678299.24,2.200000047683716,4,110,1,1,0.0312566041223003,0.456465810537,0.0896814496703278,-0.411814843672,103.003236924,-59.4934711384,0,0.2313213327408648,-0.11292560257939441,20220120-122427
1642678299.26,2.2200000286102295,4,111,1,1,0.0282229182886366,0.457061111927,0.0881235251292206,3.52610534008,102.848992345,-50.0980650498,0,0.2313213327408648,-0.11292560257939441,20220120-122427
1642678299.28,2.240000009536743,4,112,1,1,0.0244848107860724,0.456719785929,0.0862803839078906,7.54501709126,100.700875485,-47.2397655936,0,0.2313213327408648,-0.11292560257939441,20220120-122427
1642678299.3,2.259999990463257,4,113,1,1,0.0173410733539412,0.456310331821,0.0806903366289589,11.7163204098,95.4010680883,-47.5472781444,0,0.2313213327408648,-0.11292560257939441,20220120-122427
1642678299.32,2.2799999713897705,4,114,1,1,0.0106782338055217,0.458251491189,0.073913963459192,11.41632616915,89.9130179249,-46.11981453925,0,0.2313213327408648,-0.11292560257939441,20220120-122427
1642678299.34,2.299999952316284,4,115,1,1,0.002103343477206,0.458911418915,0.0632460041504086,5.88908802465,87.3745157137,-50.4817203946,0,0.2313213327408648,-0.11292560257939441,20220120-122427
1642678299.36,2.319999933242798,4,116,1,1,-0.0006603193356827,0.458626627922,0.0598284547532808,3.95274908837,86.1328668918,-50.8811452018,0,0.2313213327408648,-0.11292560257939441,20220120-122427
1642678299.38,2.3400001525878906,4,117,1,1,-0.003676328599336,0.459077626467,0.0515835758364995,2.91485419096,80.7350486396,-52.8186654433,0,0.2313213327408648,-0.11292560257939441,20220120-122427
1642678299.4,2.3600001335144043,4,118,1,1,-0.006794451301682,0.459378615022,0.0337135991726127,3.023105883125,67.66154194859999,-57.31667014175,0,0.2313213327408648,-0.11292560257939441,20220120-122427
1642678299.42,2.380000114440918,4,119,1,1,-0.0086956459266472,0.4587924033405,0.0264871472273673,1.341335775887,64.5392896458,-59.9379362574,0,0.2313213327408648,-0.11292560257939441,20220120-122427
1642678299.44,2.4000000953674316,4,120,1,1,-0.0110409158896876,0.458598166704,0.0169169707248316,-1.9614915841,59.9381238503,-63.6165627071,0,0.2313213327408648,-0.11292560257939441,20220120-122427
1642678299.46,2.4200000762939453,4,121,1,1,-0.0119397493602355,0.459086000919,0.0135708011018741,-3.09144328989,57.5838334805,-64.1111540282,0,0.2313213327408648,-0.11292560257939441,20220120-122427
1642678299.48,2.440000057220459,4,122,1,1,-0.0114348325824606,0.460720330477,0.000643760104863,1.47454342409,49.4528274569,-63.7412173249,0,0.2313213327408648,-0.11292560257939441,20220120-122427
1642678299.5,2.4600000381469727,4,123,1,1,-0.008481023570878,0.462490558624,-0.0131331923864383,6.179409108275,42.22848424665,-63.698195346000006,0,0.2313213327408648,-0.11292560257939441,20220120-122427
1642678299.52,2.4800000190734863,4,124,1,1,-0.007764812127992,0.4634752869605,-0.0216306764365686,5.258604919630001,36.80422439775,-64.48059219935,0,0.2313213327408648,-0.11292560257939441,20220120-122427
1642678299.54,2.5,4,125,1,1,-0.0039593555499292,0.465981900692,-0.0334601523132459,4.46346256089,34.9423569557,-67.6427186335,0,0.2313213327408648,-0.11292560257939441,20220120-122427
1642678299.56,2.5199999809265137,4,126,1,1,-0.0030368145295659,0.466917663813,-0.0417810392145538,1.2063010804,30.6004445815,-66.8147550623,0,0.2313213327408648,-0.11292560257939441,20220120-122427
1642678299.58,2.5399999618530273,4,127,1,1,-0.0010977956235872,0.467397123575,-0.0456706613326837,1.15867525566,28.3063351467,-66.9089938312,0,0.2313213327408648,-0.11292560257939441,20220120-122427
1642678299.6,2.559999942779541,4,128,1,1,0.0135344021220689,0.4632945358755,-0.062610963391561,8.675425257315,12.172664193935,-67.11626474504999,0,0.2313213327408648,-0.11292560257939441,20220120-122427
1642678299.62,2.5799999237060547,4,129,1,1,0.020907262310091,0.4601410627365,-0.0699621360832587,11.423261893,6.83694038205,-68.05916497129999,0,0.2313213327408648,-0.11292560257939441,20220120-122427
1642678299.64,2.6000001430511475,4,130,1,1,0.024585176528446,0.458645313978,-0.0731909376397035,11.9689061042,6.79304667233,-68.9948819203,0,0.2313213327408648,-0.11292560257939441,20220120-122427
1642678299.66,2.620000123977661,4,131,1,1,0.0290873586194029,0.455762147903,-0.083483872966071,6.41579585679,6.92136326187,-72.278856842,0,0.2313213327408648,-0.11292560257939441,20220120-122427
1642678299.68,2.640000104904175,4,132,1,1,0.0316464165301193,0.454175084829,-0.0904867414009433,6.70571548985,0.95566937643,-74.1555257081,0,0.2313213327408648,-0.11292560257939441,20220120-122427
1642678299.7,2.6600000858306885,4,133,1,1,0.0363597975980399,0.4563745260239999,-0.1020168319826021,2.00669513924,5.607756456575,-68.66448579965001,0,0.2313213327408648,-0.11292560257939441,20220120-122427
1642678299.72,2.680000066757202,4,134,1,1,0.0393563735843931,0.4569371193645,-0.1072245072049113,1.73154467003,3.08314080836,-68.77113678395,0,0.2313213327408648,-0.11292560257939441,20220120-122427
1642678299.74,2.700000047683716,4,135,1,1,0.0427599556058334,0.456555753946,-0.1138998454524642,0.102379925361,1.87141731907,-68.7001733572,0,0.2313213327408648,-0.11292560257939441,20220120-122427
1642678299.76,2.7200000286102295,4,136,1,1,0.0466652372477012,0.454304039478,-0.1198224981898122,-3.14723414633,2.2144251571,-71.8693510262,0,0.2313213327408648,-0.11292560257939441,20220120-122427
1642678299.78,2.740000009536743,4,137,1,1,0.0528126943572665,0.4534766078,-0.123028169852241,-1.37102353104,0.592502830984,-71.8952904265,0,0.2313213327408648,-0.11292560257939441,20220120-122427
1642678299.8,2.759999990463257,4,138,1,1,0.0604348399080574,0.454108685255,-0.1277242399553617,3.83933468759,-11.023809637895,-70.6037990078,0,0.2313213327408648,-0.11292560257939441,20220120-122427
1642678299.82,2.7799999713897705,4,139,1,1,0.061892406385473,0.454611241817,-0.1282157854233181,4.09144289644,-12.6426027,-70.7959139769,0,0.2313213327408648,-0.11292560257939441,20220120-122427
1642678299.84,2.799999952316284,4,140,1,1,0.0774280501286675,0.454554617405,-0.136283327395984,5.90844886299,-22.6188496461,-69.4127942011,0,0.2313213327408648,-0.11292560257939441,20220120-122427
1642678299.86,2.819999933242798,4,141,1,1,0.0802870292249693,0.453460633755,-0.1374303921760272,6.32984704385,-24.5214924259,-70.9078817425,0,0.2313213327408648,-0.11292560257939441,20220120-122427
1642678299.88,2.8400001525878906,4,142,1,1,0.0802870292249693,0.453460633755,-0.1374303921760272,6.32984704385,-24.5214924259,-70.9078817425,0,0.2313213327408648,-0.11292560257939441,20220120-122427
1642678299.9,2.8600001335144043,4,143,1,1,0.0802870292249693,0.453460633755,-0.1374303921760272,6.32984704385,-24.5214924259,-70.9078817425,0,0.2313213327408648,-0.11292560257939441,20220120-122427
1642678299.92,2.880000114440918,4,144,1,1,0.0948808562853937,0.455332800746,-0.1414468670049271,4.90474548117,-31.17380901465,-70.37655472604999,0,0.2313213327408648,-0.11292560257939441,20220120-122427
1642678299.94,2.9000000953674316,4,145,1,1,0.1116922938955944,0.457975715399,-0.1468235954242633,1.49774936643,-36.2658523578,-70.0842700877,0,0.2313213327408648,-0.11292560257939441,20220120-122427
1642678299.96,2.9200000762939453,4,146,1,1,0.116528111943044,0.456100642681,-0.1478709802319759,3.19961380152,-38.470187304,-75.165187246,0,0.2313213327408648,-0.11292560257939441,20220120-122427
1642678299.98,2.940000057220459,4,147,1,1,0.116528111943044,0.456100642681,-0.1478709802319759,3.19961380152,-38.470187304,-75.165187246,0,0.2313213327408648,-0.11292560257939441,20220120-122427
1642678300.0,2.9600000381469727,4,148,1,1,0.1213679735486629,0.45480042696,-0.159141482579887,0.1570662566000003,-33.7430784701,-73.2324356499,0,0.2313213327408648,-0.11292560257939441,20220120-122427
1642678300.02,2.9800000190734863,4,149,1,1,0.1273320418333373,0.453946724534,-0.1744497314359042,-3.875439293885,-28.340321092,-69.14456217879999,0,0.2313213327408648,-0.11292560257939441,20220120-122427
1642678300.04,3.0,4,150,1,1,0.1307879570220344,0.452925443649,-0.183871316846778,-2.97777942938,-28.563543774,-68.261400136,0,0.2313213327408648,-0.11292560257939441,20220120-122427
1642678300.06,3.0199999809265137,4,151,1,1,0.1321405414784873,0.45157828927,-0.1886167074408353,-1.46008903426,-28.0599826559,-68.6673489736,0,0.2313213327408648,-0.11292560257939441,20220120-122427
1642678300.08,3.0399999618530273,4,152,1,1,0.1305888716055505,0.451618820429,-0.1921406155438391,-1.46658168001,-23.5507670785,-68.264792333,0,0.2313213327408648,-0.11292560257939441,20220120-122427
1642678300.1,3.059999942779541,4,153,1,1,0.124303097701753,0.4539304822684999,-0.1971746598792635,-6.709411292895,-11.17271435071,-65.0393422554,0,0.2313213327408648,-0.11292560257939441,20220120-122427
1642678300.12,3.0799999237060547,4,154,1,1,0.1197255377324328,0.4542974680664999,-0.2023438390577581,-9.10449627933,-4.32955003404,-63.95084332155,0,0.2313213327408648,-0.11292560257939441,20220120-122427
1642678300.14,3.1000001430511475,4,155,1,1,0.1164625266343158,0.453501909971,-0.2076371504116667,-9.92560839914,-5.56717636764,-68.387888026,0,0.2313213327408648,-0.11292560257939441,20220120-122427
1642678300.16,3.120000123977661,4,156,1,1,0.114267613498392,0.452918589115,-0.2108027304369985,-10.5092822522,-6.97543289614,-70.740259027,0,0.2313213327408648,-0.11292560257939441,20220120-122427
1642678300.18,3.140000104904175,4,157,1,1,0.112570274589274,0.453987061977,-0.2132181767523092,-10.6508781501,-6.10419335721,-67.9721241426,0,0.2313213327408648,-0.11292560257939441,20220120-122427
1642678300.2,3.1600000858306885,4,158,1,1,0.1126837318959664,0.454499319196,-0.2157383607647686,-5.3584474790000005,0.3907579094648999,-55.741138274250005,0,0.2313213327408648,-0.11292560257939441,20220120-122427
1642678300.22,3.180000066757202,4,159,1,1,0.1133557047345774,0.4544036835435,-0.2173314494352379,-2.809385327715,-1.1613463914401,-50.5829133785,0,0.2313213327408648,-0.11292560257939441,20220120-122427
1642678300.24,3.200000047683716,4,160,1,1,0.1149770270552523,0.453882455826,-0.2183441652380347,0.588016268919,-1.41975162127,-47.6854813583,0,0.2313213327408648,-0.11292560257939441,20220120-122427
1642678300.26,3.2200000286102295,4,161,1,1,0.1128846760295826,0.454558372498,-0.2180147498636672,-1.79759340887,-3.28650712187,-48.28921275,0,0.2313213327408648,-0.11292560257939441,20220120-122427
1642678300.28,3.240000009536743,4,162,1,1,0.1114428173762385,0.454189389944,-0.2178990715279721,2.16597181752,1.7387676619,-47.2709001732,0,0.2313213327408648,-0.11292560257939441,20220120-122427
1642678300.3,3.259999990463257,4,163,1,1,0.094127209198176,0.456040784717,-0.2188337753529172,-2.050008211675,16.7736129477,-45.7879332238,0,0.2313213327408648,-0.11292560257939441,20220120-122427
1642678300.32,3.2799999713897705,4,164,1,1,0.0870924535436113,0.457057222724,-0.2195588837177045,-3.503547252775,23.25995405295,-45.89701301155,0,0.2313213327408648,-0.11292560257939441,20220120-122427
1642678300.34,3.299999952316284,4,165,1,1,0.0740357106627626,0.456088989973,-0.2212170260982524,-7.77307348808,27.6427445633,-52.9635792761,0,0.2313213327408648,-0.11292560257939441,20220120-122427
1642678300.36,3.319999933242798,4,166,1,1,0.0704979770600871,0.455833137035,-0.2217862294992712,-7.83105149515,25.964296519,-54.0040344471,0,0.2313213327408648,-0.11292560257939441,20220120-122427
1642678300.38,3.3400001525878906,4,167,1,1,0.0673352828191679,0.456596016884,-0.2203196345063003,-7.08614910537,29.2421619848,-51.2404673759,0,0.2313213327408648,-0.11292560257939441,20220120-122427
1642678300.4,3.3600001335144043,4,168,1,1,0.0576297237225104,0.4576795995235,-0.2162357062167976,-9.66100725694,39.13583870155,-50.42348053204999,0,0.2313213327408648,-0.11292560257939441,20220120-122427
1642678300.42,3.380000114440918,4,169,1,1,0.0496711032891118,0.457584500313,-0.2146100530182171,-11.1187316146,44.99859921495,-52.4411892385,0,0.2313213327408648,-0.11292560257939441,20220120-122427
1642678300.44,3.4000000953674316,4,170,1,1,0.0379362034159017,0.456640183926,-0.213942306953327,-10.935525408,47.8041100859,-59.4471369986,0,0.2313213327408648,-0.11292560257939441,20220120-122427
1642678300.46,3.4200000762939453,4,171,1,1,0.0323061443728501,0.456087589264,-0.2137531313770202,-9.58638970491,48.9872065671,-65.5187627485,0,0.2313213327408648,-0.11292560257939441,20220120-122427
1642678300.48,3.440000057220459,4,172,1,1,0.0270321517118581,0.457018315792,-0.2135929029064708,-8.64247653386,51.4364316413,-67.037225054,0,0.2313213327408648,-0.11292560257939441,20220120-122427
1642678300.5,3.4600000381469727,4,173,1,1,0.0170945328740302,0.460647165775,-0.2129159936575402,-12.08841883785,53.5740729192,-64.53612120535,0,0.2313213327408648,-0.11292560257939441,20220120-122427
1642678300.52,3.4800000190734863,4,174,1,1,0.0102722560994557,0.4620864540335,-0.212470831631454,-12.86565325775,55.6758785482,-63.937118683600005,0,0.2313213327408648,-0.11292560257939441,20220120-122427
1642678300.54,3.5,4,175,1,1,0.0052535122725336,0.460736066103,-0.2130644129324861,-11.416489426705,56.043523989,-65.17568710335,0,0.2313213327408648,-0.11292560257939441,20220120-122427
1642678300.56,3.5199999809265137,4,176,1,1,-0.0019936653763149,0.458346366882,-0.2149053264877904,-9.12448512566,55.127234688,-64.5196261245,0,0.2313213327408648,-0.11292560257939441,20220120-122427
1642678300.58,3.5399999618530273,4,177,1,1,-0.0042037084192488,0.458840489388,-0.2165479842007563,-7.40378378233,52.3674917513,-59.6310260565,0,0.2313213327408648,-0.11292560257939441,20220120-122427
1642678300.6,3.559999942779541,4,178,1,1,-0.0038799583380548,0.459307834506,-0.2218350042578533,-0.8844905144105,48.0400328626,-49.9995364097,0,0.2313213327408648,-0.11292560257939441,20220120-122427
1642678300.62,3.5799999237060547,4,179,1,1,-0.0027531113765072,0.45924885571,-0.2240273778867831,0.7491749194945001,45.2492508401,-47.79173235515,0,0.2313213327408648,-0.11292560257939441,20220120-122427
1642678300.64,3.6000001430511475,4,180,1,1,0.000500400663091,0.457320362329,-0.228440568906354,-3.08359911297,43.5273100571,-44.5452321134,0,0.2313213327408648,-0.11292560257939441,20220120-122427
1642678300.66,3.620000123977661,4,181,1,1,0.0036501692178162,0.45728585124,-0.229707130666532,-9.0597136484,42.7567095445,-44.7102661803,0,0.2313213327408648,-0.11292560257939441,20220120-122427
1642678300.68,3.640000104904175,4,182,1,1,0.0115374094241371,0.458376795053,-0.2333954287398648,-8.29566752537,39.2950328631,-44.3101428515,0,0.2313213327408648,-0.11292560257939441,20220120-122427
1642678300.7,3.6600000858306885,4,183,1,1,0.0296875921795149,0.4625619649885,-0.2423252881819918,-2.466761309615,23.8412687185,-45.03219745785,0,0.2313213327408648,-0.11292560257939441,20220120-122427
1642678300.72,3.680000066757202,4,184,1,1,0.0392478390074269,0.46426063776,-0.2479809958774847,-1.24990619362,16.3119960944,-45.58805128735,0,0.2313213327408648,-0.11292560257939441,20220120-122427
1642678300.74,3.700000047683716,4,185,1,1,0.0554156978381479,0.464166730642,-0.2608731188679608,-5.48682601754,6.5066405758,-53.0142803752,0,0.2313213327408648,-0.11292560257939441,20220120-122427
1642678300.76,3.7200000286102295,4,186,1,1,0.0615132754512122,0.46405300498,-0.2661689963590222,-7.52457965322,6.27205534249,-56.6879161816,0,0.2313213327408648,-0.11292560257939441,20220120-122427
1642678300.78,3.740000009536743,4,187,1,1,0.0677303039709862,0.464037597179,-0.2702606393398729,-7.46489612265,3.78491782332,-59.7993026167,0,0.2313213327408648,-0.11292560257939441,20220120-122427
1642678300.8,3.759999990463257,4,188,1,1,0.0795496159933417,0.462311834097,-0.2758410338279772,-4.727742848465,-4.865817738725,-63.78498627305,0,0.2313213327408648,-0.11292560257939441,20220120-122427
1642678300.82,3.7799999713897705,4,189,1,1,0.085513550111759,0.4603337645535,-0.2784754155060092,-3.13230593691,-8.43152222813,-65.90441591855,0,0.2313213327408648,-0.11292560257939441,20220120-122427
1642678300.84,3.799999952316284,4,190,1,1,0.0921758091236168,0.456541359425,-0.2832943875539723,-3.74100216453,-11.2745554403,-69.1375992992,0,0.2313213327408648,-0.11292560257939441,20220120-122427
1642678300.86,3.819999933242798,4,191,1,1,0.0960040053607002,0.454644382,-0.2881113119496383,-4.13320555228,-8.71089167604,-69.4617086052,0,0.2313213327408648,-0.11292560257939441,20220120-122427
1642678300.88,3.8400001525878906,4,192,1,1,0.1030533474257117,0.455711990595,-0.2931589254705069,-0.913777535891,-14.5566885477,-69.9284975554,0,0.2313213327408648,-0.11292560257939441,20220120-122427
1642678300.9,3.8600001335144043,4,193,1,1,0.1158332962693374,0.4576780945065,-0.2986919081978547,4.094875164395,-25.16080263095,-65.15345240235,0,0.2313213327408648,-0.11292560257939441,20220120-122427
1642678300.92,3.880000114440918,4,194,1,1,0.1202246381436435,0.458097457886,-0.2999242918821324,5.21027712015,-28.3690709101,-64.2910001968,0,0.2313213327408648,-0.11292560257939441,20220120-122427
1642678300.94,3.9000000953674316,4,195,1,1,0.1202246381436435,0.458097457886,-0.2999242918821324,5.21027712015,-28.3690709101,-64.2910001968,0,0.2313213327408648,-0.11292560257939441,20220120-122427
1642678300.96,3.9200000762939453,4,196,1,1,0.1202246381436435,0.458097457886,-0.2999242918821324,5.21027712015,-28.3690709101,-64.2910001968,0,0.2313213327408648,-0.11292560257939441,20220120-122427
1642678300.98,3.940000057220459,4,197,1,1,0.1202246381436435,0.458097457886,-0.2999242918821324,5.21027712015,-28.3690709101,-64.2910001968,0,0.2313213327408648,-0.11292560257939441,20220120-122427
1642678301.0,3.9600000381469727,4,198,1,1,0.1202246381436435,0.458097457886,-0.2999242918821324,5.21027712015,-28.3690709101,-64.2910001968,0,0.2313213327408648,-0.11292560257939441,20220120-122427
1642678301.02,3.9800000190734863,4,199,1,1,0.1202246381436435,0.458097457886,-0.2999242918821324,5.21027712015,-28.3690709101,-64.2910001968,0,0.2313213327408648,-0.11292560257939441,20220120-122427
1642678301.04,4.0,4,200,1,1,0.1202246381436435,0.458097457886,-0.2999242918821324,5.21027712015,-28.3690709101,-64.2910001968,0,0.2313213327408648,-0.11292560257939441,20220120-122427
1642678301.06,4.019999980926514,4,201,1,1,0.1202246381436435,0.458097457886,-0.2999242918821324,5.21027712015,-28.3690709101,-64.2910001968,0,0.2313213327408648,-0.11292560257939441,20220120-122427
1642678301.08,4.039999961853027,4,202,1,1,0.1202246381436435,0.458097457886,-0.2999242918821324,5.21027712015,-28.3690709101,-64.2910001968,0,0.2313213327408648,-0.11292560257939441,20220120-122427
1642678301.1,4.059999942779541,4,203,1,1,0.1938229592447633,0.4547132104635,-0.2927865937629811,6.72340459046,-69.5502276864,-58.70912937345,0,0.2313213327408648,-0.11292560257939441,20220120-122427
1642678301.12,4.079999923706055,4,204,1,1,0.1998823030787384,0.4536037296055,-0.2912257059875349,7.10737695538,-68.4130429134,-56.88451494175,0,0.2313213327408648,-0.11292560257939441,20220120-122427
1642678301.14,4.1000001430511475,4,205,1,1,0.2083169465871299,0.453039467335,-0.2905899249093273,5.00336977227,-66.5035003889,-58.5183567772,0,0.2313213327408648,-0.11292560257939441,20220120-122427
1642678301.16,4.120000123977661,4,206,1,1,0.2165663131461121,0.453772515059,-0.2864905735936096,6.1155143056,-67.6335197733,-57.3960845387,0,0.2313213327408648,-0.11292560257939441,20220120-122427
1642678301.18,4.140000104904175,4,207,1,1,0.2246298747694872,0.454667687416,-0.2842791767293492,3.81166654307,-75.4897293444,-56.9017829509,0,0.2313213327408648,-0.11292560257939441,20220120-122427
1642678301.2,4.1600000858306885,4,208,1,1,0.234671536711025,0.4535004496575,-0.2791030194670504,3.882906235805,-78.24008870435,-62.9290975036,0,0.2313213327408648,-0.11292560257939441,20220120-122427
1642678301.22,4.180000066757202,4,209,1,1,0.2398989548501927,0.451595634222,-0.2775232000340548,3.230540160245,-79.03787670735,-67.48352088384999,0,0.2313213327408648,-0.11292560257939441,20220120-122427
1642678301.24,4.200000047683716,4,210,1,1,0.2457158884157816,0.45064035058,-0.2757348096675083,0.25191699441,-77.9783157508,-70.5480905244,0,0.2313213327408648,-0.11292560257939441,20220120-122427
1642678301.26,4.2200000286102295,4,211,1,1,0.2498232323613388,0.451583147049,-0.2732505446674043,-0.0207382265325,-76.9834667363,-68.2740037592,0,0.2313213327408648,-0.11292560257939441,20220120-122427
1642678301.28,4.240000009536743,4,212,1,1,0.2565648356187661,0.453686445951,-0.2732057979950025,-1.17176298518,-79.4939989595,-63.3562678312,0,0.2313213327408648,-0.11292560257939441,20220120-122427
1642678301.3,4.259999990463257,4,213,1,1,0.2626206294765448,0.4529975503685,-0.271837253805397,0.15823595663,-79.20899268125001,-63.2043228599,0,0.2313213327408648,-0.11292560257939441,20220120-122427
1642678301.32,4.2799999713897705,4,214,1,1,0.2683896151620701,0.451194897294,-0.2705961640462688,0.0301476932989999,-78.38802026835,-66.02765877885,0,0.2313213327408648,-0.11292560257939441,20220120-122427
1642678301.34,4.299999952316284,4,215,1,1,0.2729659537479362,0.4504608660935,-0.2694020811525691,-1.2288769490195,-79.16452964135,-67.44197902594999,0,0.2313213327408648,-0.11292560257939441,20220120-122427
1642678301.36,4.319999933242798,4,216,1,1,0.2786071857472003,0.452901393175,-0.2679031435784137,-3.26019116112,-82.2558100933,-62.6444021863,0,0.2313213327408648,-0.11292560257939441,20220120-122427
1642678301.38,4.340000152587891,4,217,1,1,0.2799718348505839,0.453031420708,-0.264215901669621,0.184599616897,-78.122776422,-61.012313689,0,0.2313213327408648,-0.11292560257939441,20220120-122427
1642678301.4,4.360000133514404,4,218,1,1,0.2858173390903316,0.4529305547475,-0.2634065471472658,-0.8613397301129999,-79.42668405055,-59.4425600989,0,0.2313213327408648,-0.11292560257939441,20220120-122427
1642678301.42,4.380000114440918,4,219,1,1,0.288565372708587,0.4515480995174999,-0.2623323958476908,-1.162236725203,-79.93659510565,-61.20751923545,0,0.2313213327408648,-0.11292560257939441,20220120-122427
1642678301.44,4.400000095367432,4,220,1,1,0.2919110171408557,0.451676905155,-0.2606103344153442,-2.33035847967,-80.5026333825,-60.6491986027,0,0.2313213327408648,-0.11292560257939441,20220120-122427
1642678301.46,4.420000076293945,4,221,1,1,0.2951979923416768,0.452645659447,-0.2588701983323952,-1.82691555336,-79.7201173261,-58.9005512229,0,0.2313213327408648,-0.11292560257939441,20220120-122427
1642678301.48,4.440000057220459,4,222,1,1,0.2982635173721523,0.453401982784,-0.2590975934014473,-2.42952336901,-79.0506235131,-57.4311862123,0,0.2313213327408648,-0.11292560257939441,20220120-122427
1642678301.5,4.460000038146973,4,223,1,1,0.3009424214669539,0.452864408493,-0.2600272983204251,-4.057363066945,-79.2690514652,-57.0106722675,0,0.2313213327408648,-0.11292560257939441,20220120-122427
1642678301.52,4.480000019073486,4,224,1,1,0.3016419138301126,0.451687440276,-0.260393060765041,-4.232828858055,-79.61184521115,-56.83544758585,0,0.2313213327408648,-0.11292560257939441,20220120-122427
1642678301.54,4.5,4,225,1,1,0.3021080865523207,0.45110489428,-0.2600509003879976,-3.48232693875,-78.9751619662,-55.7841431513,0,0.2313213327408648,-0.11292560257939441,20220120-122427
1642678301.56,4.519999980926514,4,226,1,1,0.3021680246019605,0.451050281525,-0.2590130116128567,-1.10867364699,-78.7349734406,-54.7311122058,0,0.2313213327408648,-0.11292560257939441,20220120-122427
1642678301.58,4.539999961853027,4,227,1,1,0.3033847781279786,0.451015412807,-0.2594485216768225,-0.488942038648,-79.2744880345,-55.1463641224,0,0.2313213327408648,-0.11292560257939441,20220120-122427
1642678301.6,4.559999942779541,4,228,1,1,0.3065220857043502,0.4500556141139999,-0.2603243516794858,-0.866867915626,-79.83905243765,-59.72886199745,0,0.2313213327408648,-0.11292560257939441,20220120-122427
1642678301.62,4.579999923706055,4,229,1,1,0.3089934125032018,0.449329853058,-0.260771988907352,-0.607891056286,-80.42193557760001,-64.4410720987,0,0.2313213327408648,-0.11292560257939441,20220120-122427
1642678301.64,4.6000001430511475,4,230,1,1,0.3105329155761203,0.450812280178,-0.2620747414452355,-2.063503972,-79.8597076224,-63.2993369114,0,0.2313213327408648,-0.11292560257939441,20220120-122427
1642678301.66,4.620000123977661,4,231,1,1,0.312312130596575,0.452520757914,-0.2620674670939108,-0.17753852309,-71.6124609281,-57.5306230059,0,0.2313213327408648,-0.11292560257939441,20220120-122427
1642678301.68,4.640000104904175,4,232,1,1,0.3131584154369957,0.452556490898,-0.2640234908986049,-0.594065987214,-71.2407254052,-56.2636668825,0,0.2313213327408648,-0.11292560257939441,20220120-122427
1642678301.7,4.6600000858306885,4,233,1,1,0.3133971963272185,0.451352328062,-0.2654061050361618,-0.3253285757234999,-71.81164656735001,-54.6943282838,0,0.2313213327408648,-0.11292560257939441,20220120-122427
1642678301.72,4.680000066757202,4,234,1,1,0.3126774492875526,0.4514131248,-0.2667287906755468,-1.63231689707,-71.81700811830001,-51.97337006985,0,0.2313213327408648,-0.11292560257939441,20220120-122427
1642678301.74,4.700000047683716,4,235,1,1,0.3125447603023437,0.451417505741,-0.2676765730429781,-1.13504934754,-68.261433894,-47.4477427745,0,0.2313213327408648,-0.11292560257939441,20220120-122427
1642678301.76,4.7200000286102295,4,236,1,1,0.3123381606212768,0.45244333148,-0.2726427859048602,-3.87033954594,-62.1007925056,-44.1646790275,0,0.2313213327408648,-0.11292560257939441,20220120-122427
1642678301.78,4.740000009536743,4,237,1,1,0.3121480529669903,0.454511135817,-0.2846323823022344,-7.43529088164,-51.5917278547,-41.4079375161,0,0.2313213327408648,-0.11292560257939441,20220120-122427
1642678301.8,4.759999990463257,4,238,1,1,0.3107717399855204,0.45497918129,-0.2874396784627688,-7.66209410125,-50.8846160087,-44.8418444946,0,0.2313213327408648,-0.11292560257939441,20220120-122427
1642678301.82,4.7799999713897705,4,239,1,1,0.311048989249447,0.45400634408,-0.2955619501916157,-3.359082172045,-48.858422873150005,-49.41541591715,0,0.2313213327408648,-0.11292560257939441,20220120-122427
1642678301.84,4.799999952316284,4,240,1,1,0.3102456388491065,0.4547641575334999,-0.3029223416450276,-2.642314839615,-46.3373693592,-51.0042363269,0,0.2313213327408648,-0.11292560257939441,20220120-122427
1642678301.86,4.819999933242798,4,241,1,1,0.3070873566841511,0.456160366535,-0.3189624740441565,0.16302362823,-32.8498868307,-56.8412642121,0,0.2313213327408648,-0.11292560257939441,20220120-122427
1642678301.88,4.840000152587891,4,242,1,1,0.3063953297047871,0.455723702908,-0.3278702891376782,-0.156172918283,-31.1338820509,-59.4084342572,0,0.2313213327408648,-0.11292560257939441,20220120-122427
1642678301.9,4.860000133514404,4,243,1,1,0.3075149814787437,0.4534477591515,-0.3354086391010366,2.194991233955,-30.8802808716,-61.58038954375,0,0.2313213327408648,-0.11292560257939441,20220120-122427
1642678301.92,4.880000114440918,4,244,1,1,0.3077875888615577,0.4517128765585,-0.3418914532928918,2.33783511694,-34.7418202055,-63.3625950241,0,0.2313213327408648,-0.11292560257939441,20220120-122427
1642678301.94,4.900000095367432,4,245,1,1,0.3066495363716762,0.451699703932,-0.3433261753519069,1.39331530807,-39.1965687159,-65.991456122,0,0.2313213327408648,-0.11292560257939441,20220120-122427
1642678301.96,4.920000076293945,4,246,1,1,0.3124938769910969,0.454070419073,-0.3525344053447483,3.77592833285,-36.1958741437,-57.4893417435,0,0.2313213327408648,-0.11292560257939441,20220120-122427
1642678301.98,4.940000057220459,4,247,1,1,0.3148816201018588,0.454436868429,-0.359130701621113,1.45572317897,-40.2398060639,-56.6611852231,0,0.2313213327408648,-0.11292560257939441,20220120-122427
1642678302.0,4.960000038146973,4,248,1,1,0.31958204489796,0.4511242359874999,-0.3605920857350628,3.2820324214000003,-37.79036028915,-60.515969621,0,0.2313213327408648,-0.11292560257939441,20220120-122427
1642678302.02,4.980000019073486,4,249,1,1,0.3209543414589358,0.4518859237429999,-0.362812241943873,2.36490797499,-38.23119641535,-57.52299378315,0,0.2313213327408648,-0.11292560257939441,20220120-122427
1642678302.04,5.0,4,250,1,1,0.3207105343189128,0.454356074333,-0.3659880417177478,-0.0154548080086,-37.0906998707,-50.5210202266,0,0.2313213327408648,-0.11292560257939441,20220120-122427
1642678302.06,5.019999980926514,4,251,1,1,0.3205052381828832,0.455096483231,-0.3702101242550059,-0.782263794164,-36.1655780941,-46.9464852851,0,0.2313213327408648,-0.11292560257939441,20220120-122427
1642678302.08,5.039999961853027,4,252,1,1,0.3202957746137664,0.455587655306,-0.3737167207157452,1.2495977539,-37.5996637942,-46.4221016948,0,0.2313213327408648,-0.11292560257939441,20220120-122427
1642678302.1,5.059999942779541,4,253,1,1,0.3213414997970242,0.456178605556,-0.3766464684997729,7.05727461538,-37.6626944633,-45.0140436492,0,0.2313213327408648,-0.11292560257939441,20220120-122427
1642678302.12,5.079999923706055,4,254,1,1,0.3202446808936675,0.4567444771525,-0.3790539314964001,9.611330003145,-38.785632355450005,-44.6067233617,0,0.2313213327408648,-0.11292560257939441,20220120-122427
1642678302.14,5.1000001430511475,4,255,1,1,0.3190586610665813,0.453940778971,-0.3770878409098582,8.5281586633,-41.3838372952,-45.9078817898,0,0.2313213327408648,-0.11292560257939441,20220120-122427
1642678302.16,5.120000123977661,4,256,1,1,0.3192293989539018,0.453046143055,-0.3720536028355992,8.02797906608,-43.8641186236,-47.4677809087,0,0.2313213327408648,-0.11292560257939441,20220120-122427
1642678302.18,5.140000104904175,4,257,1,1,0.3213693766272918,0.455034017563,-0.3660875663824723,8.36543877807,-46.6266442983,-43.8817536448,0,0.2313213327408648,-0.11292560257939441,20220120-122427
1642678302.2,5.1600000858306885,4,258,1,1,0.325366381617034,0.4563347846269999,-0.3541308277053789,8.75989920944,-56.46789790225,-39.3175987575,0,0.2313213327408648,-0.11292560257939441,20220120-122427
1642678302.22,5.180000066757202,4,259,1,1,0.328208436321446,0.4563342928889999,-0.3447495721998473,9.055027313219998,-64.24425310975,-39.1448357036,0,0.2313213327408648,-0.11292560257939441,20220120-122427
1642678302.24,5.200000047683716,4,260,1,1,0.3290299765970261,0.457321852446,-0.3361343416005897,6.10444364107,-67.8779563257,-42.865354494,0,0.2313213327408648,-0.11292560257939441,20220120-122427
1642678302.26,5.2200000286102295,4,261,1,1,0.3343734326939034,0.462793290615,-0.3339142620691861,1.10777272418,-63.7151251575,-36.6824168385,0,0.2313213327408648,-0.11292560257939441,20220120-122427
1642678302.28,5.240000009536743,4,262,1,1,0.3359329038537449,0.464682161808,-0.335419359879288,-0.828116164287,-62.8568927537,-33.6231994664,0,0.2313213327408648,-0.11292560257939441,20220120-122427
1642678302.3,5.259999990463257,4,263,1,1,0.3390976702821447,0.469567269087,-0.3330496064246087,1.35904415243,-64.6431763324,-31.5060802598,0,0.2313213327408648,-0.11292560257939441,20220120-122427
1642678302.32,5.2799999713897705,4,264,1,1,0.3439192757239336,0.4764730036255,-0.3237740357593008,2.59395320945,-75.27146046075,-27.71832361345,0,0.2313213327408648,-0.11292560257939441,20220120-122427
1642678302.34,5.299999952316284,4,265,1,1,0.3467046052351034,0.485400214791,-0.3101411647917681,1.590511718511,-89.0472286394,-26.3644586218,0,0.2313213327408648,-0.11292560257939441,20220120-122427
1642678302.36,5.319999933242798,4,266,1,1,0.3500067145178992,0.498461842537,-0.2928402821695463,-4.04538600579,-101.795880195,-22.4986384101,0,0.2313213327408648,-0.11292560257939441,20220120-122427
1642678302.38,5.340000152587891,4,267,1,1,0.3518185493942103,0.5023624897,-0.2879680936282948,-5.18249005498,-103.688992484,-21.0608892613,0,0.2313213327408648,-0.11292560257939441,20220120-122427
1642678302.4,5.360000133514404,4,268,1,1,0.3601751473458378,0.510486483574,-0.2762418939792957,-6.4449667091150005,-104.677594129,-20.10780114935,0,0.2313213327408648,-0.11292560257939441,20220120-122427
1642678302.42,5.380000114440918,4,269,1,1,0.3626585897589162,0.5100274682045001,-0.2707183460694257,-3.93101193573,-107.962633086,-23.3295344669,0,0.2313213327408648,-0.11292560257939441,20220120-122427
1642678302.44,5.400000095367432,4,270,1,1,0.3637293586266602,0.506845295429,-0.2623104798592792,-2.82190067375,-118.368464174,-30.4586317026,0,0.2313213327408648,-0.11292560257939441,20220120-122427
1642678302.46,5.420000076293945,4,271,1,1,0.3621454570034595,0.503795802593,-0.2550279850622258,-1.25945470416,-125.9416436,-36.2535073106,0,0.2313213327408648,-0.11292560257939441,20220120-122427
1642678302.48,5.440000057220459,4,272,1,1,0.3621645978253069,0.502492189407,-0.2520903944974239,-2.96432868398,-129.522731649,-38.7005281254,0,0.2313213327408648,-0.11292560257939441,20220120-122427
1642678302.5,5.460000038146973,4,273,1,1,0.3602275633787241,0.4972452521325,-0.2352236650803408,-3.347723687525,-136.32319297200002,-46.23036590425,0,0.2313213327408648,-0.11292560257939441,20220120-122427
1642678302.52,5.480000019073486,4,274,1,1,0.3590671119708453,0.4958343207835,-0.2288239939381478,-4.09913178444,-138.53125286649998,-48.86960839305,0,0.2313213327408648,-0.11292560257939441,20220120-122427
1642678302.54,5.5,4,275,1,1,0.3562021134053728,0.493834272027,-0.2220820458078315,-4.239654810959999,-143.55651868299998,-52.77351021915,0,0.2313213327408648,-0.11292560257939441,20220120-122427
1642678302.56,5.519999980926514,4,276,1,1,0.3483429861448291,0.486865878105,-0.2070397252776294,-3.34973811109,-154.484710512,-61.8945095569,0,0.2313213327408648,-0.11292560257939441,20220120-122427
1642678302.58,5.539999961853027,4,277,1,1,0.3422970328229995,0.474523216486,-0.1927221069497282,-3.55125131325,-161.550394722,-72.665814197,0,0.2313213327408648,-0.11292560257939441,20220120-122427
1642678302.6,5.559999942779541,4,278,1,1,0.3411429941184938,0.469923049212,-0.1878272457264763,-3.78961744698,-161.862943554,-74.3820944394,0,0.2313213327408648,-0.11292560257939441,20220120-122427
1642678302.62,5.579999923706055,4,279,1,1,0.3395966913418084,0.4585355222225,-0.1757145037671029,-6.675521773054999,-161.31171483449998,-78.9786613794,0,0.2313213327408648,-0.11292560257939441,20220120-122427
1642678302.64,5.6000001430511475,4,280,1,1,0.3350585736691576,0.450054854155,-0.1604515854639773,-6.69515884387,-165.389385225,-81.8748396638,0,0.2313213327408648,-0.11292560257939441,20220120-122427
1642678302.66,5.620000123977661,4,281,1,1,0.3350585736691576,0.450054854155,-0.1604515854639773,-6.69515884387,-165.389385225,-81.8748396638,0,0.2313213327408648,-0.11292560257939441,20220120-122427
1642678302.68,5.640000104904175,4,282,1,1,0.3350585736691576,0.450054854155,-0.1604515854639773,-6.69515884387,-165.389385225,-81.8748396638,0,0.2313213327408648,-0.11292560257939441,20220120-122427
1642678302.7,5.6600000858306885,4,283,1,1,0.3350585736691576,0.450054854155,-0.1604515854639773,-6.69515884387,-165.389385225,-81.8748396638,0,0.2313213327408648,-0.11292560257939441,20220120-122427
1642678302.72,5.680000066757202,4,284,1,1,0.3322775925127387,0.448914021254,-0.1462263509793846,-6.520189844455,-166.29548012150002,-83.82655468855,0,0.2313213327408648,-0.11292560257939441,20220120-122427
1642678302.74,5.700000047683716,4,285,1,1,0.3277775948742327,0.449506431818,-0.1242266045948418,-5.22001092521,-170.159763765,-82.1376475319,0,0.2313213327408648,-0.11292560257939441,20220120-122427
1642678302.76,5.7200000286102295,4,286,1,1,0.3272475123897044,0.448159962893,-0.1129882685817384,-3.62034968772,-170.70084937,-78.8730368623,0,0.2313213327408648,-0.11292560257939441,20220120-122427
1642678302.78,5.740000009536743,4,287,1,1,0.3278027232376599,0.445922225714,-0.1085315065028719,-3.63136144765,-169.544574087,-81.9223619227,0,0.2313213327408648,-0.11292560257939441,20220120-122427
1642678302.8,5.759999990463257,4,288,1,1,0.3272543362277639,0.445358514786,-0.107590439138114,-4.05001558147,-168.863028791,-84.4187459232,0,0.2313213327408648,-0.11292560257939441,20220120-122427
1642678302.82,5.7799999713897705,4,289,1,1,0.3255520321639086,0.446593463421,-0.1026585125259581,-3.768632961125,-170.3062443945,-80.18209583045001,1,0.2313213327408648,-0.11292560257939441,20220120-122427
1642678302.84,5.799999952316284,4,290,1,1,0.3198460544662335,0.449174121022,-0.0938521830795907,-0.2414763315149999,-174.48004702650002,-68.8510017106,1,0.2313213327408648,-0.11292560257939441,20220120-122427
1642678302.86,5.819999933242798,4,291,1,1,0.3137249665209861,0.451483517885,-0.0881571591940174,4.80824431679,-179.905355421,-58.9155544627,1,0.2313213327408648,-0.11292560257939441,20220120-122427
1642678302.88,5.840000152587891,4,292,1,1,0.3070039772566253,0.45157495141,-0.0806151632059735,7.03751591689,-178.351177652,-50.2131779741,1,0.2313213327408648,-0.11292560257939441,20220120-122427
1642678302.9,5.860000133514404,4,293,1,1,0.2990052998097976,0.452057257295,-0.0741716279953585,5.614964628595001,-177.4849435545,-46.7826106705,1,0.2313213327408648,-0.11292560257939441,20220120-122427
1642678302.92,5.880000114440918,4,294,1,1,0.2902520382190254,0.4527438133954999,-0.0702847217403338,6.82154569133,-1.5282790984999792,-43.67395937555,1,0.2313213327408648,-0.11292560257939441,20220120-122427
1642678302.94,5.900000095367432,4,295,1,1,0.2785732423392045,0.454868733883,-0.0660379761641291,10.2934330758,170.890416105,-39.0202461758,1,0.2313213327408648,-0.11292560257939441,20220120-122427
1642678302.96,5.920000076293945,4,296,1,1,0.261258736323415,0.457448124886,-0.0603831299005815,14.7846640702,159.929519548,-37.3745013251,1,0.2313213327408648,-0.11292560257939441,20220120-122427
1642678302.98,5.940000057220459,4,297,1,1,0.2574609693463004,0.457521826029,-0.0580892470467602,12.8555354456,155.817849085,-37.6845685559,1,0.2313213327408648,-0.11292560257939441,20220120-122427
1642678303.0,5.960000038146973,4,298,1,1,0.2438941920542325,0.462564960122,-0.0512671259813206,10.05098511379,152.3054992505,-36.8785843498,1,0.2313213327408648,-0.11292560257939441,20220120-122427
1642678303.02,5.980000019073486,4,299,1,1,0.2373912022707145,0.469109252095,-0.0460804107815493,5.988215811615,152.6026534695,-33.1163372864,1,0.2313213327408648,-0.11292560257939441,20220120-122427
1642678303.04,6.0,4,300,1,1,0.2304922364369349,0.47856682539,-0.0391547662830362,2.147243731485,154.1431108685,-29.6514037064,1,0.2313213327408648,-0.11292560257939441,20220120-122427
1642678303.06,6.019999980926514,4,301,1,1,0.2226260604580503,0.487515807152,-0.0276786182099903,3.4307261431,156.445032237,-29.961065702,1,0.2313213327408648,-0.11292560257939441,20220120-122427
1642678303.08,6.039999961853027,4,302,1,1,0.2197015470336714,0.488423645496,-0.0233561878990202,4.57570612866,156.551374944,-31.4282617125,1,0.2313213327408648,-0.11292560257939441,20220120-122427
1642678303.1,6.059999942779541,4,303,1,1,0.2125272304150954,0.48884510994,-0.0104492800020606,4.05687011954,156.815646852,-33.2187278509,1,0.2313213327408648,-0.11292560257939441,20220120-122427
1642678303.12,6.079999923706055,4,304,1,1,0.2070207446372242,0.4906788021325,-0.000659646293138,4.390020241405,158.6180123885,-32.57568296785,1,0.2313213327408648,-0.11292560257939441,20220120-122427
1642678303.14,6.1000001430511475,4,305,1,1,0.2018762215906188,0.497198164463,0.0128664959845783,4.76603681463,159.543243724,-27.7263441772,1,0.2313213327408648,-0.11292560257939441,20220120-122427
1642678303.16,6.120000123977661,4,306,1,1,0.1993705280114363,0.501820921898,0.0189296512522138,5.61788133437,159.041287526,-25.6047926995,1,0.2313213327408648,-0.11292560257939441,20220120-122427
1642678303.18,6.140000104904175,4,307,1,1,0.196772284424657,0.506524682045,0.0245224262464993,6.26151330677,158.681862789,-25.2022799574,1,0.2313213327408648,-0.11292560257939441,20220120-122427
1642678303.2,6.1600000858306885,4,308,1,1,0.1937652174287601,0.5129627287384999,0.0316682139396652,6.154580255885,158.90648675749998,-27.96311290035,1,0.2313213327408648,-0.11292560257939441,20220120-122427
1642678303.22,6.180000066757202,4,309,1,1,0.1920612310862768,0.515533864498,0.0355704375341827,5.914011236335,159.098125058,-29.1579929694,1,0.2313213327408648,-0.11292560257939441,20220120-122427
1642678303.24,6.200000047683716,4,310,1,1,0.1865293887370419,0.51793128252,0.045880327947787,6.54032263375,159.298827286,-29.0942627024,1,0.2313213327408648,-0.11292560257939441,20220120-122427
1642678303.26,6.2200000286102295,4,311,1,1,0.1838298523059316,0.516795098782,0.0528134871817508,6.43121154686,160.04593667,-26.2338142272,1,0.2313213327408648,-0.11292560257939441,20220120-122427
1642678303.28,6.240000009536743,4,312,1,1,0.1826973713116911,0.516053795815,0.0560339277891298,6.27743782801,160.731988928,-25.73370599,1,0.2313213327408648,-0.11292560257939441,20220120-122427
1642678303.3,6.259999990463257,4,313,1,1,0.1779830178162953,0.511535227299,0.0652573584865589,5.75080943337,163.151625832,-26.7352539376,1,0.2313213327408648,-0.11292560257939441,20220120-122427
1642678303.32,6.2799999713897705,4,314,1,1,0.1743719358816028,0.512469917536,0.0743728674535959,4.571405476424999,164.5773686285,-26.15628537645,1,0.2313213327408648,-0.11292560257939441,20220120-122427
1642678303.34,6.299999952316284,4,315,1,1,0.1725597662810967,0.5142352879050001,0.0796942980226191,4.456228566375,164.849438958,-25.47485739995,1,0.2313213327408648,-0.11292560257939441,20220120-122427
1642678303.36,6.319999933242798,4,316,1,1,0.1703386373140368,0.517973542213,0.0869776849252972,4.58371032369,165.130569899,-24.051543374,1,0.2313213327408648,-0.11292560257939441,20220120-122427
1642678303.38,6.340000152587891,4,317,1,1,0.1705078131989986,0.519906163216,0.089825857198312,2.99578154912,165.484785523,-22.9640592573,1,0.2313213327408648,-0.11292560257939441,20220120-122427
1642678303.4,6.360000133514404,4,318,1,1,0.1696554871596939,0.5256182253365,0.0998006316905959,1.7389082271765,167.23808550899997,-22.17964827705,1,0.2313213327408648,-0.11292560257939441,20220120-122427
1642678303.42,6.380000114440918,4,319,1,1,0.1689654616500409,0.526760429144,0.1038787830066245,3.01573899661,168.37351933949998,-22.0762353312,1,0.2313213327408648,-0.11292560257939441,20220120-122427
1642678303.44,6.400000095367432,4,320,1,1,0.1699317420277329,0.52612644434,0.1143336404855331,3.50532913531,171.381481042,-23.1117234681,1,0.2313213327408648,-0.11292560257939441,20220120-122427
1642678303.46,6.420000076293945,4,321,1,1,0.1694768229614499,0.525014400482,0.1199268986580558,4.71895313474,171.067279021,-23.7723742718,1,0.2313213327408648,-0.11292560257939441,20220120-122427
1642678303.48,6.440000057220459,4,322,1,1,0.1690886931139494,0.524751901627,0.1227843628046171,5.33379904989,170.539803639,-23.3436966062,1,0.2313213327408648,-0.11292560257939441,20220120-122427
1642678303.5,6.460000038146973,4,323,1,1,0.1698693979666244,0.5251410603525,0.1308590507818776,4.322780369755,167.30860171,-23.31147508075,1,0.2313213327408648,-0.11292560257939441,20220120-122427
1642678303.52,6.480000019073486,4,324,1,1,0.1710144835962815,0.526990711689,0.1330793234833345,4.57268470976,166.7385422455,-21.868575346150003,1,0.2313213327408648,-0.11292560257939441,20220120-122427
1642678303.54,6.5,4,325,1,1,0.1728035638201152,0.5300911962985,0.1342738442064319,4.61326958599,166.504717309,-19.23185701895,1,0.2313213327408648,-0.11292560257939441,20220120-122427
1642678303.56,6.519999980926514,4,326,1,1,0.1765083781817849,0.537021398544,0.134883819957211,6.07072469482,167.926598662,-14.4204950212,1,0.2313213327408648,-0.11292560257939441,20220120-122427
1642678303.58,6.539999961853027,4,327,1,1,0.1793289416277123,0.542495369911,0.1344346998108639,7.73682301919,167.816287072,-12.2281532841,1,0.2313213327408648,-0.11292560257939441,20220120-122427
1642678303.6,6.559999942779541,4,328,1,1,0.1822064276131086,0.549165785313,0.1339300028050715,8.63667408515,166.529079436,-9.74807674642,1,0.2313213327408648,-0.11292560257939441,20220120-122427
1642678303.62,6.579999923706055,4,329,1,1,0.1851983882701798,0.559451073408,0.1328889728756294,11.9787173356,163.750808361,-5.587711643855,1,0.2313213327408648,-0.11292560257939441,20220120-122427
1642678303.64,6.6000001430511475,4,330,1,1,0.186423324990531,0.5659382641315001,0.1321219435043473,14.2198523729,162.7391913555,-3.620190035165,1,0.2313213327408648,-0.11292560257939441,20220120-122427
1642678303.66,6.620000123977661,4,331,1,1,0.1878864986106473,0.575505971909,0.1313660336798612,9.79124219261,162.945548813,-3.88188383368,1,0.2313213327408648,-0.11292560257939441,20220120-122427
1642678303.68,6.640000104904175,4,332,1,1,0.1874848069388525,0.579065859318,0.1312550522858736,7.79628331851,162.502863985,-4.33473953656,1,0.2313213327408648,-0.11292560257939441,20220120-122427
1642678303.7,6.6600000858306885,4,333,1,1,0.1860437272990524,0.5934609472755,0.1300038202581117,5.34936252844,162.59822336899998,-5.573894014495,1,0.2313213327408648,-0.11292560257939441,20220120-122427
1642678303.72,6.680000066757202,4,334,1,1,0.1860433106874337,0.600688368082,0.1283894522965237,5.438092629170001,163.610318034,-5.12922067123,1,0.2313213327408648,-0.11292560257939441,20220120-122427
1642678303.74,6.700000047683716,4,335,1,1,0.1861929269782,0.608352303505,0.1262032545623887,4.90480935869,164.165427751,-3.18454472027,1,0.2313213327408648,-0.11292560257939441,20220120-122427
1642678303.76,6.7200000286102295,4,336,1,1,0.1856803879720741,0.615990400314,0.1236535732936433,4.85871643176,162.600921764,-0.742350015914,1,0.2313213327408648,-0.11292560257939441,20220120-122427
1642678303.78,6.740000009536743,4,337,1,1,0.1866476608309113,0.622718214989,0.1205063722087668,2.37322377967,161.213328786,-1.67867323722,1,0.2313213327408648,-0.11292560257939441,20220120-122427
1642678303.8,6.759999990463257,4,338,1,1,0.1860496019282769,0.629394888878,0.1182830758915889,4.14327320896,159.680930708,0.0405475913026,1,0.2313213327408648,-0.11292560257939441,20220120-122427
1642678303.82,6.7799999713897705,4,339,1,1,0.185665547553813,0.6399677693845001,0.1150172346334386,8.215862699355,160.0677848405,4.288041378985,1,0.2313213327408648,-0.11292560257939441,20220120-122427
1642678303.84,6.799999952316284,4,340,1,1,0.1856078586655201,0.6472661197185,0.1125185117125495,7.806361144495,159.9743214175,4.50459120347,1,0.2313213327408648,-0.11292560257939441,20220120-122427
1642678303.86,6.819999933242798,4,341,1,1,0.1860391839162662,0.655300498009,0.1086909803160339,4.79904881538,159.465618024,1.9094217609,1,0.2313213327408648,-0.11292560257939441,20220120-122427
1642678303.88,6.840000152587891,4,342,1,1,0.1857311138809579,0.660102963448,0.1060874129066666,4.78593077533,158.736192322,4.20184224689,1,0.2313213327408648,-0.11292560257939441,20220120-122427
1642678303.9,6.860000133514404,4,343,1,1,0.185053274047782,0.666261315346,0.1011066873847973,4.88706768432,157.338156387,7.058001823075,1,0.2313213327408648,-0.11292560257939441,20220120-122427
1642678303.92,6.880000114440918,4,344,1,1,0.1848815523459105,0.6696937084200001,0.0980158053248962,2.867409765925,156.09984324750002,7.992002987455,1,0.2313213327408648,-0.11292560257939441,20220120-122427
1642678303.94,6.900000095367432,4,345,1,1,0.1824023035444653,0.671208381653,0.0945365449632146,5.73078622641,152.829055084,8.09707811301,1,0.2313213327408648,-0.11292560257939441,20220120-122427
1642678303.96,6.920000076293945,4,346,1,1,0.1796023480102715,0.673240065575,0.0910527550664548,4.9179848621,149.235396827,7.99583482537,1,0.2313213327408648,-0.11292560257939441,20220120-122427
1642678303.98,6.940000057220459,4,347,1,1,0.1772288418184422,0.673447608948,0.0890238425505544,4.04755207659,146.336639499,7.12651013963,1,0.2313213327408648,-0.11292560257939441,20220120-122427
1642678304.0,6.960000038146973,4,348,1,1,0.1727635190149964,0.6728790700439999,0.0861702958885836,3.817380231915,140.675286125,6.515158068535,1,0.2313213327408648,-0.11292560257939441,20220120-122427
1642678304.02,6.980000019073486,4,349,1,1,0.1677264584562545,0.671057313681,0.0829254900878604,3.726470869485,134.2916591,4.640423561695,1,0.2313213327408648,-0.11292560257939441,20220120-122427
1642678304.04,7.0,4,350,1,1,0.1636838685957447,0.668562978506,0.0801815627790387,2.402860025781,129.02242185749998,1.350840499702,1,0.2313213327408648,-0.11292560257939441,20220120-122427
1642678304.06,7.019999980926514,4,351,1,1,0.1569305110575088,0.66413629055,0.0746922893554278,2.7762403708,121.402573721,-2.87530977959,1,0.2313213327408648,-0.11292560257939441,20220120-122427
1642678304.08,7.039999961853027,4,352,1,1,0.1538236313849536,0.661856532097,0.0720553499687323,-0.945090108317,117.647066154,-4.89942922933,1,0.2313213327408648,-0.11292560257939441,20220120-122427
1642678304.1,7.059999942779541,4,353,1,1,0.1502836840876611,0.659665465355,0.0672395011578911,0.67491907006,115.373405947,-5.2934160684,1,0.2313213327408648,-0.11292560257939441,20220120-122427
1642678304.12,7.079999923706055,4,354,1,1,0.1473164096028204,0.657437890768,0.0597104435077517,-1.237421480523,110.3894641645,-5.64309006023,1,0.2313213327408648,-0.11292560257939441,20220120-122427
1642678304.14,7.1000001430511475,4,355,1,1,0.1449484237819496,0.656106770039,0.0503478110070843,-2.45043430808,102.752856165,-4.2687853658,1,0.2313213327408648,-0.11292560257939441,20220120-122427
1642678304.16,7.120000123977661,4,356,1,1,0.1442116045983,0.65436065197,0.0428943193111475,-1.1911917952,97.6222866397,-4.67714654205,1,0.2313213327408648,-0.11292560257939441,20220120-122427
1642678304.18,7.140000104904175,4,357,1,1,0.1438396949069204,0.653245449066,0.0362072272365266,-0.829329156068,93.0169956875,-4.76535408827,1,0.2313213327408648,-0.11292560257939441,20220120-122427
1642678304.2,7.1600000858306885,4,358,1,1,0.1440534943224206,0.6519757211205,0.0258593000536192,-2.397012300125,86.47031681154999,-5.036175098245,1,0.2313213327408648,-0.11292560257939441,20220120-122427
1642678304.22,7.180000066757202,4,359,1,1,0.1446240566787653,0.6513315439225,0.0204281399005774,-3.1989623385600003,83.1127500248,-5.25324701129,1,0.2313213327408648,-0.11292560257939441,20220120-122427
1642678304.24,7.200000047683716,4,360,1,1,0.1461151242555653,0.651084065437,0.0115802087836867,-4.19052757449,78.5605509232,-4.22797290554,1,0.2313213327408648,-0.11292560257939441,20220120-122427
1642678304.26,7.2200000286102295,4,361,1,1,0.1474062017584015,0.65132445097,0.0049780435956433,-4.7660372521,76.2511405918,-3.64240929789,1,0.2313213327408648,-0.11292560257939441,20220120-122427
1642678304.28,7.240000009536743,4,362,1,1,0.1496686739432093,0.651247739792,-0.0055891746196462,-4.97815563961,72.5204857286,-3.71571715967,1,0.2313213327408648,-0.11292560257939441,20220120-122427
1642678304.3,7.259999990463257,4,363,1,1,0.1506788425513213,0.650496780872,-0.0126245458310621,-5.22173258295,70.8937729472,-3.2016476344,1,0.2313213327408648,-0.11292560257939441,20220120-122427
1642678304.32,7.2799999713897705,4,364,1,1,0.1503461675649738,0.648262798786,-0.0219655915541657,-5.637919248959999,69.8367156006,-3.1406261972,1,0.2313213327408648,-0.11292560257939441,20220120-122427
1642678304.34,7.299999952316284,4,365,1,1,0.1492901582240806,0.646549344063,-0.0275949579675321,-5.998494445265,69.43918054024999,-2.847630105385,1,0.2313213327408648,-0.11292560257939441,20220120-122427
1642678304.36,7.319999933242798,4,366,1,1,0.1478527505395866,0.642579615116,-0.0369485794486738,-5.86947124227,66.1360775761,-3.31445215383,1,0.2313213327408648,-0.11292560257939441,20220120-122427
1642678304.38,7.340000152587891,4,367,1,1,0.1473092131009068,0.63865339756,-0.0430820680247589,-6.50367410901,61.0887329165,-7.4282738726,1,0.2313213327408648,-0.11292560257939441,20220120-122427
1642678304.4,7.360000133514404,4,368,1,1,0.1467505695546112,0.63545769453,-0.0492896554524176,-4.30020538577,55.9504577114,-9.8381457481,1,0.2313213327408648,-0.11292560257939441,20220120-122427
1642678304.42,7.380000114440918,4,369,1,1,0.1459391935782163,0.6332427263260001,-0.0553247072659939,-3.42826988557,51.03702693045,-11.7411307277,1,0.2313213327408648,-0.11292560257939441,20220120-122427
1642678304.44,7.400000095367432,4,370,1,1,0.1463989813535883,0.631553769112,-0.0627581452043032,-1.73820967745,47.8759937977,-11.2973352115,1,0.2313213327408648,-0.11292560257939441,20220120-122427
1642678304.46,7.420000076293945,4,371,1,1,0.1473890085317151,0.632088184357,-0.0656298509972057,-2.33531294024,46.9628165343,-9.03005940342,1,0.2313213327408648,-0.11292560257939441,20220120-122427
1642678304.48,7.440000057220459,4,372,1,1,0.14922114941195,0.633477807045,-0.0675990117200084,-2.65371306264,46.15171807,-6.54408600866,1,0.2313213327408648,-0.11292560257939441,20220120-122427
1642678304.5,7.460000038146973,4,373,1,1,0.1531587872107122,0.6359379887579999,-0.068930149189649,-2.46485356604,44.5583589512,-4.85620226328,1,0.2313213327408648,-0.11292560257939441,20220120-122427
1642678304.52,7.480000019073486,4,374,1,1,0.1555783924720045,0.6370610296725,-0.0698366543287609,-1.773333157815,43.08053619315,-4.147678433685,1,0.2313213327408648,-0.11292560257939441,20220120-122427
1642678304.54,7.5,4,375,1,1,0.1589952065466866,0.6383723318575001,-0.0714350460693887,-1.413105449245,40.1075430146,-3.13804140099,1,0.2313213327408648,-0.11292560257939441,20220120-122427
1642678304.56,7.519999980926514,4,376,1,1,0.1634638843539024,0.639779567719,-0.0737128391524708,-0.77121464074,36.4069160504,-2.10653325814,1,0.2313213327408648,-0.11292560257939441,20220120-122427
1642678304.58,7.539999961853027,4,377,1,1,0.1689304908447483,0.641322016716,-0.0776699210874624,-1.15322677416,32.6234821027,-1.7846690165,1,0.2313213327408648,-0.11292560257939441,20220120-122427
1642678304.6,7.559999942779541,4,378,1,1,0.1733000744412826,0.641905248165,-0.0814260703703256,-1.84348591793,29.071791281,-2.413982118,1,0.2313213327408648,-0.11292560257939441,20220120-122427
